Ticker,Company Name,Weighted Sharpe,Weighted Sortino,1-Year ROC %,Weighted ROC %,Sharpe + ROC Blend,Sortino + ROC Blend,Master Blend,1-Year Max Drawdown %,Last Close,200-Day MA,Trend Check,Alpha (1Y),Beta (1Y),Dist. from 52W High %,Avg Turnover (Cr),14-Day RSI
20MICRONS,20 Microns Limited,0.88,1.1,-2.55,12.53,1.07,1.18,1.08,-39.67,207.26,187.61,Pass (Up),19.38,1.36,-7.8,3.86,49.69
21STCENMGM,21st Century Management Services Limited,1.77,1.68,-25.62,11.2,1.44,1.4,1.52,-45.77,38.0,37.39,Pass (Up),-25.02,0.22,-27.95,0.03,45.37
360ONE,360 ONE WAM LIMITED,-0.23,-0.22,1.43,-3.66,-0.3,-0.29,-0.27,-22.57,1040.0,1103.23,Fail (Down),18.65,1.38,-14.05,123.48,50.19
3IINFOLTD,3i Infotech Limited,1.94,2.14,4.03,31.65,2.55,2.65,2.42,-42.55,22.45,18.17,Pass (Up),17.64,0.67,-18.66,1.87,50.54
3MINDIA,3M India Limited,-0.51,-0.46,7.23,-4.19,-0.47,-0.44,-0.46,-22.25,30795.0,33456.31,Fail (Down),20.97,0.92,-16.99,15.2,51.0
3PLAND,3P Land Holdings Limited,-0.71,-0.72,-28.1,-11.64,-0.94,-0.94,-0.87,-35.4,31.12,33.24,Fail (Down),-22.41,0.66,-30.0,0.02,45.2
5PAISA,5Paisa Capital Limited,-0.49,-0.49,-9.41,-6.73,-0.58,-0.58,-0.55,-35.79,316.35,335.55,Fail (Down),10.07,1.16,-22.0,2.14,48.99
63MOONS,63 moons technologies limited,1.28,1.49,-5.69,20.79,1.68,1.79,1.62,-48.2,802.25,695.08,Pass (Up),25.66,1.85,-13.67,70.37,49.41
A2ZINFRA,A2Z Infra Engineering Limited,0.06,0.1,-16.3,-5.65,-0.25,-0.23,-0.13,-35.89,14.38,15.19,Fail (Down),4.69,1.15,-23.55,0.55,48.45
AAATECH,AAA Technologies Limited,0.12,0.15,6.84,-3.39,-0.11,-0.1,-0.02,-34.0,92.74,95.68,Fail (Down),26.04,0.61,-25.27,0.5,50.58
AADHARHFC,Aadhar Housing Finance Limited,-1.49,-1.38,-12.08,-11.89,-1.34,-1.28,-1.35,-22.28,448.4,481.57,Fail (Down),-2.42,0.75,-19.42,16.84,47.93
AAKASH,Aakash Exploration Services Limited,-0.01,0.01,-12.85,-3.89,-0.2,-0.19,-0.13,-33.53,8.34,8.75,Fail (Down),0.82,0.35,-29.92,0.12,48.24
AAREYDRUGS,Aarey Drugs & Pharmaceuticals Limited,2.31,2.5,23.78,46.16,3.46,3.56,3.14,-48.87,103.85,78.67,Pass (Up),47.66,1.35,0.0,1.4,52.09
AARON,Aaron Industries Limited,-0.1,-0.08,-33.58,-10.66,-0.58,-0.57,-0.42,-50.0,123.11,138.68,Fail (Down),-21.14,1.05,-43.46,0.4,45.57
AARTECH,Aartech Solonics Limited,0.49,0.65,-8.04,-2.09,0.14,0.22,0.31,-44.7,47.92,46.93,Pass (Up),24.27,1.52,-23.67,0.52,49.29
AARTIDRUGS,Aarti Drugs Limited,1.07,1.17,-13.28,7.5,0.91,0.96,1.0,-38.72,421.0,387.99,Pass (Up),-1.95,0.83,-19.32,8.82,47.76
AARTIIND,Aarti Industries Limited,0.36,0.44,22.77,9.12,0.63,0.67,0.57,-16.61,465.1,453.94,Pass (Up),42.79,1.53,-14.2,53.02,52.44
AARTIPHARM,Aarti Pharmalabs Limited,1.84,2.75,17.34,35.79,2.71,3.16,2.72,-31.42,968.5,733.17,Pass (Up),37.52,1.15,-0.44,66.68,51.97
AARTISURF,Aarti Surfactants Limited,1.39,1.94,7.55,28.76,2.13,2.41,2.07,-34.62,498.5,422.13,Pass (Up),33.4,1.34,-24.16,2.27,50.76
AARVI,Aarvi Encon Limited,0.29,0.35,13.1,5.47,0.42,0.45,0.39,-17.08,137.12,134.2,Pass (Up),30.76,0.99,-14.13,0.57,51.35
AAVAS,Aavas Financiers Limited,-1.35,-1.37,-27.29,-15.06,-1.43,-1.44,-1.41,-38.15,1190.9,1354.53,Fail (Down),-19.67,0.87,-31.42,13.22,45.44
ABAN,Aban Offshore Limited,-0.55,-0.46,-63.35,-19.52,-1.25,-1.21,-0.99,-68.89,15.36,18.28,Fail (Down),-92.96,-0.04,-63.74,0.07,37.93
ABB,ABB India Limited,0.63,0.65,34.83,12.47,0.94,0.95,0.84,-16.56,6900.0,6517.92,Pass (Up),44.89,1.0,-10.51,202.5,54.32
ABBOTINDIA,Abbott India Limited,0.63,0.84,-8.1,1.49,0.39,0.49,0.54,-16.77,26840.0,26405.01,Pass (Up),-4.22,0.25,-9.21,27.06,48.03
ABCAPITAL,Aditya Birla Capital Limited,0.14,0.2,25.08,3.53,0.25,0.28,0.23,-19.72,375.05,364.98,Pass (Up),44.21,1.68,-11.69,131.79,52.8
ABCOTS,A B Cotspin India Limited,-2.0,-2.25,-56.74,-37.31,-2.86,-2.99,-2.66,-57.42,189.91,298.21,Fail (Down),-71.64,0.27,-57.42,0.38,39.49
ABDL,Allied Blenders and Distillers Limited,0.84,1.11,29.28,24.29,1.64,1.77,1.46,-43.82,679.45,560.55,Pass (Up),44.69,1.02,-6.08,40.82,52.87
ABFRL,Aditya Birla Fashion and Retail Limited,-2.68,-2.64,-48.45,-31.12,-2.9,-2.87,-2.81,-49.39,44.53,62.07,Fail (Down),-46.28,1.54,-49.39,30.01,42.82
ABINFRA,A B Infrabuild Limited,0.2,0.26,-35.98,-9.43,-0.37,-0.34,-0.16,-58.16,12.56,14.47,Fail (Down),-23.79,0.99,-42.04,5.11,45.81
ABLBL,Aditya Birla Lifestyle Brands Limited,-2.92,-3.1,-44.11,-28.71,-2.9,-2.99,-2.97,-49.4,74.44,99.74,Fail (Down),-40.88,1.34,-49.4,11.04,42.96
ABMINTLLTD,ABM International Limited,0.56,0.77,12.08,8.0,0.68,0.79,0.71,-39.36,45.2,44.87,Pass (Up),39.15,0.6,-34.84,0.01,50.72
ABREL,Aditya Birla Real Estate Limited,-1.67,-1.6,-33.11,-22.6,-1.97,-1.93,-1.85,-42.08,1100.5,1357.24,Fail (Down),-18.09,1.61,-41.68,23.49,45.81
ABSLAMC,Aditya Birla Sun Life AMC Limited,-0.11,-0.05,27.12,3.53,0.12,0.15,0.06,-18.28,991.7,966.12,Pass (Up),41.61,1.04,-15.22,25.77,52.55
ACC,ACC Limited,-2.21,-2.22,-34.92,-20.42,-2.12,-2.13,-2.16,-37.84,1182.8,1434.63,Fail (Down),-29.56,1.23,-37.84,20.26,41.82
ACCELYA,Accelya Solutions India Limited,-0.45,-0.47,-21.75,-6.6,-0.56,-0.56,-0.53,-27.5,1094.2,1167.94,Fail (Down),-15.9,0.69,-22.57,0.78,44.6
ACCURACY,Accuracy Shipping Limited,-1.53,-1.34,-41.25,-18.85,-1.71,-1.61,-1.58,-50.64,4.13,5.01,Fail (Down),-29.44,1.51,-41.25,0.03,43.75
ACE,Action Construction Equipment Limited,1.91,2.35,13.55,27.4,2.32,2.55,2.33,-32.95,1212.3,961.03,Pass (Up),28.21,1.0,-3.32,53.46,51.87
ACEINTEG,Ace Integrated Solutions Limited,-1.01,-0.98,-28.46,-16.58,-1.33,-1.32,-1.21,-40.8,17.14,19.31,Fail (Down),-13.51,0.88,-33.46,0.01,46.8
ACI,Archean Chemical Industries Limited,-0.95,-0.91,-31.13,-16.35,-1.29,-1.27,-1.17,-34.0,475.05,542.63,Fail (Down),-28.78,0.43,-31.13,18.84,44.97
ACL,Andhra Cements Limited,-2.78,-2.44,-52.25,-26.84,-2.73,-2.56,-2.64,-54.03,39.33,53.44,Fail (Down),-61.66,0.78,-54.03,0.07,41.05
ACMESOLAR,Acme Solar Holdings Limited,2.01,2.5,50.17,45.65,3.29,3.53,3.02,-31.48,432.55,310.5,Pass (Up),51.14,0.26,-5.69,89.99,55.5
ACUTAAS,Acutaas Chemicals Limited,0.92,0.95,131.55,38.55,2.39,2.4,1.91,-17.53,3196.5,2689.54,Pass (Up),103.8,0.79,-13.42,111.97,56.92
ADANIENSOL,Adani Energy Solutions Limited,-0.07,0.11,47.98,9.08,0.42,0.51,0.32,-26.05,1326.4,1292.07,Pass (Up),62.15,1.48,-23.84,427.13,54.07
ADANIENT,Adani Enterprises Limited,0.42,0.55,8.69,13.22,0.87,0.93,0.76,-32.16,2816.8,2579.52,Pass (Up),30.53,1.61,-12.31,467.84,51.2
ADANIGREEN,Adani Green Energy Limited,-0.03,0.12,19.86,7.34,0.35,0.43,0.28,-32.22,1276.1,1203.92,Pass (Up),43.37,1.67,-20.47,266.93,52.07
ADANIPORTS,Adani Ports and Special Economic Zone Limited,0.47,0.53,22.66,9.63,0.72,0.75,0.66,-16.98,1737.8,1629.05,Pass (Up),38.25,1.35,-7.72,364.2,53.15
ADANIPOWER,Adani Power Limited,0.17,0.28,28.65,10.11,0.59,0.65,0.49,-22.15,196.21,188.85,Pass (Up),41.87,1.04,-21.17,444.71,53.06
ADFFOODS,ADF Foods Limited,0.69,0.9,28.22,22.57,1.47,1.58,1.28,-31.9,281.4,244.92,Pass (Up),48.65,1.27,-11.98,4.38,52.7
ADL,Archidply Decor Limited,0.55,0.62,-12.35,4.6,0.51,0.54,0.54,-43.83,72.52,72.13,Pass (Up),8.29,0.87,-22.45,0.01,48.86
ADOR,Ador Welding Limited,2.42,2.99,62.08,51.49,3.78,4.07,3.52,-28.61,1570.4,1190.41,Pass (Up),67.86,1.18,-9.24,8.89,55.89
ADROITINFO,Adroit Infotech Limited,2.62,3.08,31.26,48.12,3.72,3.95,3.5,-30.31,13.94,9.82,Pass (Up),44.56,0.84,-4.98,0.11,53.54
ADSL,Allied Digital Services Limited,-0.47,-0.76,-40.83,-13.99,-0.93,-1.08,-0.88,-56.66,106.38,117.76,Fail (Down),-25.55,1.73,-46.36,2.89,44.25
ADVANCE,Advance Agrolife Limited,0.52,0.72,7.8,8.37,0.68,0.78,0.69,-42.43,116.75,114.41,Pass (Up),40.28,1.79,-20.89,4.4,50.62
ADVANIHOTR,Advani Hotels & Resorts (India) Limited,-1.41,-1.27,-17.82,-12.03,-1.3,-1.24,-1.29,-22.86,46.98,52.37,Fail (Down),-8.68,0.79,-21.9,0.13,46.58
ADVENTHTL,Advent Hotels International Limited,-1.42,-1.58,-62.34,-27.79,-2.1,-2.18,-1.93,-63.21,123.77,162.74,Fail (Down),-63.41,2.09,-62.34,2.47,40.33
ADVENZYMES,Advanced Enzyme Technologies Limited,-0.86,-0.73,-16.94,-10.82,-0.97,-0.91,-0.89,-29.75,274.25,312.52,Fail (Down),-1.81,1.03,-29.75,7.64,47.8
AEGISLOG,Aegis Logistics Limited,1.68,2.16,78.93,67.35,4.21,4.45,3.53,-33.27,1401.1,926.64,Pass (Up),82.89,1.26,-5.71,167.41,56.09
AEGISVOPAK,Aegis Vopak Terminals Limited,1.1,1.25,11.33,19.87,1.54,1.62,1.44,-44.1,290.75,235.47,Pass (Up),36.51,1.48,-8.66,54.04,51.13
AEQUS,Aequs Limited,2.18,3.22,81.8,69.52,4.57,5.09,4.12,-27.51,275.05,188.28,Pass (Up),101.9,0.65,-1.59,128.9,56.88
AEROENTER,Aeroflex Enterprises Limited,0.83,0.98,38.94,29.81,1.91,1.98,1.6,-29.94,121.93,102.56,Pass (Up),63.65,1.48,-21.2,10.23,52.78
AEROFLEX,Aeroflex Industries Limited,1.93,2.22,198.86,93.04,5.62,5.76,4.48,-22.81,521.35,349.5,Pass (Up),146.89,1.73,-9.09,69.46,57.7
AERONEU,Aeroflex Neu Limited,-0.71,-0.97,-21.63,-14.65,-1.09,-1.22,-1.05,-37.54,70.56,79.64,Fail (Down),-5.57,0.51,-32.14,0.42,47.84
AETHER,Aether Industries Limited,2.4,2.96,121.96,51.95,3.8,4.08,3.52,-16.03,1670.0,1236.53,Pass (Up),97.61,0.82,-5.49,53.68,59.14
AFCONS,Afcons Infrastructure Limited,-1.94,-2.04,-46.27,-26.57,-2.3,-2.35,-2.21,-47.59,242.39,308.99,Fail (Down),-51.03,0.73,-47.59,52.02,41.72
AFFLE,Affle 3i Limited,-0.01,0.01,-26.22,-6.25,-0.32,-0.31,-0.21,-35.51,1449.6,1537.31,Fail (Down),-20.24,0.56,-26.32,57.73,45.79
AFFORDABLE,Affordable Robotic & Automation Limited,0.14,0.15,-30.79,-6.98,-0.28,-0.27,-0.14,-57.44,168.11,177.79,Fail (Down),-13.37,1.31,-40.81,0.36,46.42
AFIL,Akme Fintrade (India) Limited,-0.92,-1.09,-14.84,-6.89,-0.81,-0.89,-0.9,-47.64,7.86,8.32,Fail (Down),4.06,1.06,-27.96,0.58,48.31
AFSL,Abans Financial Services Limited,0.07,0.07,-2.33,-0.51,0.01,0.01,0.03,-7.26,201.0,202.1,Fail (Down),0.3,0.12,-7.26,0.26,49.1
AGARIND,Agarwal Industrial Corporation Limited,-1.72,-1.78,-59.02,-23.9,-2.06,-2.09,-1.97,-61.81,386.0,514.94,Fail (Down),-64.5,1.41,-59.02,5.11,40.07
AGARWALEYE,Dr. Agarwal's Health Care Limited,0.53,0.55,-3.11,3.43,0.44,0.45,0.48,-25.5,486.45,472.32,Pass (Up),3.27,0.3,-13.24,53.54,49.48
AGI,AGI Greenpac Limited,1.31,1.96,-7.7,19.92,1.65,1.97,1.75,-47.12,790.8,648.46,Pass (Up),13.96,1.37,-9.92,12.51,48.91
AGIIL,Agi Infra Limited,-2.03,-1.9,-5.59,-18.4,-1.93,-1.87,-1.92,-37.92,260.0,312.92,Fail (Down),18.75,1.1,-37.92,50.39,49.52
AGRITECH,Agri-Tech (India) Limited,-2.04,-1.98,-33.3,-24.78,-2.26,-2.23,-2.17,-48.0,89.96,118.22,Fail (Down),-19.25,0.74,-48.0,0.03,46.39
AGROPHOS,Agro Phos India Limited,-2.05,-1.99,-46.19,-31.92,-2.62,-2.59,-2.41,-51.18,23.0,31.46,Fail (Down),-41.98,1.25,-48.3,0.05,43.49
AGSTRA,AGS Transact Technologies Limited,-0.39,-0.33,-34.87,-13.14,-0.85,-0.82,-0.68,-64.54,2.54,2.86,Fail (Down),-30.92,0.45,-52.35,0.03,45.52
AHCL,Anlon Healthcare Limited,3.73,5.16,153.24,134.52,8.59,9.3,7.45,-35.83,32.86,14.86,Pass (Up),113.21,0.43,-9.7,46.91,60.93
AHLADA,Ahlada Engineers Limited,-0.32,-0.38,-38.88,-13.67,-0.84,-0.87,-0.69,-48.83,37.06,42.49,Fail (Down),-29.18,1.04,-40.86,0.06,44.49
AHLEAST,Asian Hotels (East) Limited,-0.69,-0.75,-8.64,-7.16,-0.7,-0.73,-0.72,-21.47,136.0,147.78,Fail (Down),0.07,0.48,-20.03,0.04,48.77
AHLUCONT,Ahluwalia Contracts (India) Limited,-2.63,-2.15,-43.22,-35.0,-3.07,-2.82,-2.76,-47.74,555.9,795.26,Fail (Down),-41.25,0.95,-47.18,4.86,43.99
AHLWEST,Asian Hotels (West) Limited,2.36,2.66,271.18,154.05,8.88,9.03,6.81,-29.43,535.05,375.82,Pass (Up),145.01,0.25,-25.24,0.04,61.37
AIAENG,AIA Engineering Limited,-1.04,-0.98,18.2,-5.55,-0.8,-0.77,-0.86,-24.82,3824.4,4119.62,Fail (Down),28.43,0.69,-24.45,26.55,52.06
AIIL,Authum Investment & Infrastructure Limited,0.59,0.77,-12.63,4.76,0.53,0.62,0.61,-39.32,539.3,520.51,Pass (Up),16.21,1.79,-19.25,28.03,48.66
AIRAN,Airan Limited,-0.13,-0.18,-39.3,-7.45,-0.44,-0.46,-0.35,-50.08,15.6,16.23,Fail (Down),-28.2,1.16,-39.3,0.13,43.98
AIROLAM,Airo Lam limited,-0.02,0.0,-18.15,-2.79,-0.15,-0.14,-0.1,-29.49,89.58,89.52,Pass (Up),-7.74,0.61,-19.88,0.03,47.19
AJANTPHARM,Ajanta Pharma Limited,1.76,2.05,52.38,23.47,2.06,2.2,2.05,-13.16,3581.0,3089.38,Pass (Up),51.62,0.55,-3.69,32.62,56.93
AJAXENGG,Ajax Engineering Limited,1.0,1.17,-10.3,12.88,1.14,1.23,1.15,-39.79,586.4,544.21,Pass (Up),6.47,1.14,-12.62,6.08,48.47
AJMERA,Ajmera Realty & Infra India Limited,-0.6,-0.55,-39.87,-14.31,-1.02,-0.99,-0.86,-53.37,119.6,131.68,Fail (Down),-23.09,1.88,-43.73,4.02,44.71
AJOONI,Ajooni Biotech Limited,-1.47,-1.72,-41.06,-24.42,-1.96,-2.08,-1.88,-41.06,3.1,4.05,Fail (Down),-36.58,0.91,-41.06,0.13,44.17
AKASH,Akash Infra-Projects Limited,-0.21,-0.2,-14.11,-4.48,-0.33,-0.32,-0.29,-32.18,24.95,25.99,Fail (Down),2.6,0.67,-26.81,0.02,48.33
AKG,Akg Exim Limited,-0.38,-0.35,-27.16,-13.69,-0.87,-0.86,-0.7,-42.42,9.71,11.2,Fail (Down),-16.17,0.58,-33.67,0.04,46.36
AKI,AKI India Limited,1.03,1.67,-31.86,15.59,1.29,1.61,1.42,-57.48,6.16,5.32,Pass (Up),-10.32,1.13,-33.19,0.17,45.75
AKSHAR,Akshar Spintex Limited,-0.56,-0.4,-30.51,-15.93,-1.08,-1.0,-0.85,-49.32,0.41,0.45,Fail (Down),-21.18,0.74,-43.84,0.04,44.94
AKSHARCHEM,AksharChem India Limited,3.01,3.62,42.07,72.99,5.15,5.46,4.64,-48.94,379.1,245.62,Pass (Up),56.38,0.84,-18.18,0.42,53.96
AKSHOPTFBR,Aksh Optifibre Limited,1.01,1.16,-6.36,17.97,1.4,1.48,1.32,-53.84,7.07,6.17,Pass (Up),15.29,0.63,-19.57,0.22,49.41
AKUMS,Akums Drugs and Pharmaceuticals Limited,2.91,3.75,81.04,54.25,4.17,4.59,4.03,-12.11,813.1,575.58,Pass (Up),75.56,0.97,-1.24,26.75,58.53
ALANKIT,Alankit Limited,-0.95,-1.08,-41.06,-15.99,-1.27,-1.34,-1.21,-47.46,7.65,8.69,Fail (Down),-37.49,1.08,-41.06,0.09,42.6
ALBERTDAVD,Albert David Limited,1.64,2.37,11.13,22.72,1.96,2.32,2.1,-33.52,856.7,733.12,Pass (Up),22.66,0.66,-4.66,0.9,51.67
ALEMBICLTD,Alembic Limited,1.41,1.79,3.34,15.58,1.49,1.67,1.59,-31.46,104.11,90.55,Pass (Up),21.45,1.37,-6.55,12.79,50.51
ALICON,Alicon Castalloy Limited,1.65,2.81,4.12,28.89,2.27,2.85,2.45,-40.42,871.95,704.53,Pass (Up),25.61,1.25,-10.75,5.18,50.51
ALIVUS,Alivus Life Sciences Limited,2.01,2.68,46.97,32.9,2.65,2.99,2.66,-11.01,1374.2,1084.06,Pass (Up),48.99,0.58,-4.81,20.96,56.41
ALKALI,Alkali Metals Limited,0.87,1.5,-3.58,15.81,1.22,1.54,1.32,-53.89,87.1,72.69,Pass (Up),23.65,1.09,-15.6,0.33,49.61
ALKEM,Alkem Laboratories Limited,-0.47,-0.47,-3.44,-4.23,-0.45,-0.44,-0.45,-12.77,5220.0,5462.95,Fail (Down),5.5,0.7,-10.5,75.25,49.32
ALKYLAMINE,Alkyl Amines Chemicals Limited,0.44,0.62,-7.81,7.85,0.61,0.7,0.61,-36.13,1741.4,1670.13,Pass (Up),13.92,1.47,-16.66,23.02,48.98
ALLCARGO,Allcargo Logistics Limited,0.92,1.44,-68.41,7.71,0.85,1.1,1.04,-79.83,10.12,9.48,Pass (Up),-53.82,1.0,-71.57,22.78,38.11
ALLDIGI,Alldigi Tech Limited,-0.2,-0.26,-13.38,-3.76,-0.29,-0.32,-0.28,-26.01,756.35,788.98,Fail (Down),-2.64,0.79,-17.52,0.8,47.74
ALLTIME,All Time Plastics Limited,-1.85,-1.85,-31.11,-22.72,-2.06,-2.06,-1.99,-39.25,188.04,230.21,Fail (Down),-11.12,1.77,-39.1,1.99,46.41
ALMONDZ,Almondz Global Securities Limited,1.54,2.04,4.37,28.12,2.18,2.42,2.13,-40.74,19.11,15.25,Pass (Up),36.47,1.53,-10.62,0.48,50.4
ALOKINDS,Alok Industries Limited,-3.7,-3.15,-59.52,-49.51,-4.32,-4.05,-3.93,-60.61,7.06,12.8,Fail (Down),-70.66,1.53,-60.56,13.61,40.0
ALPA,Alpa Laboratories Limited,-0.81,-0.75,-33.3,-15.09,-1.16,-1.13,-1.02,-49.51,59.26,67.16,Fail (Down),-21.69,1.07,-35.59,0.12,45.1
ALPHAGEO,Alphageo (India) Limited,1.12,1.74,4.65,20.63,1.59,1.9,1.64,-37.01,258.2,226.23,Pass (Up),27.5,0.95,-25.55,1.07,50.47
AMANTA,Amanta Healthcare Limited,2.08,2.63,39.65,46.28,3.35,3.63,3.11,-31.02,190.4,138.08,Pass (Up),49.54,0.74,-7.52,1.17,53.97
AMBER,Amber Enterprises India Limited,-0.8,-0.68,-21.13,-9.88,-0.89,-0.83,-0.82,-35.38,6500.0,7250.43,Fail (Down),-3.13,1.35,-26.49,176.38,47.29
AMBICAAGAR,Ambica Agarbathies & Aroma industries Limited,-0.04,-0.06,-6.46,-2.82,-0.16,-0.17,-0.13,-25.54,23.89,24.47,Fail (Down),4.79,0.66,-13.44,0.05,49.09
AMBIKCO,Ambika Cotton Mills Limited,0.14,0.24,7.49,6.23,0.38,0.43,0.34,-21.51,1505.8,1463.04,Pass (Up),23.89,1.11,-19.08,2.53,51.06
AMBUJACEM,Ambuja Cements Limited,-2.13,-2.04,-36.26,-23.06,-2.22,-2.17,-2.16,-36.93,362.25,453.15,Fail (Down),-26.95,1.6,-36.93,86.62,43.16
AMDIND,AMD Industries Limited,0.88,1.17,-7.44,14.6,1.17,1.31,1.17,-43.17,52.09,47.01,Pass (Up),15.6,1.1,-25.2,0.46,49.24
AMJLAND,Amj Land Holdings Limited,-0.23,-0.24,-31.43,-13.95,-0.81,-0.81,-0.62,-44.27,37.02,40.28,Fail (Down),-19.36,1.24,-34.42,0.04,45.33
AMNPLST,Amines & Plasticizers Limited,-0.42,-0.43,-23.4,-6.22,-0.52,-0.53,-0.49,-44.12,165.43,178.39,Fail (Down),-5.93,1.07,-28.02,0.23,47.01
AMRUTANJAN,Amrutanjan Health Care Limited,-0.37,-0.35,-27.51,-9.98,-0.68,-0.68,-0.57,-33.96,513.2,554.85,Fail (Down),-24.89,0.44,-30.17,4.48,44.39
ANANDRATHI,Anand Rathi Wealth Limited,1.59,1.78,47.26,21.02,1.85,1.94,1.82,-11.98,2117.5,1809.99,Pass (Up),46.08,0.43,-5.02,62.16,58.2
ANANTRAJ,Anant Raj Limited,0.75,0.88,-17.2,6.91,0.72,0.79,0.78,-44.85,577.85,545.48,Pass (Up),7.3,1.74,-21.32,157.0,47.84
ANDHRAPAP,ANDHRA PAPER LIMITED,1.17,1.67,-9.04,12.82,1.22,1.48,1.37,-31.51,71.36,64.24,Pass (Up),1.22,0.7,-15.67,9.39,48.31
ANDHRSUGAR,The Andhra Sugars Limited,0.84,1.0,21.95,15.76,1.21,1.29,1.14,-25.09,91.06,82.61,Pass (Up),36.53,0.92,-11.26,7.37,52.42
ANGELONE,Angel One Limited,-0.66,-0.63,29.81,0.81,-0.29,-0.27,-0.4,-24.51,276.8,286.65,Fail (Down),51.09,1.7,-21.74,175.94,52.47
ANIKINDS,Anik Industries Limited,0.12,0.13,-31.39,-3.51,-0.11,-0.11,-0.03,-59.16,44.0,44.82,Fail (Down),-13.96,1.37,-45.33,0.04,46.43
ANKITMETAL,Ankit Metal & Power Limited,2.25,2.33,2.49,33.67,2.81,2.85,2.65,-35.82,2.06,1.62,Pass (Up),12.29,0.24,0.0,0.0,50.31
ANMOL,Anmol India Limited,0.96,1.47,-13.85,12.23,1.09,1.35,1.22,-47.79,13.5,11.76,Pass (Up),5.25,0.86,-19.98,0.21,48.21
ANNAPURNA,Annapurna Swadisht Limited,-0.86,-0.94,-48.55,-21.68,-1.51,-1.56,-1.32,-55.64,128.6,160.01,Fail (Down),-48.06,0.91,-53.77,0.84,43.76
ANSALAPI,Ansal Properties & Infrastructure Limited,3.44,3.36,-12.07,32.51,3.35,3.31,3.35,-45.47,4.08,3.43,Pass (Up),-8.18,0.16,-12.07,0.01,47.91
ANTELOPUS,Antelopus Selan Energy Limited,1.86,2.31,103.1,80.28,4.94,5.17,4.06,-37.52,1106.5,713.41,Pass (Up),95.08,-0.25,-12.3,162.97,55.28
ANTGRAPHIC,Antarctica Limited,-1.06,-1.01,-35.51,-18.07,-1.43,-1.41,-1.29,-38.18,0.69,0.83,Fail (Down),-30.56,0.65,-37.27,0.01,44.89
ANTHEM,Anthem Biosciences Limited,1.57,1.85,11.29,19.26,1.75,1.89,1.78,-26.02,855.75,750.82,Pass (Up),20.36,0.53,-10.65,72.37,51.66
ANUHPHR,Anuh Pharma Limited,0.9,1.18,5.05,12.84,1.09,1.23,1.12,-25.88,85.85,78.28,Pass (Up),18.42,0.73,-11.26,1.17,50.69
ANUP,The Anup Engineering Limited,-2.17,-1.77,-32.13,-23.82,-2.28,-2.07,-2.11,-41.84,1566.7,1922.27,Fail (Down),-15.23,1.57,-36.74,6.61,45.94
ANURAS,Anupam Rasayan India Limited,-0.99,-0.86,9.38,-6.73,-0.83,-0.77,-0.84,-15.53,1163.7,1273.59,Fail (Down),16.01,0.37,-15.32,50.15,51.5
APARINDS,Apar Industries Limited,2.27,2.59,115.55,65.11,4.39,4.55,3.79,-26.38,17648.0,12634.18,Pass (Up),102.0,1.3,-6.85,236.49,57.29
APCL,Anjani Portland Cement Limited,-1.06,-1.07,-28.53,-16.35,-1.35,-1.35,-1.25,-35.14,94.76,114.75,Fail (Down),-18.26,0.9,-34.61,0.07,46.25
APCOTEXIND,Apcotex Industries Limited,1.73,2.42,55.99,42.43,2.99,3.33,2.8,-23.51,593.25,467.64,Pass (Up),63.73,0.95,-12.96,18.36,55.54
APEX,Apex Frozen Foods Limited,-0.51,-0.69,44.95,-5.69,-0.54,-0.63,-0.59,-34.48,326.3,380.66,Fail (Down),79.08,2.14,-34.48,12.13,52.17
APLAPOLLO,APL Apollo Tubes Limited,1.38,1.6,22.69,12.05,1.29,1.4,1.4,-22.73,2115.7,1981.68,Pass (Up),36.07,1.17,-6.88,129.1,53.26
APLLTD,Alembic Pharmaceuticals Limited,0.41,0.39,-8.51,3.05,0.36,0.35,0.37,-32.7,815.25,772.37,Pass (Up),3.26,0.9,-13.88,12.29,48.44
APOLLO,Apollo Micro Systems Limited,0.83,1.1,19.65,37.1,2.27,2.41,1.88,-46.85,394.0,321.45,Pass (Up),49.01,1.65,-12.4,271.02,51.68
APOLLOHOSP,Apollo Hospitals Enterprise Limited,0.01,0.05,9.58,3.7,0.19,0.21,0.14,-15.21,8133.5,8037.06,Pass (Up),16.39,0.54,-10.32,318.88,52.03
APOLLOPIPE,Apollo Pipes Limited,1.18,1.67,49.57,28.72,2.02,2.27,1.91,-27.29,512.6,442.89,Pass (Up),55.7,0.34,-22.77,18.05,54.02
APOLLOTYRE,Apollo Tyres Limited,-0.94,-0.88,-12.35,-10.91,-1.02,-0.99,-0.97,-30.27,404.75,437.53,Fail (Down),1.28,1.14,-23.65,36.28,48.03
APOLSINHOT,Apollo Sindoori Hotels Limited,0.04,0.04,-13.62,-1.11,-0.04,-0.03,-0.01,-29.46,1155.9,1204.06,Fail (Down),-3.1,0.66,-15.93,0.26,47.9
APTECHT,Aptech Limited,-0.8,-0.8,-25.14,-5.95,-0.7,-0.7,-0.73,-42.04,87.03,91.47,Fail (Down),-6.62,1.53,-28.41,0.59,46.22
APTUS,Aptus Value Housing Finance India Limited,-1.18,-0.98,-29.12,-12.73,-1.23,-1.13,-1.14,-39.94,226.4,256.67,Fail (Down),-18.52,1.18,-29.46,34.03,45.43
AQYLON,Aqylon Nexus Limited,-4.44,-4.0,-98.26,-71.96,-5.82,-5.6,-5.21,-99.09,15.46,158.21,Fail (Down),-248.31,0.8,-99.09,7.1,37.69
ARCHIDPLY,Archidply Industries Limited,1.5,1.88,-3.61,25.61,2.03,2.22,1.98,-40.95,101.79,85.92,Pass (Up),15.94,1.09,-10.97,0.37,49.55
ARCHIES,Archies Limited,-1.26,-1.28,-41.1,-17.73,-1.52,-1.53,-1.44,-47.24,12.37,14.78,Fail (Down),-34.81,1.22,-41.1,0.02,43.27
ARE&M,Amara Raja Energy & Mobility Limited,-0.71,-0.88,-23.89,-10.48,-0.88,-0.96,-0.88,-33.47,747.4,847.98,Fail (Down),-12.95,1.05,-25.61,75.74,45.67
ARENTERP,Rajdarshan Industries Limited,0.04,0.06,-24.2,-8.79,-0.42,-0.41,-0.26,-47.37,33.79,39.24,Fail (Down),-0.94,0.82,-43.12,0.05,48.1
ARFIN,Arfin India Limited,0.51,0.56,84.59,14.76,0.99,1.02,0.85,-17.75,87.25,83.97,Pass (Up),79.04,0.91,-12.43,13.32,55.51
ARIES,Aries Agro Limited,2.14,3.43,27.67,38.55,3.0,3.64,3.14,-27.43,477.4,361.4,Pass (Up),43.78,1.1,-4.71,3.04,53.16
ARIHANTCAP,Arihant Capital Markets Limited,1.48,2.08,-21.62,17.47,1.61,1.91,1.77,-50.32,88.59,75.74,Pass (Up),1.92,1.64,-23.9,5.07,46.98
ARIHANTSUP,Arihant Superstructures Limited,-1.04,-1.12,-45.23,-18.73,-1.46,-1.5,-1.35,-55.4,216.63,261.61,Fail (Down),-39.55,1.42,-49.81,0.46,42.78
ARIS,Arisinfra Solutions Limited,1.21,1.31,-10.3,15.92,1.4,1.45,1.37,-52.06,138.66,120.91,Pass (Up),17.61,1.54,-21.03,22.21,48.96
ARKADE,Arkade Developers Limited,-0.02,-0.03,-30.06,-6.17,-0.32,-0.32,-0.22,-45.62,118.69,122.05,Fail (Down),-18.5,1.22,-31.94,6.06,44.93
ARMANFIN,Arman Financial Services Limited,0.56,0.62,16.73,9.26,0.74,0.77,0.7,-23.29,1764.4,1697.55,Pass (Up),35.45,1.17,-14.73,9.48,51.62
AROGRANITE,Aro Granite Industries Limited,-0.83,-0.85,-40.1,-13.65,-1.1,-1.11,-1.02,-50.74,22.35,26.13,Fail (Down),-35.8,0.86,-42.17,0.02,43.97
ARROWGREEN,Arrow Greentech Limited,2.44,3.07,52.11,50.96,3.77,4.09,3.54,-46.54,865.2,576.57,Pass (Up),62.87,0.67,-5.24,3.06,54.68
ARSHIYA,Arshiya Limited,-2.19,-1.84,-54.24,-33.07,-2.75,-2.57,-2.45,-65.35,0.81,1.15,Fail (Down),-67.64,0.22,-59.9,0.02,43.42
ARSSBL,Anand Rathi Share and Stock Brokers Limited,-0.34,-0.26,16.37,-6.24,-0.48,-0.44,-0.41,-45.98,521.05,539.59,Fail (Down),39.0,1.48,-32.08,10.33,51.35
ARTEMISMED,Artemis Medicare Services Limited,2.22,2.77,43.53,33.11,2.76,3.04,2.77,-28.67,336.4,269.54,Pass (Up),52.56,0.9,-8.24,24.72,54.49
ARTNIRMAN,Art Nirman Limited,0.11,0.15,-20.79,-3.76,-0.13,-0.11,-0.04,-54.27,40.0,41.52,Fail (Down),-0.77,0.92,-37.76,0.01,47.95
ARVEE,Arvee Laboratories (India) Limited,1.27,2.06,35.47,32.7,2.27,2.66,2.2,-53.97,215.32,170.63,Pass (Up),66.31,1.01,-25.95,0.31,52.2
ARVIND,Arvind Limited,1.15,1.52,80.71,34.18,2.29,2.47,2.03,-18.69,534.05,439.04,Pass (Up),76.11,0.82,-8.31,35.14,56.41
ARVINDFASN,Arvind Fashions Limited,-1.68,-1.68,-28.16,-18.59,-1.77,-1.77,-1.74,-31.93,379.7,453.27,Fail (Down),-17.46,1.08,-31.48,12.33,45.98
ARVSMART,Arvind SmartSpaces Limited,0.26,0.34,-10.33,1.76,0.22,0.26,0.26,-24.39,592.5,588.73,Pass (Up),6.71,1.24,-14.43,19.04,48.48
ASAHIINDIA,Asahi India Glass Limited,1.03,1.23,8.95,6.65,0.85,0.95,0.98,-26.44,944.25,904.49,Pass (Up),22.79,0.89,-11.27,15.48,51.11
ASAHISONG,Asahi Songwon Colors Limited,2.32,2.98,34.79,48.44,3.58,3.91,3.38,-41.37,371.25,272.19,Pass (Up),52.76,0.98,-7.82,1.49,53.01
ASAL,Automotive Stampings and Assemblies Limited,-1.0,-1.01,-28.04,-13.17,-1.16,-1.16,-1.11,-36.56,426.9,477.81,Fail (Down),-14.42,1.27,-28.24,1.14,45.85
ASALCBR,Associated Alcohols & Breweries Ltd.,-2.81,-2.57,-35.61,-29.22,-2.86,-2.75,-2.77,-50.11,611.1,808.8,Fail (Down),-25.41,1.18,-50.11,2.44,45.31
ASHAPURMIN,Ashapura Minechem Limited,-1.09,-1.0,-26.61,-22.72,-1.68,-1.64,-1.45,-49.08,489.95,638.91,Fail (Down),-3.94,1.35,-45.5,27.96,47.74
ASHIANA,Ashiana Housing Limited,0.88,1.17,27.3,17.61,1.32,1.47,1.27,-19.37,383.95,341.39,Pass (Up),37.52,0.71,-4.97,7.11,53.6
ASHIMASYN,Ashima Limited,0.34,0.56,-32.29,-6.39,-0.15,-0.04,0.09,-48.17,15.31,16.28,Fail (Down),-12.68,1.37,-32.64,0.34,46.09
ASHOKA,Ashoka Buildcon Limited,-1.73,-2.0,-43.6,-23.25,-2.03,-2.17,-2.02,-51.73,105.31,130.7,Fail (Down),-36.19,1.6,-50.23,27.81,43.36
ASHOKAMET,Ashoka Metcast Limited,0.11,0.15,-14.28,-3.32,-0.11,-0.09,-0.02,-28.44,14.53,14.88,Fail (Down),1.27,0.93,-15.52,0.1,47.93
ASHOKLEY,Ashok Leyland Limited,-0.46,-0.46,9.1,-9.59,-0.71,-0.71,-0.63,-33.49,150.48,169.85,Fail (Down),34.0,1.92,-27.78,250.73,50.94
ASIANENE,Asian Energy Services Limited,2.16,2.57,39.43,54.07,3.79,3.99,3.38,-34.14,466.75,344.13,Pass (Up),55.9,1.02,-15.47,23.29,53.52
ASIANHOTNR,Asian Hotels (North) Limited,0.35,0.45,6.37,7.75,0.56,0.61,0.53,-24.71,348.1,312.39,Pass (Up),22.32,0.55,-14.21,2.27,50.72
ASIANPAINT,Asian Paints Limited,-0.92,-0.72,4.1,-4.91,-0.71,-0.61,-0.71,-28.54,2407.0,2546.91,Fail (Down),16.63,1.0,-18.21,198.97,50.71
ASIANTILES,Asian Granito India Limited,-0.27,-0.29,-17.13,-16.2,-0.95,-0.95,-0.73,-44.25,47.95,61.08,Fail (Down),3.95,1.14,-38.43,50.16,48.48
ASKAUTOLTD,ASK Automotive Limited,1.91,2.7,16.95,32.72,2.59,2.99,2.63,-28.35,618.15,488.57,Pass (Up),31.9,0.95,-8.93,49.93,52.19
ASMS,Avio Smart Market Stack Limited,-2.39,-2.39,-57.44,-32.07,-2.8,-2.8,-2.66,-59.76,5.92,8.54,Fail (Down),-64.07,1.14,-59.76,0.12,42.18
ASPINWALL,Aspinwall and Company Limited,0.42,0.52,-6.7,5.97,0.51,0.56,0.51,-25.41,240.1,230.62,Pass (Up),9.49,0.84,-9.36,0.08,49.15
ASTEC,Astec LifeSciences Limited,0.57,1.04,-11.7,8.5,0.71,0.94,0.82,-43.2,708.6,667.91,Pass (Up),14.99,0.83,-22.87,16.22,48.88
ASTERDM,Aster DM Quality Care Limited,-0.18,-0.16,12.86,2.32,0.03,0.03,-0.04,-25.59,708.9,709.31,Fail (Down),20.39,0.4,-18.49,193.13,51.68
ASTRAL,Astral Limited,-0.37,-0.39,-2.11,-5.61,-0.47,-0.48,-0.44,-24.58,1344.0,1502.28,Fail (Down),9.91,0.77,-22.92,131.39,49.72
ASTRAMICRO,Astra Microwave Products Limited,0.82,0.99,62.11,34.91,2.16,2.24,1.77,-26.38,1624.5,1303.6,Pass (Up),65.96,0.85,-12.61,75.63,55.16
ASTRAZEN,AstraZeneca Pharma India Limited,-3.83,-3.47,-34.31,-27.06,-3.27,-3.09,-3.34,-38.36,6031.0,8148.63,Fail (Down),-35.17,0.57,-38.36,8.7,42.62
ASTRON,Astron Paper & Board Mill Limited,-2.77,-2.72,-77.54,-36.6,-3.22,-3.19,-3.05,-78.44,2.81,4.12,Fail (Down),-138.61,0.57,-78.37,0.01,32.39
ATALREAL,Atal Realtech Limited,-1.83,-1.25,-43.87,-50.88,-3.46,-3.17,-2.72,-66.7,12.78,26.63,Fail (Down),-30.73,0.91,-64.63,28.96,46.32
ATAM,Atam Valves Limited,-0.59,-0.61,-37.15,-18.33,-1.21,-1.22,-1.01,-55.2,55.35,67.36,Fail (Down),-26.38,0.97,-49.14,0.1,45.34
ATGL,Adani Total Gas Limited,-0.7,-0.96,-9.02,-6.96,-0.7,-0.83,-0.79,-28.22,583.05,615.26,Fail (Down),7.09,0.81,-27.86,112.06,48.8
ATHERENERG,Ather Energy Limited,2.21,3.15,139.46,65.91,4.4,4.87,3.98,-21.48,1406.1,1014.26,Pass (Up),107.03,0.61,-18.52,702.89,57.73
ATL,Allcargo Terminals Limited,0.05,0.07,-35.12,-7.27,-0.34,-0.33,-0.2,-50.93,23.59,24.77,Fail (Down),-16.64,1.69,-38.04,0.53,45.45
ATLANTAA,ATLANTAA LIMITED,-0.35,-0.45,-23.01,-11.22,-0.74,-0.79,-0.64,-52.57,35.71,40.4,Fail (Down),4.7,1.46,-47.53,0.32,48.05
ATLANTAELE,Atlanta Electricals Limited,1.14,1.31,96.87,42.38,2.69,2.77,2.23,-32.74,1716.5,1415.5,Pass (Up),93.0,0.88,-20.22,23.98,54.94
ATLASCYCLE,Atlas Cycles (Haryana) Limited,0.09,0.17,-24.57,-3.76,-0.14,-0.1,-0.04,-36.55,91.74,96.21,Fail (Down),-9.83,0.76,-24.57,0.35,46.76
ATUL,Atul Limited,-0.69,-0.76,-4.79,-6.91,-0.69,-0.73,-0.72,-17.14,5861.0,6416.62,Fail (Down),4.09,0.62,-17.14,31.16,49.22
ATULAUTO,Atul Auto Limited,-0.47,-0.48,-12.76,-8.7,-0.67,-0.67,-0.61,-26.61,424.8,461.93,Fail (Down),8.37,1.41,-26.39,10.69,48.51
AUBANK,AU Small Finance Bank Limited,0.03,0.09,36.35,1.07,0.07,0.1,0.08,-18.16,987.0,1005.49,Fail (Down),48.69,1.29,-12.55,157.19,54.04
AURIONPRO,Aurionpro Solutions Limited,-2.17,-1.92,-46.96,-33.02,-2.73,-2.61,-2.46,-49.88,607.8,841.89,Fail (Down),-40.16,1.53,-49.88,12.4,44.15
AUROPHARMA,Aurobindo Pharma Limited,1.53,1.68,54.4,23.58,1.94,2.02,1.86,-9.7,1676.8,1421.49,Pass (Up),51.41,0.36,-3.3,142.65,57.12
AURUM,Aurum PropTech Limited,0.67,0.73,29.86,16.48,1.16,1.19,1.01,-21.1,223.41,196.05,Pass (Up),44.13,1.16,-10.93,6.42,53.28
AURUS,AURUS GEM CORPORATION LIMITED,-0.39,-0.43,-31.78,-13.38,-0.86,-0.88,-0.72,-37.57,4.4,4.94,Fail (Down),-21.77,0.74,-34.91,0.01,46.07
AUSOMENT,Ausom Enterprise Limited,1.99,2.28,38.11,29.68,2.48,2.62,2.41,-42.83,139.0,124.53,Pass (Up),51.53,0.52,-15.18,0.08,53.0
AUTOAXLES,Automotive Axles Limited,-0.28,-0.33,-2.34,-3.24,-0.3,-0.33,-0.31,-26.65,1683.0,1782.1,Fail (Down),13.54,1.14,-18.82,1.64,49.67
AUTOIND,Autoline Industries Limited,0.52,0.63,9.59,6.27,0.57,0.63,0.59,-40.08,81.4,78.57,Pass (Up),39.09,1.65,-21.31,1.73,50.79
AVADHSUGAR,Avadh Sugar & Energy Limited,2.39,3.8,82.7,68.25,4.61,5.31,4.34,-29.3,764.6,495.71,Pass (Up),75.43,0.39,-10.6,19.8,57.05
AVALON,Avalon Technologies Limited,2.5,3.34,125.92,97.78,6.14,6.56,5.21,-36.63,2280.2,1435.41,Pass (Up),113.06,1.48,-10.15,117.75,57.61
AVANTEL,Avantel Limited,-0.68,-0.68,-16.98,-7.33,-0.71,-0.71,-0.7,-44.11,150.28,156.01,Fail (Down),4.03,1.34,-28.91,32.31,48.11
AVANTIFEED,Avanti Feeds Limited,-1.87,-1.92,12.4,-25.5,-2.21,-2.23,-2.11,-52.13,711.55,1036.23,Fail (Down),41.86,1.66,-52.13,36.62,50.7
AVG,AVG Logistics Limited,-0.97,-0.85,-25.96,-8.39,-0.91,-0.85,-0.89,-47.55,166.0,169.22,Fail (Down),-5.19,1.02,-30.93,0.3,47.22
AVL,Aditya Vision Limited,-0.11,0.06,1.57,5.12,0.2,0.29,0.16,-25.43,572.3,547.38,Pass (Up),10.42,0.51,-14.21,11.56,50.24
AVONMORE,Avonmore Capital & Management Services Limited,0.78,1.2,-32.33,4.26,0.6,0.81,0.8,-52.81,12.79,12.97,Fail (Down),-9.57,1.76,-34.04,0.33,45.96
AVROIND,AVRO INDIA LIMITED,-2.12,-2.06,-55.0,-41.03,-3.11,-3.08,-2.76,-55.91,6.68,10.92,Fail (Down),-58.64,0.92,-55.91,0.36,44.21
AVTNPL,AVT Natural Products Limited,1.69,2.59,22.84,34.16,2.55,3.0,2.57,-26.38,87.85,70.34,Pass (Up),36.43,0.9,-10.59,3.26,53.02
AWFIS,Awfis Space Solutions Limited,-1.34,-1.85,-58.94,-32.15,-2.28,-2.53,-2.14,-63.37,235.26,325.55,Fail (Down),-65.44,1.4,-62.63,20.5,40.94
AWHCL,Antony Waste Handling Cell Limited,-1.51,-1.83,-35.59,-24.43,-1.98,-2.14,-1.93,-41.67,355.4,458.33,Fail (Down),-23.64,1.03,-40.0,8.41,45.53
AWL,AWL Agri Business Limited,-0.97,-1.07,-32.96,-10.95,-1.03,-1.08,-1.04,-37.93,175.43,195.37,Fail (Down),-29.44,0.83,-36.47,52.75,42.92
AXISBANK,Axis Bank Limited,-0.61,-0.56,5.05,-6.52,-0.63,-0.61,-0.61,-17.23,1217.1,1284.5,Fail (Down),19.93,1.23,-13.18,743.29,50.84
AXISCADES,AXISCADES Technologies Limited,2.23,2.89,41.99,48.88,3.56,3.89,3.33,-36.13,2307.3,1627.7,Pass (Up),56.59,0.82,0.0,37.45,53.36
AXITA,Axita Cotton Limited,-0.52,-0.43,-3.45,-10.22,-0.77,-0.72,-0.66,-39.95,7.58,8.38,Fail (Down),4.82,0.34,-36.82,0.55,49.5
AYMSYNTEX,AYM Syntex Limited,1.31,1.61,47.45,36.14,2.46,2.61,2.18,-22.11,279.95,217.59,Pass (Up),57.5,0.7,-12.54,3.03,53.84
AZAD,Azad Engineering Limited,2.25,2.62,77.59,55.15,3.88,4.07,3.46,-21.56,2860.9,2056.48,Pass (Up),79.39,1.16,-3.45,197.1,56.23
BAFNAPH,Bafna Pharmaceuticals Limited,4.92,5.56,119.29,147.27,9.82,10.14,8.4,-48.47,378.75,180.23,Pass (Up),96.72,0.33,0.0,0.49,59.14
BAGFILMS,B.A.G Films and Media Limited,-0.84,-1.12,-42.02,-17.93,-1.31,-1.45,-1.25,-53.1,4.07,4.99,Fail (Down),-35.07,1.16,-47.42,0.04,43.72
BAIDFIN,Baid Finserv Limited,0.28,0.28,-4.81,-1.41,0.07,0.07,0.14,-27.02,10.31,10.56,Fail (Down),15.45,1.04,-16.49,0.1,49.45
BAJAJ-AUTO,Bajaj Auto Limited,0.55,0.55,18.08,5.62,0.56,0.56,0.55,-18.74,10045.0,10158.91,Fail (Down),28.74,0.92,-18.74,368.16,52.76
BAJAJCON,Bajaj Consumer Care Limited,0.24,0.4,110.56,28.58,1.55,1.63,1.17,-32.77,497.05,455.06,Pass (Up),98.11,1.08,-25.84,49.36,55.79
BAJAJELEC,Bajaj Electricals Limited,-1.04,-1.19,-44.78,-20.06,-1.53,-1.6,-1.41,-44.8,299.8,364.06,Fail (Down),-47.72,0.87,-44.8,14.27,40.29
BAJAJFINSV,Bajaj Finserv Limited,-0.54,-0.52,-13.6,-8.43,-0.69,-0.68,-0.63,-25.03,1732.6,1881.5,Fail (Down),0.59,1.31,-20.33,200.05,47.42
BAJAJHCARE,Bajaj Healthcare Limited,-0.14,-0.15,-32.44,-8.72,-0.51,-0.51,-0.39,-43.44,322.95,335.04,Fail (Down),-18.81,1.28,-33.26,7.48,45.12
BAJAJHFL,Bajaj Housing Finance Limited,-0.91,-0.97,-25.62,-8.5,-0.88,-0.91,-0.91,-34.61,82.91,86.69,Fail (Down),-19.08,0.92,-25.82,25.26,43.27
BAJAJHIND,Bajaj Hindusthan Sugar Limited,0.61,0.79,-5.14,7.42,0.68,0.76,0.71,-34.11,19.19,18.25,Pass (Up),10.7,0.79,-20.8,64.21,49.43
BAJAJHLDNG,Bajaj Holdings & Investment Limited,0.36,0.39,-9.46,1.05,0.23,0.25,0.29,-33.46,10666.0,10530.33,Pass (Up),5.21,1.18,-17.37,51.59,48.44
BAJAJINDEF,Indef Manufacturing Limited,-1.42,-1.41,-40.93,-23.13,-1.87,-1.86,-1.72,-50.84,208.52,260.45,Fail (Down),-31.04,1.38,-50.54,0.51,45.12
BAJEL,Bajel Projects Limited,-0.44,-0.4,-20.74,-7.12,-0.57,-0.56,-0.52,-34.38,163.63,175.26,Fail (Down),-3.24,1.22,-21.51,4.79,47.19
BAJFINANCE,Bajaj Finance Limited,-0.07,-0.06,-3.4,-3.41,-0.2,-0.2,-0.15,-26.74,948.3,972.56,Fail (Down),16.25,1.57,-18.17,763.38,49.49
BALAJEE,Shree Tirupati Balajee Agro Trading Company Limited,-1.7,-1.57,-46.1,-19.74,-1.84,-1.77,-1.75,-60.62,25.2,30.32,Fail (Down),-42.07,1.38,-53.37,0.09,41.91
BALAJITELE,Balaji Telefilms Limited,0.05,0.07,-29.17,-7.34,-0.34,-0.33,-0.2,-44.27,90.04,93.85,Fail (Down),-7.04,1.51,-29.43,2.36,46.79
BALAMINES,Balaji Amines Limited,1.13,1.55,47.11,49.38,3.04,3.24,2.54,-31.75,2052.2,1645.31,Pass (Up),68.85,1.44,-20.05,58.87,53.33
BALAXI,BALAXI PHARMACEUTICALS LIMITED,-0.27,-0.29,-49.83,-10.43,-0.66,-0.67,-0.53,-65.09,22.34,23.85,Fail (Down),-50.34,0.92,-50.23,0.09,41.67
BALKRISHNA,Balkrishna Paper Mills Limited,-0.85,-0.95,-35.2,-12.73,-1.06,-1.11,-1.02,-47.81,15.94,17.39,Fail (Down),-29.78,0.65,-35.41,0.02,44.03
BALKRISIND,Balkrishna Industries Limited,-0.2,-0.28,-9.01,-6.25,-0.41,-0.45,-0.37,-27.33,2083.5,2271.94,Fail (Down),8.34,1.28,-23.03,113.34,48.72
BALMLAWRIE,Balmer Lawrie & Company Limited,-1.02,-0.97,-20.46,-8.44,-0.93,-0.91,-0.95,-27.46,159.3,170.97,Fail (Down),-10.71,1.03,-20.55,2.16,45.67
BALPHARMA,Bal Pharma Limited,1.83,2.67,27.89,44.72,3.15,3.57,2.99,-27.87,105.74,80.14,Pass (Up),44.3,0.93,-6.5,0.77,53.07
BALRAMCHIN,Balrampur Chini Mills Limited,1.32,1.89,43.12,29.86,2.15,2.44,2.06,-16.73,649.05,538.84,Pass (Up),49.08,0.47,-15.39,215.89,54.26
BALUFORGE,Balu Forge Industries Limited,0.39,0.49,-23.04,-2.21,0.09,0.13,0.22,-47.2,488.95,486.9,Pass (Up),2.03,1.61,-27.52,76.85,47.52
BANARBEADS,Banaras Beads Limited,0.75,1.15,-16.49,5.39,0.65,0.85,0.81,-34.97,116.0,113.64,Pass (Up),-2.33,0.7,-23.26,0.1,47.95
BANARISUG,Bannari Amman Sugars Limited,-0.32,-0.45,-9.33,-6.9,-0.5,-0.57,-0.48,-22.67,3300.5,3571.55,Fail (Down),-5.13,0.17,-21.88,1.1,47.49
BANCOINDIA,Banco Products (I) Limited,-0.46,-0.35,-28.9,-6.54,-0.56,-0.5,-0.49,-41.02,589.85,618.02,Fail (Down),-11.05,1.57,-30.13,7.32,45.92
BANDHANBNK,Bandhan Bank Limited,0.09,0.13,8.55,2.38,0.16,0.18,0.15,-24.83,176.0,175.47,Pass (Up),33.28,1.66,-18.09,240.93,50.9
BANG,Bang Overseas Limited,0.02,0.06,-40.33,-11.33,-0.56,-0.54,-0.35,-54.07,31.44,36.72,Fail (Down),-24.76,1.43,-46.96,0.24,45.06
BANKA,Banka BioLoo Limited,-0.48,-0.42,-21.43,-3.79,-0.43,-0.4,-0.43,-54.65,68.51,74.12,Fail (Down),-4.32,1.08,-27.65,0.03,47.61
BANKBARODA,Bank of Baroda,-0.91,-0.91,-8.21,-12.04,-1.06,-1.06,-1.01,-27.61,230.82,264.58,Fail (Down),7.63,1.31,-26.56,202.94,48.78
BANKINDIA,Bank of India,-0.41,-0.37,7.29,-7.6,-0.59,-0.57,-0.52,-24.54,129.48,144.47,Fail (Down),27.26,1.53,-24.54,96.57,50.81
BANSALWIRE,Bansal Wire Industries Limited,0.02,0.08,-4.18,3.47,0.18,0.21,0.15,-36.13,323.05,300.07,Pass (Up),15.63,1.32,-11.69,4.73,49.46
BANSWRAS,Banswara Syntex Limited,-0.9,-0.97,-15.26,-10.08,-0.95,-0.99,-0.96,-25.02,105.1,116.7,Fail (Down),0.4,1.03,-23.14,0.49,48.2
BASF,BASF India Limited,-0.3,-0.35,-25.05,-7.26,-0.52,-0.54,-0.46,-32.51,3417.1,3633.98,Fail (Down),-14.68,1.08,-26.61,15.46,45.55
BASML,Bannari Amman Spinning Mills Limited,-0.49,-0.48,-11.38,-6.02,-0.55,-0.54,-0.52,-44.74,22.66,24.28,Fail (Down),15.77,1.75,-26.81,0.15,48.87
BATAINDIA,Bata India Limited,-1.0,-1.2,-45.94,-16.22,-1.31,-1.41,-1.27,-50.22,613.0,713.02,Fail (Down),-48.11,1.07,-47.36,25.25,38.81
BAYERCROP,Bayer Cropscience Limited,-2.63,-2.66,-25.15,-19.22,-2.28,-2.29,-2.41,-28.08,3554.2,4314.36,Fail (Down),-23.54,0.41,-28.08,13.19,44.4
BBL,Bharat Bijlee Limited,-1.8,-1.54,-36.61,-21.27,-1.96,-1.83,-1.82,-37.66,2069.6,2542.98,Fail (Down),-32.41,0.83,-36.82,6.48,44.25
BBOX,Black Box Limited,0.44,0.54,49.73,24.77,1.46,1.51,1.15,-33.85,795.85,703.51,Pass (Up),61.63,1.03,-26.09,37.24,53.62
BBTC,The Bombay Burmah Trading Corporation Limited,-0.97,-1.32,-25.28,-15.7,-1.27,-1.45,-1.29,-36.54,1334.2,1574.3,Fail (Down),-12.62,1.2,-35.95,50.36,46.17
BBTCL,B&B Triplewall Containers Limited,0.89,1.03,16.19,17.53,1.32,1.39,1.22,-27.73,229.49,202.71,Pass (Up),30.07,0.69,-7.11,0.28,51.82
BCG,Brightcom Group Limited,0.03,0.03,-32.24,-5.75,-0.27,-0.27,-0.17,-44.61,9.52,9.9,Fail (Down),-16.62,1.06,-35.46,6.47,46.21
BCLIND,Bcl Industries Limited,-0.49,-0.55,-24.47,-7.34,-0.61,-0.64,-0.59,-38.56,31.24,32.58,Fail (Down),-9.52,1.16,-24.47,6.97,46.47
BCONCEPTS,Brand Concepts Limited,-2.38,-2.29,-61.2,-40.5,-3.22,-3.17,-2.91,-62.63,140.41,225.53,Fail (Down),-75.42,0.96,-62.32,0.23,42.55
BDL,Bharat Dynamics Limited,-1.8,-1.73,-29.16,-21.84,-1.99,-1.96,-1.91,-32.5,1087.9,1315.65,Fail (Down),-14.72,1.38,-32.33,161.89,46.1
BEARDSELL,Beardsell Limited,-1.68,-1.55,-33.1,-20.98,-1.89,-1.83,-1.78,-44.43,22.13,26.67,Fail (Down),-21.61,1.04,-39.16,0.05,46.01
BECTORFOOD,Mrs. Bectors Food Specialities Limited,0.83,1.12,-13.9,9.37,0.88,1.03,0.96,-39.4,213.03,206.38,Pass (Up),4.66,1.17,-22.56,119.94,48.26
BEDMUTHA,Bedmutha Industries Limited,0.28,0.34,-20.87,0.18,0.15,0.18,0.21,-30.47,110.33,113.69,Fail (Down),-11.67,0.49,-21.92,0.05,47.18
BEL,Bharat Electronics Limited,-1.05,-0.93,-5.23,-8.23,-0.94,-0.87,-0.93,-18.15,383.1,417.41,Fail (Down),6.1,0.88,-18.11,418.63,49.11
BELLACASA,Bella Casa Fashion & Retail Limited,-0.53,-0.56,-38.74,-18.87,-1.21,-1.22,-0.99,-52.79,241.22,273.86,Fail (Down),-26.88,1.15,-48.86,0.35,45.5
BELRISE,Belrise Industries Limited,1.23,1.24,49.64,18.88,1.56,1.57,1.45,-14.67,237.5,210.11,Pass (Up),58.12,1.08,-8.91,98.04,54.73
BEML,BEML Limited,0.95,1.1,-8.34,10.94,1.02,1.1,1.05,-38.65,1962.3,1779.02,Pass (Up),12.53,1.48,-11.46,73.08,48.85
BEPL,Bhansali Engineering Polymers Limited,1.84,2.34,27.94,34.32,2.64,2.89,2.54,-22.36,123.76,98.94,Pass (Up),40.29,0.91,-7.53,58.97,53.32
BERGEPAINT,Berger Paints (I) Limited,-0.81,-0.93,-13.94,-6.77,-0.74,-0.8,-0.81,-31.45,452.4,486.44,Fail (Down),-4.45,0.73,-22.76,19.11,47.74
BESTAGRO,Best Agrolife Limited,0.49,0.89,-28.31,-0.49,0.22,0.42,0.45,-59.15,17.47,18.39,Fail (Down),-6.5,1.13,-41.66,4.28,47.03
BETA,Beta Drugs Limited,0.8,1.04,14.17,16.85,1.24,1.36,1.17,-45.66,2073.3,1696.9,Pass (Up),38.78,1.03,-22.3,9.22,51.29
BFINVEST,BF Investment Limited,0.39,0.46,-5.89,3.4,0.36,0.4,0.4,-35.43,428.7,416.35,Pass (Up),15.82,1.61,-19.91,7.82,49.17
BFUTILITIE,BF Utilities Limited,-0.24,-0.37,-36.8,-8.35,-0.54,-0.6,-0.48,-54.43,504.75,551.34,Fail (Down),-23.7,1.44,-38.12,13.06,44.93
BGLOBAL,Bharatiya Global Infomedia Limited,0.59,0.27,-9.92,5.16,0.55,0.39,0.46,-39.14,3.27,3.14,Pass (Up),-5.72,0.12,-26.02,0.0,47.0
BGRENERGY,BGR Energy Systems Limited,-0.76,-0.85,-4.28,-19.11,-1.34,-1.38,-1.17,-52.69,239.71,300.93,Fail (Down),20.89,1.12,-48.72,1.36,49.76
BHAGCHEM,Bhagiradha Chemicals & Industries Limited,-0.44,-0.44,-9.56,-2.93,-0.37,-0.36,-0.39,-34.96,236.15,242.85,Fail (Down),9.64,1.06,-21.57,3.4,48.94
BHAGERIA,Bhageria Industries Limited,3.38,4.54,122.91,114.4,7.41,7.99,6.45,-45.52,382.05,195.74,Pass (Up),105.56,0.97,-6.0,3.84,58.55
BHAGYANGR,Bhagyanagar India Limited,1.94,2.36,325.54,108.25,6.38,6.59,5.04,-26.21,402.65,277.68,Pass (Up),181.7,1.33,-9.86,5.68,58.07
BHANDARI,Bhandari Hosiery Exports Limited,-0.89,-1.03,-39.93,-16.29,-1.26,-1.33,-1.18,-58.57,2.82,3.21,Fail (Down),-31.06,1.03,-42.26,0.03,43.44
BHARATFORG,Bharat Forge Limited,0.0,0.08,54.38,8.34,0.42,0.46,0.31,-17.23,1875.0,1857.88,Pass (Up),60.43,1.2,-17.23,204.08,55.58
BHARATGEAR,Bharat Gears Limited,-1.34,-1.2,-24.07,-12.81,-1.31,-1.24,-1.27,-36.37,99.64,109.28,Fail (Down),-5.65,1.33,-26.78,0.19,47.29
BHARATRAS,Bharat Rasayan Limited,-2.79,-2.6,-60.02,-35.55,-3.17,-3.08,-2.98,-66.04,998.6,1493.22,Fail (Down),-70.78,1.42,-66.04,1.68,40.82
BHARATSE,Bharat Seats Limited,0.04,0.08,10.56,4.3,0.24,0.26,0.19,-42.36,204.65,191.14,Pass (Up),47.22,2.09,-19.11,8.43,50.78
BHARATWIRE,Bharat Wire Ropes Limited,-1.49,-1.35,-2.37,-15.24,-1.51,-1.44,-1.46,-36.67,160.12,190.69,Fail (Down),26.11,1.65,-36.67,2.82,49.81
BHARTIARTL,Bharti Airtel Limited,-0.89,-0.91,-5.6,-8.79,-0.89,-0.89,-0.89,-18.77,1741.1,1888.9,Fail (Down),2.42,0.64,-18.48,1172.39,48.89
BHARTIHEXA,Bharti Hexacom Limited,-0.63,-0.68,-16.04,-11.71,-0.9,-0.93,-0.83,-27.16,1379.2,1561.87,Fail (Down),-8.33,0.57,-27.16,22.64,47.63
BHEL,Bharat Heavy Electricals Limited,1.87,2.08,75.86,38.36,2.85,2.96,2.6,-20.11,421.0,347.92,Pass (Up),75.47,1.13,-4.89,399.06,56.41
BIGBLOC,Bigbloc Construction Limited,-2.12,-2.19,-30.38,-26.36,-2.38,-2.41,-2.32,-50.91,38.78,51.59,Fail (Down),-10.55,1.42,-50.29,0.19,47.13
BIKAJI,Bikaji Foods International Limited,-2.31,-2.39,-31.02,-23.88,-2.35,-2.39,-2.36,-33.5,504.05,643.85,Fail (Down),-29.55,0.56,-33.5,13.17,43.73
BIL,Bhartiya International Limited,1.64,2.54,20.04,31.35,2.39,2.84,2.44,-30.97,987.55,784.65,Pass (Up),39.72,1.04,-10.89,1.31,52.03
BILVYAPAR,BIL VYAPAR LIMITED,-0.88,-0.78,-68.01,-21.8,-1.53,-1.48,-1.28,-70.36,4.21,5.37,Fail (Down),-104.88,0.35,-68.01,0.0,35.6
BIOCON,Biocon Limited,-0.5,-0.53,7.13,-2.13,-0.36,-0.37,-0.41,-19.34,370.7,394.96,Fail (Down),16.61,0.66,-15.88,177.86,51.07
BIOFILCHEM,Biofil Chemicals & Pharmaceuticals Limited,-0.5,-0.76,-29.36,-13.67,-0.93,-1.06,-0.88,-44.35,29.31,33.1,Fail (Down),-9.98,0.78,-36.75,0.14,46.39
BIRLACABLE,Birla Cable Limited,4.06,4.77,138.92,162.06,10.13,10.49,8.35,-37.92,383.0,194.32,Pass (Up),115.63,1.12,-6.47,8.78,58.42
BIRLACORPN,Birla Corporation Limited,-1.17,-1.18,-30.79,-16.18,-1.39,-1.4,-1.32,-35.72,828.95,948.33,Fail (Down),-20.5,1.24,-31.01,7.45,44.67
BIRLAMONEY,Aditya Birla Money Limited,-1.37,-1.39,-35.1,-16.04,-1.49,-1.5,-1.45,-44.99,112.82,132.54,Fail (Down),-21.14,1.66,-35.84,1.0,44.28
BIRLANU,BirlaNu Limited,0.16,0.24,-27.74,-3.37,-0.09,-0.05,0.02,-39.66,1391.2,1451.53,Fail (Down),-14.64,1.0,-29.36,3.16,45.82
BLACKBUCK,BLACKBUCK LIMITED,0.58,0.65,-4.34,0.6,0.32,0.35,0.43,-31.81,606.15,583.6,Pass (Up),14.36,1.15,-17.36,36.63,49.5
BLAL,BEML Land Assets Limited,-2.48,-2.47,-26.79,-15.37,-2.01,-2.0,-2.16,-27.76,157.83,182.66,Fail (Down),-21.16,0.79,-26.79,0.3,44.23
BLBLIMITED,BLB Limited,0.32,0.39,-1.94,3.51,0.34,0.37,0.35,-31.01,16.64,15.93,Pass (Up),13.03,0.55,-18.75,0.2,49.77
BLISSGVS,Bliss GVS Pharma Limited,3.57,4.56,348.7,164.09,9.99,10.48,8.18,-19.66,683.6,366.35,Pass (Up),183.84,1.18,-7.33,22.55,62.61
BLKASHYAP,B. L. Kashyap and Sons Limited,-0.05,-0.07,-18.07,-5.1,-0.28,-0.29,-0.21,-32.16,50.23,52.74,Fail (Down),4.07,1.42,-20.4,3.71,48.05
BLS,BLS International Services Limited,-1.17,-1.14,-34.0,-22.87,-1.73,-1.71,-1.53,-37.81,216.51,264.11,Fail (Down),-14.65,1.75,-37.81,47.7,45.65
BLSE,BLS E-Services Limited,2.73,4.06,75.86,56.93,4.21,4.88,4.16,-42.65,322.05,223.52,Pass (Up),76.97,1.02,-1.99,18.04,57.14
BLUECHIP,Blue Chip India Limited,-2.56,-2.0,-51.11,-23.16,-2.44,-2.16,-2.29,-59.01,1.98,2.34,Fail (Down),-71.47,-0.01,-51.11,0.0,31.35
BLUECOAST,Blue Coast Hotels Limited,-0.82,-0.84,-65.66,-21.19,-1.47,-1.48,-1.26,-69.81,22.0,26.76,Fail (Down),-95.53,0.18,-65.66,0.0,39.65
BLUEDART,Blue Dart Express Limited,-0.85,-0.96,-21.3,-12.63,-1.06,-1.11,-1.03,-32.82,4496.8,5163.76,Fail (Down),-11.17,0.93,-32.82,11.98,46.01
BLUEJET,Blue Jet Healthcare Limited,0.57,0.75,-17.94,9.64,0.77,0.86,0.76,-52.04,541.8,488.56,Pass (Up),6.44,1.63,-20.43,47.73,47.65
BLUESTARCO,Blue Star Limited,-0.57,-0.54,-21.89,-12.32,-0.9,-0.89,-0.78,-27.98,1459.6,1690.56,Fail (Down),-8.95,1.16,-27.27,83.03,46.88
BLUESTONE,BlueStone Jewellery and Lifestyle Limited,1.98,2.58,31.45,56.54,3.82,4.12,3.41,-47.0,787.95,581.8,Pass (Up),45.8,0.4,-15.31,355.55,52.67
BLUSPRING,Bluspring Enterprises Limited,2.12,2.55,80.31,88.74,5.5,5.71,4.51,-45.45,147.82,85.51,Pass (Up),83.87,0.72,-1.08,6.9,55.76
BMWVENTLTD,BMW Ventures Limited,-0.94,-1.06,-29.7,-14.27,-1.18,-1.24,-1.14,-32.69,50.83,57.53,Fail (Down),-21.05,0.82,-29.7,0.5,45.6
BODALCHEM,Bodal Chemicals Limited,4.77,7.5,206.84,214.4,13.11,14.47,11.24,-30.83,189.75,74.95,Pass (Up),136.49,0.75,-6.07,29.96,63.8
BOHRAIND,Bohra Industries Limited,0.1,0.14,-34.58,-10.88,-0.49,-0.48,-0.28,-45.26,14.74,16.53,Fail (Down),-25.53,0.39,-34.66,0.03,46.51
BOMDYEING,Bombay Dyeing & Mfg Company Limited,-1.47,-1.43,-39.61,-16.55,-1.56,-1.54,-1.52,-47.84,102.63,118.31,Fail (Down),-28.03,1.71,-42.06,7.59,43.68
BORANA,Borana Weaves Limited,-0.48,-0.53,22.66,-9.53,-0.72,-0.74,-0.65,-34.29,272.95,329.49,Fail (Down),42.05,1.26,-34.29,1.11,51.55
BOROLTD,Borosil Limited,0.98,1.24,-19.91,8.74,0.93,1.06,1.03,-39.24,280.2,247.3,Pass (Up),-3.27,1.22,-21.04,14.49,47.02
BORORENEW,BOROSIL RENEWABLES LIMITED,-1.46,-1.49,-22.66,-16.22,-1.54,-1.56,-1.52,-46.09,449.6,515.75,Fail (Down),-2.7,1.58,-35.71,33.51,47.45
BOROSCI,Borosil Scientific Limited,-2.08,-2.0,-24.18,-16.35,-1.86,-1.82,-1.9,-35.04,112.72,127.12,Fail (Down),-13.38,0.72,-35.04,1.22,46.62
BOSCH-HCIL,BOSCH HOME COMFORT INDIA LIMITED,2.74,3.64,13.01,43.81,3.56,4.01,3.59,-40.18,1967.2,1440.47,Pass (Up),28.22,0.86,0.0,8.72,51.9
BOSCHLTD,Bosch Limited,1.71,1.98,19.47,21.87,1.95,2.08,1.96,-27.08,45480.0,38853.48,Pass (Up),33.47,1.15,-9.04,155.3,53.0
BPCL,Bharat Petroleum Corporation Limited,-0.1,-0.05,-7.12,-5.96,-0.35,-0.32,-0.25,-30.13,300.6,321.93,Fail (Down),10.2,1.4,-22.59,173.23,48.94
BPL,BPL Limited,-1.22,-1.36,-44.13,-20.02,-1.61,-1.68,-1.53,-52.91,45.29,53.82,Fail (Down),-31.97,1.66,-44.13,0.34,43.59
BRIGADE,Brigade Enterprises Limited,0.41,0.55,-14.9,1.73,0.29,0.36,0.38,-39.05,569.55,567.81,Pass (Up),3.48,1.37,-26.83,37.78,48.02
BRIGHOTEL,Brigade Hotel Ventures Limited,-1.41,-1.34,-31.16,-12.02,-1.31,-1.27,-1.32,-33.81,56.94,62.02,Fail (Down),-27.52,0.84,-32.12,0.73,42.25
BRITANNIA,Britannia Industries Limited,-1.78,-1.71,-18.59,-13.9,-1.58,-1.55,-1.63,-21.46,4778.0,5476.79,Fail (Down),-12.71,0.68,-21.46,145.79,45.75
BRNL,Bharat Road Network Limited,-1.55,-1.56,-25.27,-18.92,-1.72,-1.73,-1.67,-38.17,16.03,19.25,Fail (Down),-12.57,1.04,-37.43,0.04,46.72
BROOKS,Brooks Laboratories Limited,-1.7,-1.75,-58.41,-28.79,-2.29,-2.32,-2.11,-72.58,54.8,65.12,Fail (Down),-52.19,1.61,-59.51,0.18,42.32
BSE,BSE Limited,-0.64,-0.6,46.73,-0.29,-0.34,-0.31,-0.42,-30.64,3046.0,3320.36,Fail (Down),59.79,1.39,-30.64,1440.49,53.37
BSHSL,Bombay Super Hybrid Seeds Limited,-0.53,-0.59,-33.89,-15.8,-1.06,-1.08,-0.9,-52.28,83.95,92.11,Fail (Down),-21.01,1.04,-34.0,0.06,44.65
BSL,BSL Limited,-0.77,-0.87,-26.27,-9.39,-0.86,-0.9,-0.86,-49.44,118.2,128.9,Fail (Down),-15.69,0.86,-41.86,0.05,46.13
BSOFT,BIRLASOFT LIMITED,-0.84,-0.88,-21.36,-18.43,-1.34,-1.36,-1.19,-41.53,269.75,343.33,Fail (Down),-6.73,1.11,-41.2,51.31,47.71
BTML,Bodhi Tree Multimedia Limited,0.65,0.99,-21.57,4.77,0.56,0.74,0.71,-40.2,7.09,7.13,Fail (Down),-3.34,0.48,-22.34,0.68,47.82
BURNPUR,Burnpur Cement Limited,-2.64,-1.57,-61.94,-61.94,-4.42,-3.88,-3.47,-63.18,12.56,30.0,Fail (Down),-82.61,0.2,-61.94,0.09,26.34
BUTTERFLY,Butterfly Gandhimathi Appliances Limited,-1.46,-1.36,-19.29,-18.85,-1.67,-1.62,-1.57,-29.44,550.5,641.22,Fail (Down),-12.66,0.14,-29.44,2.33,47.36
BVCL,Barak Valley Cements Limited,-0.12,-0.07,-14.31,-2.82,-0.2,-0.18,-0.16,-38.15,41.39,42.28,Fail (Down),8.71,1.39,-20.2,0.17,48.44
BYKE,The Byke Hospitality Ltd,-1.39,-1.62,-55.85,-24.56,-1.92,-2.04,-1.82,-61.02,28.81,38.72,Fail (Down),-57.15,1.36,-58.54,0.1,42.15
CALSOFT,California Software Company Limited,3.11,3.75,156.23,135.74,8.34,8.66,6.81,-40.1,36.41,20.54,Pass (Up),124.56,0.69,-15.58,0.72,56.82
CAMLINFINE,Camlin Fine Sciences Limited,-1.6,-1.56,-52.2,-30.96,-2.35,-2.33,-2.09,-55.28,91.01,127.55,Fail (Down),-42.92,1.71,-55.28,10.93,44.24
CAMPUS,Campus Activewear Limited,-1.34,-1.51,-23.29,-15.15,-1.43,-1.51,-1.46,-27.39,205.83,237.87,Fail (Down),-17.6,0.64,-27.39,32.14,45.74
CAMS,Computer Age Management Services Limited,-0.81,-0.83,-9.91,-8.6,-0.84,-0.85,-0.83,-22.09,677.25,735.02,Fail (Down),5.27,1.22,-18.34,92.01,48.52
CANBK,Canara Bank,-0.71,-0.72,-1.21,-10.11,-0.86,-0.87,-0.82,-23.07,118.36,133.41,Fail (Down),16.14,1.39,-23.07,210.93,49.84
CANFINHOME,Can Fin Homes Limited,-2.47,-2.22,-7.66,-18.47,-2.16,-2.03,-2.18,-24.49,711.0,850.32,Fail (Down),3.71,0.87,-24.49,19.91,48.89
CANHLIFE,Canara HSBC Life Insurance Company Limited,0.31,0.34,29.45,2.12,0.26,0.28,0.29,-12.53,143.85,145.11,Fail (Down),39.01,0.49,-8.51,30.85,53.61
CANTABIL,Cantabil Retail India Limited,-0.88,-0.88,-12.61,-10.78,-0.98,-0.98,-0.95,-32.03,224.66,248.42,Fail (Down),1.72,0.99,-27.35,4.97,48.32
CAPACITE,Capacit'e Infraprojects Limited,-1.82,-1.91,-36.29,-26.08,-2.21,-2.26,-2.11,-41.27,180.33,228.75,Fail (Down),-19.19,1.72,-41.25,9.56,45.8
CAPILLARY,Capillary Technologies India Limited,0.43,0.65,-8.54,0.71,0.25,0.36,0.39,-38.68,554.7,540.89,Pass (Up),9.42,0.52,-24.24,38.67,48.89
CAPITALSFB,Capital Small Finance Bank Limited,0.23,0.32,-0.41,4.14,0.32,0.37,0.32,-23.69,277.5,269.12,Pass (Up),11.12,0.86,-9.09,1.24,49.92
CAPLIPOINT,Caplin Point Laboratories Limited,1.35,1.59,28.31,32.47,2.3,2.42,2.06,-26.9,2631.9,2118.49,Pass (Up),39.55,0.88,-8.21,47.69,53.64
CAPTRUST,Capital Trust Limited,2.22,2.54,-20.53,45.91,3.4,3.56,3.11,-66.1,19.07,14.66,Pass (Up),-4.28,0.61,-41.23,0.09,47.88
CARBORUNIV,Carborundum Universal Limited,1.48,1.84,35.85,30.8,2.28,2.46,2.14,-20.03,1239.7,977.16,Pass (Up),46.03,0.89,-4.38,39.31,54.05
CARERATING,CARE Ratings Limited,-0.05,-0.02,6.49,0.3,-0.01,0.01,-0.01,-18.66,1602.7,1627.71,Fail (Down),19.64,0.91,-10.23,8.58,50.89
CARRARO,Carraro India Limited,0.2,0.28,15.48,4.2,0.31,0.35,0.3,-27.27,518.1,526.47,Fail (Down),35.41,1.19,-13.78,8.07,51.43
CARTRADE,Cartrade Tech Limited,0.83,1.11,14.85,16.16,1.22,1.36,1.19,-50.32,2806.6,2381.51,Pass (Up),41.13,1.29,-14.12,151.92,51.23
CARYSIL,CARYSIL LIMITED,0.31,0.42,22.32,10.23,0.67,0.72,0.58,-28.99,1044.8,999.75,Pass (Up),46.97,1.73,-16.31,13.16,51.97
CASTROLIND,Castrol India Limited,2.3,3.34,5.27,11.68,1.74,2.25,2.27,-12.45,199.04,179.37,Pass (Up),8.95,0.29,-1.3,50.5,51.9
CCAVENUE,AvenuesAI Limited,-0.23,-0.28,-7.11,-6.58,-0.44,-0.47,-0.39,-34.64,15.28,15.61,Fail (Down),12.16,1.27,-24.06,24.03,49.22
CCCL,Consolidated Construction Consortium Limited,-1.22,-1.5,-46.67,-18.87,-1.55,-1.69,-1.53,-49.05,13.45,15.96,Fail (Down),-43.71,0.85,-46.67,0.34,43.76
CCHHL,Country Club Hospitality & Holidays Limited,0.21,0.23,-26.9,-0.57,0.08,0.09,0.13,-40.46,12.99,13.27,Fail (Down),-20.61,0.67,-26.9,0.03,45.21
CCL,CCL Products (India) Limited,-0.7,-0.69,24.45,-0.5,-0.37,-0.37,-0.48,-17.95,1056.6,1073.69,Fail (Down),31.57,0.43,-13.84,18.73,52.73
CDSL,Central Depository Services (India) Limited,-0.39,-0.42,-15.02,-8.31,-0.61,-0.63,-0.55,-32.37,1242.5,1312.91,Fail (Down),4.63,1.7,-24.25,193.53,47.8
CEATLTD,CEAT Limited,-0.74,-0.64,-4.82,-11.36,-0.94,-0.89,-0.84,-27.81,3286.6,3520.02,Fail (Down),15.76,1.42,-22.84,39.93,49.45
CEIGALL,Ceigall India Limited,1.43,1.48,44.11,23.62,1.9,1.92,1.76,-21.92,380.1,320.99,Pass (Up),49.58,0.78,-3.88,15.65,55.22
CELEBRITY,Celebrity Fashions Limited,-1.63,-1.36,-43.86,-21.19,-1.87,-1.74,-1.7,-49.52,6.26,7.58,Fail (Down),-32.26,1.67,-45.61,0.01,44.27
CELLO,Cello World Limited,-1.2,-1.61,-43.51,-22.93,-1.75,-1.95,-1.7,-51.3,323.1,410.14,Fail (Down),-45.62,0.76,-50.87,35.06,42.16
CEMPRO,Cemindia Projects Limited,0.17,0.78,44.98,35.18,1.84,2.15,1.49,-40.92,1178.9,964.8,Pass (Up),66.05,1.51,-28.1,60.07,53.4
CENTENKA,Century Enka Limited,0.98,1.4,12.43,18.58,1.42,1.63,1.41,-23.53,537.8,481.16,Pass (Up),28.68,1.05,-12.79,20.54,51.68
CENTEXT,Century Extrusions Limited,-0.06,-0.08,-24.69,-10.57,-0.56,-0.57,-0.4,-51.34,18.18,20.5,Fail (Down),-3.14,1.11,-46.45,0.75,47.63
CENTRALBK,Central Bank of India,-1.05,-1.05,-18.11,-12.8,-1.16,-1.17,-1.13,-25.56,30.0,33.69,Fail (Down),-4.69,1.23,-24.6,22.86,47.04
CENTRUM,Centrum Capital Limited,-1.64,-1.73,-40.2,-26.91,-2.17,-2.21,-2.02,-43.88,19.9,24.38,Fail (Down),-28.38,1.21,-43.05,0.77,44.95
CENTUM,Centum Electronics Limited,2.08,2.86,74.8,62.84,4.18,4.57,3.74,-22.32,4701.7,3141.55,Pass (Up),79.23,0.99,-4.45,32.59,55.92
CENTURYPLY,Century Plyboards (India) Limited,-1.46,-1.53,-16.75,-13.96,-1.43,-1.47,-1.46,-23.49,666.45,756.59,Fail (Down),-6.8,0.87,-20.93,6.09,47.16
CERA,Cera Sanitaryware Limited,-1.58,-1.41,-15.57,-9.31,-1.26,-1.17,-1.31,-28.12,5096.5,5463.14,Fail (Down),-5.15,0.85,-22.61,5.59,47.3
CEREBRAINT,Cerebra Integrated Technologies Limited,-1.85,-1.7,-67.74,-33.48,-2.6,-2.52,-2.3,-74.62,2.71,4.15,Fail (Down),-99.98,0.6,-72.49,0.02,41.05
CESC,CESC Limited,-2.18,-2.09,-13.11,-16.75,-1.93,-1.88,-1.98,-31.31,131.62,157.19,Fail (Down),-2.73,0.81,-31.31,23.98,48.11
CEWATER,Concord Enviro Systems Limited,-1.21,-1.36,-50.0,-26.69,-1.94,-2.02,-1.75,-52.47,253.45,320.61,Fail (Down),-45.67,1.22,-50.07,4.66,43.44
CGCL,Capri Global Capital Limited,1.2,1.43,32.13,23.93,1.8,1.91,1.67,-27.31,249.23,204.58,Pass (Up),44.69,1.04,-10.96,130.03,53.76
CGPOWER,CG Power and Industrial Solutions Limited,0.61,0.66,19.08,13.97,1.0,1.03,0.89,-30.28,879.0,797.34,Pass (Up),33.45,1.0,-9.98,263.1,52.31
CHALET,Chalet Hotels Limited,0.31,0.32,-13.12,0.31,0.17,0.18,0.22,-27.96,830.25,820.7,Pass (Up),-0.13,1.07,-14.74,14.36,47.85
CHAMBLFERT,Chambal Fertilizers & Chemicals Limited,-1.78,-1.77,-19.89,-14.1,-1.6,-1.59,-1.65,-21.29,399.3,441.32,Fail (Down),-10.23,0.94,-21.29,20.73,46.29
CHEMBOND,Chembond Material Technologies Limited,0.37,0.48,-0.25,7.56,0.56,0.62,0.53,-40.71,177.64,163.52,Pass (Up),24.78,1.14,-21.34,0.29,49.98
CHEMBONDCH,Chembond Chemicals Limited,0.77,0.91,31.94,25.25,1.65,1.72,1.4,-35.53,215.81,189.83,Pass (Up),58.22,1.4,-24.11,0.37,52.14
CHEMCON,Chemcon Speciality Chemicals Limited,1.7,2.29,-14.94,24.19,2.06,2.36,2.14,-54.54,215.93,179.55,Pass (Up),3.14,1.19,-19.47,0.61,47.78
CHEMFAB,Chemfab Alkalis Limited,-0.73,-0.78,-47.05,-14.11,-1.07,-1.1,-0.97,-52.93,328.35,385.62,Fail (Down),-45.72,1.14,-47.05,0.14,42.27
CHEMPLASTS,Chemplast Sanmar Limited,-0.67,-0.8,-50.48,-20.23,-1.34,-1.41,-1.16,-59.54,191.56,226.63,Fail (Down),-49.23,1.04,-53.07,15.46,43.07
CHENNPETRO,Chennai Petroleum Corporation Limited,1.73,2.1,87.06,47.28,3.23,3.42,2.85,-28.62,1346.4,1060.22,Pass (Up),80.68,0.29,-17.22,296.81,55.08
CHEVIOT,Cheviot Company Limited,0.9,1.08,4.24,9.93,0.94,1.03,0.99,-22.18,1167.0,1082.79,Pass (Up),16.16,0.84,-12.22,0.45,50.71
CHOICEIN,Choice International Limited,-0.34,-0.46,-6.11,-2.95,-0.32,-0.38,-0.37,-31.32,719.4,743.4,Fail (Down),12.41,1.43,-15.39,52.88,49.13
CHOLAFIN,Cholamandalam Investment and Finance Company Limited,-0.61,-0.54,-1.46,-7.76,-0.69,-0.66,-0.64,-24.91,1580.0,1681.51,Fail (Down),20.27,1.7,-18.56,247.09,49.82
CHOLAHLDNG,Cholamandalam Financial Holdings Limited,-1.64,-1.61,-28.15,-20.74,-1.86,-1.84,-1.77,-32.95,1369.6,1606.14,Fail (Down),-14.61,1.35,-31.97,28.29,45.83
CIEINDIA,CIE Automotive India Limited,-1.47,-1.3,-7.69,-15.55,-1.52,-1.43,-1.44,-23.5,376.35,433.9,Fail (Down),6.41,1.04,-23.23,17.08,48.92
CIFL,Capital India Finance Limited,-1.06,-1.13,-42.08,-21.25,-1.59,-1.63,-1.44,-49.31,20.76,26.42,Fail (Down),-36.67,1.2,-46.12,0.28,43.81
CINELINE,Cineline India Limited,0.69,0.85,-4.07,4.12,0.55,0.63,0.65,-19.81,85.96,83.95,Pass (Up),10.5,0.7,-11.71,0.3,49.52
CINEVISTA,Cinevista Limited,-1.51,-1.33,-25.11,-13.03,-1.4,-1.32,-1.38,-32.28,13.63,15.28,Fail (Down),-12.07,0.8,-29.6,0.02,46.93
CIPLA,Cipla Limited,-0.69,-0.6,-10.34,-2.58,-0.47,-0.43,-0.52,-28.32,1344.0,1371.59,Fail (Down),-3.19,0.6,-18.45,145.15,47.52
CLCIND,CLC Industries Limited,1.26,0.86,-84.56,3.38,0.8,0.6,0.82,-96.8,43.22,72.35,Fail (Down),71.71,0.37,-84.56,0.03,16.49
CLEAN,Clean Science and Technology Limited,0.38,0.42,-26.28,-0.81,0.15,0.17,0.24,-40.03,803.05,787.62,Pass (Up),-15.43,1.1,-26.28,30.66,45.33
CLEDUCATE,CL Educate Limited,0.49,0.49,-37.82,-3.96,0.05,0.05,0.2,-59.14,57.91,57.34,Pass (Up),-31.63,0.44,-37.82,0.13,44.85
CLSEL,Chaman Lal Setia Exports Limited,0.39,0.55,9.94,8.09,0.6,0.68,0.59,-29.62,281.95,270.61,Pass (Up),35.82,1.72,-10.72,3.76,51.04
CMICABLES,CMI Limited,-2.27,-0.98,-22.71,-22.85,-2.28,-1.63,-1.84,-56.27,2.62,3.6,Fail (Down),-22.24,0.01,-54.36,0.0,44.46
CMSINFO,CMS Info Systems Limited,-1.97,-2.02,-39.52,-25.23,-2.24,-2.27,-2.17,-42.05,220.69,287.02,Fail (Down),-41.01,0.66,-42.05,21.14,42.9
CNL,Creative Newtech Limited,2.28,3.02,64.56,56.34,3.96,4.32,3.64,-32.3,1079.2,796.53,Pass (Up),63.17,0.31,-15.62,26.86,55.66
COALINDIA,Coal India Limited,0.03,0.06,15.56,1.02,0.07,0.08,0.06,-15.84,420.4,423.64,Fail (Down),19.18,0.17,-10.43,322.16,52.72
COASTCORP,Coastal Corporation Limited,-1.53,-1.64,2.82,-22.54,-1.89,-1.94,-1.81,-43.27,35.82,47.41,Fail (Down),29.06,1.2,-42.7,0.57,50.18
COCHINSHIP,Cochin Shipyard Limited,-0.89,-0.81,-30.47,-13.53,-1.12,-1.08,-1.02,-35.61,1287.0,1486.22,Fail (Down),-17.36,1.34,-30.47,172.37,45.4
COFFEEDAY,Coffee Day Enterprises Limited,-0.02,0.08,-28.32,-5.44,-0.28,-0.23,-0.16,-52.12,29.69,30.43,Fail (Down),-7.21,1.35,-32.69,1.82,46.72
COFORGE,Coforge Limited,1.75,2.15,14.86,25.23,2.14,2.34,2.14,-45.58,1826.0,1514.06,Pass (Up),31.75,1.04,-9.36,468.37,51.77
COHANCE,Cohance Lifesciences Limited,0.41,0.7,-48.16,7.15,0.57,0.71,0.61,-69.06,451.3,415.11,Pass (Up),-46.32,0.88,-50.12,49.29,41.0
COLPAL,Colgate Palmolive (India) Limited,-1.42,-1.53,-20.25,-14.2,-1.42,-1.48,-1.46,-23.52,1735.0,2021.32,Fail (Down),-12.05,0.85,-23.52,74.65,46.12
COMPINFO,Compuage Infocom Limited,-0.54,-0.48,-35.88,-14.49,-1.0,-0.96,-0.82,-61.28,1.09,1.28,Fail (Down),-30.49,0.53,-53.62,0.0,46.28
COMPUSOFT,Compucom Software Limited,-0.02,-0.03,-30.27,-5.79,-0.3,-0.31,-0.21,-38.19,13.05,13.6,Fail (Down),-27.14,0.31,-32.47,0.04,44.41
COMSYN,Commercial Syn Bags Limited,1.96,3.06,68.96,58.28,3.9,4.44,3.62,-20.59,262.4,188.09,Pass (Up),69.66,0.33,-14.26,22.73,56.9
CONCOR,Container Corporation of India Limited,-0.47,-0.54,-14.64,-8.92,-0.68,-0.72,-0.63,-22.59,442.0,489.71,Fail (Down),-1.31,1.16,-18.85,92.68,47.44
CONCORDBIO,Concord Biotech Limited,0.92,1.13,-15.41,12.49,1.08,1.19,1.1,-37.9,1374.1,1263.8,Pass (Up),1.02,1.04,-15.41,23.35,47.79
CONFIPET,Confidence Petroleum India Limited,1.62,2.03,88.59,62.08,3.92,4.12,3.29,-38.07,86.05,58.08,Pass (Up),88.81,0.49,-6.31,27.42,55.71
CONSOFINVT,Consolidated Finvest & Holdings Limited,1.76,2.28,52.19,37.69,2.76,3.03,2.6,-19.15,279.6,232.43,Pass (Up),56.19,0.52,-11.49,0.49,55.21
CONTROLPR,Control Print Limited,-0.24,-0.19,-20.55,-5.59,-0.4,-0.38,-0.33,-35.72,618.0,626.08,Fail (Down),-6.33,1.05,-23.56,2.65,47.01
CORALFINAC,Coral India Finance & Housing Limited,-0.16,-0.13,-26.91,-9.18,-0.54,-0.52,-0.4,-42.62,31.25,33.55,Fail (Down),-13.57,1.27,-30.14,0.27,45.97
CORDSCABLE,Cords Cable Industries Limited,2.31,3.59,82.63,73.83,4.85,5.49,4.43,-38.17,318.9,208.57,Pass (Up),89.42,1.34,-16.71,5.64,55.75
COROMANDEL,Coromandel International Limited,-1.43,-1.3,-21.27,-17.51,-1.59,-1.52,-1.49,-27.23,1763.6,2052.64,Fail (Down),-9.69,1.07,-26.41,28.66,46.71
CORONA,CORONA Remedies Limited,1.29,1.29,41.86,24.48,1.87,1.87,1.68,-10.03,2029.4,1762.69,Pass (Up),61.51,0.62,-9.24,8.67,55.48
COSMOFIRST,COSMO FIRST LIMITED,0.61,0.71,-4.78,11.33,0.87,0.92,0.82,-36.08,826.85,753.34,Pass (Up),12.63,1.02,-14.3,9.11,49.4
COUNCODOS,Country Condo's Limited,1.46,1.87,-5.52,26.1,2.03,2.24,1.98,-43.39,6.33,5.49,Pass (Up),10.44,0.36,-13.99,0.11,49.34
CPCAP,CP Capital Limited,1.69,2.07,10.75,33.43,2.52,2.7,2.37,-41.35,140.85,106.49,Pass (Up),29.05,0.9,-10.23,0.52,51.27
CPEDU,Career Point Edutech Limited,-0.56,-0.66,-34.39,-16.76,-1.12,-1.17,-0.97,-56.67,176.36,200.47,Fail (Down),-18.88,1.3,-46.25,0.25,46.26
CPPLUS,Aditya Infotech Limited,2.19,2.65,185.71,82.04,5.2,5.42,4.35,-20.37,3799.6,2600.54,Pass (Up),122.86,0.59,-2.55,85.2,59.87
CRAFTSMAN,Craftsman Automation Limited,1.87,2.44,53.03,32.94,2.58,2.86,2.53,-19.37,10266.0,8708.97,Pass (Up),60.52,1.07,-13.37,58.84,55.46
CRAMC,Canara Robeco Asset Management Company Limited,-1.11,-1.37,-26.88,-18.21,-1.47,-1.59,-1.43,-37.73,216.52,254.38,Fail (Down),-6.73,1.44,-37.34,23.07,46.42
CREATIVEYE,Creative Eye Limited,0.12,0.13,-18.82,-5.82,-0.23,-0.23,-0.11,-30.8,6.17,6.54,Fail (Down),0.48,0.69,-23.07,0.02,48.19
CREDITACC,CREDITACCESS GRAMEEN LIMITED,-1.17,-1.03,-11.55,-10.5,-1.11,-1.04,-1.09,-24.64,1239.0,1349.22,Fail (Down),4.05,0.91,-23.23,45.73,48.63
CREST,Crest Ventures Limited,0.06,0.06,1.37,0.25,0.04,0.04,0.05,-23.41,362.35,363.25,Fail (Down),15.87,0.89,-10.16,0.18,50.17
CRISIL,Crisil Limited,1.1,1.29,0.99,10.94,1.1,1.19,1.16,-25.8,4428.6,4305.39,Pass (Up),10.95,0.65,-10.94,28.67,50.16
CRIZAC,Crizac Limited,-1.35,-1.43,-42.1,-25.07,-1.93,-1.97,-1.76,-48.71,166.89,211.0,Fail (Down),-33.22,1.41,-46.6,5.99,44.57
CROMPTON,Crompton Greaves Consumer Electricals Limited,-1.93,-1.87,-30.01,-21.15,-2.02,-1.99,-1.97,-32.06,202.7,251.89,Fail (Down),-20.09,1.25,-32.06,80.67,44.96
CROWN,Crown Lifters Limited,-0.13,-0.16,-27.77,-9.27,-0.53,-0.54,-0.41,-36.61,111.53,119.75,Fail (Down),-9.64,1.15,-31.16,0.23,46.7
CSBBANK,CSB Bank Limited,-1.02,-1.15,-19.93,-22.38,-1.63,-1.69,-1.47,-46.84,304.75,375.36,Fail (Down),2.01,1.44,-45.33,21.42,48.07
CSLFINANCE,CSL Finance Limited,-0.6,-0.63,-25.37,-11.5,-0.87,-0.89,-0.79,-34.41,208.34,233.37,Fail (Down),-14.69,0.9,-32.43,0.88,46.5
CTE,Cambridge Technology Enterprises Limited,1.41,1.71,0.1,22.94,1.85,2.0,1.81,-63.73,38.91,34.33,Pass (Up),25.01,0.93,-34.11,0.08,50.01
CUB,City Union Bank Limited,0.84,0.9,46.01,13.21,1.08,1.11,1.02,-23.28,230.04,206.5,Pass (Up),57.92,1.19,-3.54,67.36,53.76
CUBEXTUB,Cubex Tubings Limited,2.73,5.57,75.82,85.62,5.64,7.07,5.62,-42.9,166.1,94.58,Pass (Up),91.36,1.42,-5.49,2.14,55.98
CUMMINSIND,Cummins India Limited,-0.56,-0.42,27.89,1.23,-0.22,-0.15,-0.29,-20.37,4860.0,4984.52,Fail (Down),38.28,0.94,-18.7,226.12,53.35
CUPID,Cupid Limited,3.71,3.42,619.05,204.93,12.1,11.96,9.21,-28.25,312.5,155.92,Pass (Up),228.87,0.86,0.0,806.74,65.18
CURAA,Cura Technologies Limited,-0.75,-0.78,-66.04,-27.1,-1.73,-1.75,-1.42,-69.88,72.25,88.6,Fail (Down),-97.47,-0.18,-66.04,0.0,39.87
CYBERMEDIA,Cyber Media (India) Limited,0.78,1.02,7.35,14.92,1.14,1.26,1.1,-38.87,17.96,16.64,Pass (Up),32.53,0.97,-32.4,0.16,50.6
CYBERTECH,Cybertech Systems And Software Limited,0.16,0.38,-34.79,-3.17,-0.08,0.03,0.07,-60.65,135.95,130.14,Pass (Up),-21.01,1.12,-44.25,0.17,44.73
CYIENT,Cyient Limited,1.65,2.49,-2.61,20.38,1.84,2.26,2.06,-37.68,1104.6,959.87,Pass (Up),13.58,1.09,-8.57,89.25,49.63
CYIENTDLM,Cyient DLM Limited,3.83,5.52,107.21,117.8,7.81,8.65,7.05,-44.22,893.9,501.09,Pass (Up),97.6,1.3,-8.44,65.6,58.7
DABUR,Dabur India Limited,-2.01,-1.93,-23.02,-17.74,-1.89,-1.85,-1.91,-28.36,374.25,443.5,Fail (Down),-15.25,0.93,-27.84,80.59,45.24
DALBHARAT,Dalmia Bharat Limited,-0.72,-0.72,-24.19,-11.44,-0.93,-0.93,-0.86,-28.42,1682.1,1882.07,Fail (Down),-13.13,1.18,-25.0,39.67,45.52
DALMIASUG,Dalmia Bharat Sugar and Industries Limited,0.66,0.98,14.65,14.0,1.03,1.19,1.01,-29.99,396.7,350.39,Pass (Up),28.79,0.48,-21.92,25.16,51.48
DAMCAPITAL,Dam Capital Advisors Limited,-0.0,0.04,-37.72,-9.57,-0.48,-0.46,-0.31,-53.85,146.56,157.38,Fail (Down),-24.22,1.5,-43.94,11.56,44.91
DAMODARIND,Damodar Industries Limited,-0.66,-0.51,-21.77,-4.13,-0.54,-0.46,-0.53,-44.69,26.59,28.15,Fail (Down),-5.7,1.08,-26.51,0.01,47.27
DANGEE,Dangee Dums Limited,-0.4,-0.48,-30.79,-12.08,-0.81,-0.84,-0.7,-43.72,2.9,3.17,Fail (Down),-14.65,0.96,-37.23,0.06,46.36
DATAMATICS,Datamatics Global Services Limited,0.11,0.12,-6.91,0.03,0.06,0.06,0.08,-34.78,790.3,768.59,Pass (Up),14.59,1.41,-18.6,11.73,49.21
DATAPATTNS,Data Patterns (India) Limited,0.66,0.81,61.94,26.42,1.65,1.73,1.37,-29.92,4251.3,3759.28,Pass (Up),72.03,1.04,-13.81,371.84,54.03
DAVANGERE,Davangere Sugar Company Limited,-1.66,-1.53,-43.78,-39.1,-2.78,-2.72,-2.37,-66.02,2.26,3.59,Fail (Down),-35.31,0.7,-56.12,4.04,45.45
DBCORP,D.B.Corp Limited,-1.88,-1.7,-33.92,-18.54,-1.87,-1.77,-1.81,-33.97,172.52,211.11,Fail (Down),-30.06,0.88,-33.97,8.24,43.52
DBEIL,Deepak Builders & Engineers India Limited,-1.2,-1.55,-61.5,-24.92,-1.85,-2.02,-1.75,-69.08,6.5,8.11,Fail (Down),-71.82,1.53,-62.53,0.17,38.75
DBL,Dilip Buildcon Limited,-0.36,-0.45,-19.31,-8.5,-0.6,-0.65,-0.55,-26.45,399.1,435.55,Fail (Down),-7.51,0.89,-23.79,27.5,47.32
DBOL,Dhampur Bio Organics Limited,0.9,1.05,50.4,20.6,1.48,1.56,1.34,-22.51,120.91,105.78,Pass (Up),55.05,0.31,-10.84,2.92,54.0
DBREALTY,Valor Estate Limited,-1.1,-1.13,-43.81,-19.23,-1.51,-1.52,-1.38,-48.55,91.7,110.36,Fail (Down),-27.18,1.98,-43.81,8.94,44.43
DBSTOCKBRO,DB (International) Stock Brokers Limited,0.3,0.34,24.11,9.38,0.62,0.64,0.53,-38.19,31.5,28.92,Pass (Up),32.73,0.37,-29.48,0.25,52.56
DCAL,Dishman Carbogen Amcis Limited,-1.31,-1.22,-45.6,-22.48,-1.78,-1.73,-1.59,-56.33,150.35,189.62,Fail (Down),-30.03,1.88,-49.48,5.35,44.72
DCBBANK,DCB Bank Limited,0.93,1.16,56.61,13.76,1.15,1.27,1.16,-21.38,199.71,187.41,Pass (Up),69.09,1.61,-13.0,40.51,54.54
DCI,Dc Infotech And Communication Limited,0.79,0.9,34.8,13.24,1.06,1.11,1.0,-36.15,342.95,285.42,Pass (Up),47.79,0.3,-17.1,7.42,52.85
DCM,DCM  Limited,-1.44,-1.25,-25.05,-13.55,-1.4,-1.3,-1.35,-44.21,72.83,83.13,Fail (Down),-13.61,0.86,-27.21,0.1,46.36
DCMFINSERV,DCM Financial Services Limited,0.07,0.1,-7.48,-2.8,-0.1,-0.09,-0.03,-43.56,5.07,5.19,Fail (Down),11.25,0.33,-37.79,0.01,49.34
DCMNVL,DCM Nouvelle Limited,1.19,1.63,6.73,23.4,1.77,1.98,1.72,-40.77,166.47,145.32,Pass (Up),24.22,0.69,-13.68,0.3,50.7
DCMSHRIRAM,DCM Shriram Limited,-1.71,-1.77,-21.69,-18.51,-1.78,-1.81,-1.77,-31.15,906.85,1084.44,Fail (Down),-13.33,0.78,-31.15,13.04,46.53
DCMSRIND,DCM Shriram Industries Limited,-0.39,-0.4,-77.87,-17.07,-1.05,-1.05,-0.83,-81.49,37.69,44.49,Fail (Down),-88.98,0.81,-78.4,1.31,34.15
DCW,DCW Limited,-0.42,-0.44,-35.27,-10.14,-0.72,-0.73,-0.63,-47.26,44.62,47.57,Fail (Down),-13.72,2.01,-36.96,6.38,45.76
DCXINDIA,DCX Systems Limited,-1.78,-1.69,-34.61,-18.28,-1.8,-1.76,-1.77,-37.86,158.99,182.96,Fail (Down),-19.66,1.36,-35.94,8.23,45.67
DDEVPLSTIK,Ddev Plastiks Industries Limited,-0.27,-0.25,-27.46,-6.6,-0.47,-0.46,-0.39,-45.46,247.61,264.56,Fail (Down),-12.43,1.24,-28.33,3.82,46.09
DECCANCE,Deccan Cements Limited,-0.8,-0.89,-49.52,-14.79,-1.14,-1.18,-1.05,-50.34,548.95,625.3,Fail (Down),-52.36,1.12,-49.52,1.52,40.51
DEEDEV,DEE Development Engineers Limited,1.72,2.01,145.17,91.18,5.42,5.57,4.28,-33.34,663.2,465.65,Pass (Up),117.07,1.03,-10.08,11.7,56.75
DEEPAKFERT,Deepak Fertilizers and Petrochemicals Corporation Limited,-0.45,-0.27,-15.34,-0.09,-0.23,-0.14,-0.24,-44.54,1300.9,1288.0,Pass (Up),7.34,1.65,-21.3,48.85,48.03
DEEPAKNTR,Deepak Nitrite Limited,-0.28,-0.26,-18.57,-4.66,-0.37,-0.36,-0.33,-30.51,1492.8,1628.59,Fail (Down),-7.18,1.0,-20.06,57.49,46.94
DEEPINDS,Deep Industries Limited,2.67,3.32,47.89,65.63,4.62,4.94,4.18,-35.31,749.0,498.36,Pass (Up),58.38,0.8,-8.51,37.59,54.54
DELHIVERY,Delhivery Limited,-1.66,-1.59,-7.93,-14.03,-1.53,-1.5,-1.55,-23.12,400.0,445.19,Fail (Down),6.59,1.07,-23.12,159.46,48.95
DELPHIFX,DELPHI WORLD MONEY LIMITED,-1.08,-1.05,-53.04,-33.28,-2.2,-2.19,-1.82,-70.6,6.9,10.5,Fail (Down),-47.16,1.21,-59.1,0.12,44.59
DELTACORP,Delta Corp Limited,0.98,1.31,-6.26,13.91,1.18,1.35,1.22,-39.76,73.48,64.17,Pass (Up),19.1,1.31,-9.54,32.43,49.25
DELTAMAGNT,Delta Manufacturing Limited,-0.61,-0.65,-30.45,-11.65,-0.89,-0.91,-0.81,-43.95,54.08,60.36,Fail (Down),-21.16,0.75,-34.39,0.05,46.0
DEN,Den Networks Limited,-1.13,-1.1,-25.26,-10.9,-1.11,-1.09,-1.1,-34.77,25.41,28.13,Fail (Down),-13.96,1.13,-27.87,0.97,45.63
DENORA,De Nora India Limited,-0.73,-0.73,-14.1,-6.9,-0.71,-0.71,-0.72,-33.14,723.9,752.07,Fail (Down),3.57,1.12,-23.36,0.51,48.27
DENTA,Denta Water and Infra Solutions Limited,-1.13,-1.06,-41.92,-17.46,-1.44,-1.41,-1.31,-52.0,260.65,285.02,Fail (Down),-30.29,1.44,-43.75,7.03,44.29
DEVIT,Dev Information Technology Limited,-1.86,-2.01,-48.62,-29.3,-2.4,-2.47,-2.27,-51.21,20.75,28.34,Fail (Down),-44.26,1.08,-51.21,0.14,44.17
DEVX,Dev Accelerator Limited,0.25,0.3,-29.25,-3.1,-0.03,-0.01,0.08,-40.78,36.28,37.48,Fail (Down),-16.37,1.0,-30.28,0.37,45.96
DEVYANI,Devyani International Limited,0.84,1.24,-26.01,4.2,0.63,0.83,0.83,-44.92,127.07,122.84,Pass (Up),-11.62,1.21,-26.01,54.44,46.04
DGCONTENT,Digicontent Limited,0.01,0.03,-28.75,-7.38,-0.36,-0.36,-0.23,-42.54,25.43,27.07,Fail (Down),-8.98,1.34,-33.46,0.08,46.89
DHAMPURSUG,Dhampur Sugar Mills Limited,1.42,1.7,29.08,27.26,2.07,2.21,1.95,-22.88,171.06,139.69,Pass (Up),35.49,0.2,-9.85,15.13,53.08
DHANBANK,Dhanlaxmi Bank Limited,-0.64,-0.5,7.24,-5.65,-0.6,-0.53,-0.57,-29.2,26.97,28.89,Fail (Down),26.87,1.23,-25.54,4.43,50.79
DHANUKA,Dhanuka Agritech Limited,-1.56,-1.42,-39.07,-15.16,-1.54,-1.47,-1.5,-41.57,935.05,1051.47,Fail (Down),-38.75,0.81,-39.07,3.02,41.68
DHARAN,DHARAN INFRA-EPC LIMITED,-1.06,-0.58,-76.36,-28.94,-1.98,-1.74,-1.51,-80.7,0.13,0.16,Fail (Down),-121.76,0.76,-77.19,0.18,36.36
DHARMAJ,Dharmaj Crop Guard Limited,0.53,0.59,-14.42,4.99,0.51,0.55,0.54,-32.94,267.65,257.95,Pass (Up),-3.95,0.63,-16.83,1.53,47.67
DHRUV,Dhruv Consultancy Services Limited,-2.28,-2.29,-62.46,-41.19,-3.2,-3.2,-2.89,-63.21,19.74,30.89,Fail (Down),-83.51,0.53,-63.21,0.02,41.07
DHUNINV,Dhunseri Investments Limited,0.57,0.86,-32.32,4.31,0.5,0.65,0.62,-53.46,967.3,946.51,Pass (Up),-20.49,1.03,-33.74,0.34,44.99
DIACABS,Diamond Power Infrastructure Limited,3.42,4.6,128.99,112.02,7.31,7.9,6.41,-24.25,345.0,209.77,Pass (Up),110.63,1.51,-12.6,109.98,58.63
DIAMINESQ,Diamines & Chemicals Limited,-0.48,-0.51,-23.86,-9.44,-0.71,-0.73,-0.64,-34.81,236.31,249.76,Fail (Down),-12.63,0.72,-27.46,0.24,46.82
DIAMONDYD,Prataap Snacks Limited,-0.43,-0.52,4.85,-1.46,-0.29,-0.33,-0.36,-27.82,1073.0,1090.4,Fail (Down),15.66,0.56,-12.54,4.36,50.69
DICIND,DIC India Limited,1.37,1.7,20.26,20.81,1.72,1.89,1.72,-17.77,613.65,530.2,Pass (Up),33.13,0.74,-7.81,0.59,52.22
DIFFNKG,Diffusion Engineers Limited,1.41,1.75,27.47,35.81,2.5,2.67,2.25,-38.88,464.4,338.16,Pass (Up),45.84,1.01,-4.35,15.8,52.82
DIGIDRIVE,Digidrive Distributors Limited,-0.64,-0.65,-40.89,-16.03,-1.12,-1.13,-0.97,-44.77,17.61,20.62,Fail (Down),-36.4,1.09,-42.28,0.03,43.28
DIGISPICE,DiGiSPICE Technologies Limited,-2.41,-2.06,-44.77,-26.04,-2.51,-2.33,-2.36,-46.57,14.79,19.27,Fail (Down),-48.32,0.73,-46.57,0.15,42.14
DIGITIDE,Digitide Solutions Limited,-2.55,-2.26,-55.81,-33.67,-2.96,-2.81,-2.73,-59.73,72.34,98.51,Fail (Down),-57.07,1.32,-59.73,4.72,43.16
DIGJAMLMTD,Digjam Limited,0.55,0.76,-15.12,1.93,0.37,0.47,0.5,-34.69,47.96,47.76,Pass (Up),4.55,0.89,-29.9,0.31,48.34
DIL,Debock Industries Limited,-4.88,-1.91,-69.19,-39.84,-4.43,-2.95,-3.59,-69.34,0.65,1.06,Fail (Down),-115.72,0.22,-69.34,0.01,24.65
DISHTV,Dish TV India Limited,-2.3,-2.39,-56.57,-34.11,-2.86,-2.9,-2.7,-63.05,2.15,3.1,Fail (Down),-60.51,1.21,-56.83,0.32,42.05
DIVGIITTS,Divgi Torqtransfer Systems Limited,1.79,2.5,70.02,54.82,3.63,3.99,3.26,-21.2,1136.4,830.4,Pass (Up),74.32,0.96,-12.41,19.41,55.74
DIVISLAB,Divi's Laboratories Limited,3.67,4.97,62.65,48.03,4.24,4.89,4.48,-15.44,9249.0,7037.39,Pass (Up),58.67,0.62,-3.9,423.87,59.44
DIXON,Dixon Technologies (India) Limited,0.27,0.37,-22.75,2.86,0.28,0.33,0.31,-44.55,12700.0,12084.22,Pass (Up),-4.85,1.46,-27.14,598.69,46.63
DJML,DJ Mediaprint & Logistics Limited,-0.95,-0.78,-19.63,-19.91,-1.47,-1.38,-1.24,-46.96,72.61,90.97,Fail (Down),-0.74,0.44,-40.35,3.32,48.37
DLF,DLF Limited,0.46,0.47,-7.7,4.2,0.44,0.45,0.45,-35.33,658.4,621.13,Pass (Up),12.48,1.68,-14.48,257.44,48.8
DLINKINDIA,D-Link (India) Limited,-1.02,-1.06,-10.7,-8.37,-0.93,-0.95,-0.97,-22.68,406.6,424.29,Fail (Down),2.19,0.94,-21.59,7.81,48.42
DMART,Avenue Supermarts Limited,-0.86,-0.78,-14.31,-7.28,-0.79,-0.75,-0.79,-20.49,3813.0,4003.96,Fail (Down),-7.89,0.52,-17.62,201.17,47.05
DMCC,DMCC SPECIALITY CHEMICALS LIMITED,1.5,2.27,0.24,29.54,2.23,2.61,2.24,-37.48,308.7,257.73,Pass (Up),24.6,1.26,-3.5,3.06,50.03
DNAMEDIA,Diligent Media Corporation Limited,-1.14,-1.24,-48.4,-23.13,-1.73,-1.78,-1.56,-50.75,2.42,3.09,Fail (Down),-49.42,0.69,-48.4,0.01,42.94
DODLA,Dodla Dairy Limited,-0.79,-0.93,-24.33,-11.36,-0.96,-1.03,-0.95,-28.1,1006.3,1104.94,Fail (Down),-14.4,1.02,-25.17,2.94,45.56
DOLATALGO,Dolat Algotech Limited,-1.39,-1.53,-23.09,-17.25,-1.56,-1.63,-1.55,-32.8,62.86,75.53,Fail (Down),-12.58,0.89,-32.8,0.96,46.75
DOLLAR,Dollar Industries Limited,0.07,0.14,-26.06,-2.87,-0.11,-0.07,-0.02,-40.09,272.1,281.61,Fail (Down),-13.4,1.06,-26.14,3.53,45.72
DOLPHIN,Dolphin Offshore Enterprises (India) Limited,2.39,3.17,61.34,58.74,4.13,4.52,3.81,-25.83,628.1,451.11,Pass (Up),68.08,0.38,-13.28,4.73,54.66
DOMS,DOMS Industries Limited,-1.25,-1.33,-15.88,-12.36,-1.25,-1.28,-1.27,-23.34,2097.5,2298.01,Fail (Down),-6.76,0.79,-21.43,9.41,47.24
DONEAR,Donear Industries Limited,-0.66,-0.76,-13.92,-8.99,-0.78,-0.83,-0.77,-26.11,80.29,88.28,Fail (Down),0.76,1.04,-24.45,0.16,48.07
DPABHUSHAN,D. P. Abhushan Limited,2.6,4.27,31.52,72.98,4.95,5.79,4.72,-45.98,1874.0,1214.45,Pass (Up),52.11,1.18,0.0,19.02,53.24
DPSCLTD,DPSC Limited,-1.28,-1.32,-43.8,-19.01,-1.59,-1.61,-1.5,-43.85,6.8,8.4,Fail (Down),-43.74,0.95,-43.85,0.06,42.11
DPWIRES,D P Wires Limited,-0.44,-0.42,-32.69,-8.02,-0.62,-0.61,-0.55,-47.98,163.99,171.4,Fail (Down),-21.67,0.91,-32.69,0.12,45.24
DRCSYSTEMS,DRC Systems India Limited,-0.73,-0.88,-36.49,-15.34,-1.13,-1.21,-1.05,-41.03,13.02,14.71,Fail (Down),-32.37,0.64,-37.52,0.07,44.62
DREAMFOLKS,Dreamfolks Services Limited,-1.38,-1.64,-39.8,-21.18,-1.75,-1.88,-1.71,-61.97,61.5,78.19,Fail (Down),-25.92,1.58,-59.1,0.34,45.39
DREDGECORP,Dredging Corporation of India Limited,-0.44,-0.47,43.06,-2.83,-0.36,-0.38,-0.4,-34.17,895.2,1017.19,Fail (Down),69.77,1.47,-27.37,14.05,52.14
DRREDDY,Dr. Reddy's Laboratories Limited,-0.72,-0.71,-2.48,-4.51,-0.59,-0.58,-0.63,-16.93,1206.2,1241.78,Fail (Down),4.71,0.47,-11.76,249.71,49.52
DSKULKARNI,DS Kulkarni Developers Limited,2.98,0.36,92.4,92.4,6.11,4.8,4.2,-33.36,26.07,14.53,Pass (Up),72.35,-0.46,0.0,0.0,79.04
DSSL,Dynacons Systems & Solutions Limited,-1.21,-1.18,-6.14,-12.99,-1.25,-1.24,-1.23,-49.91,948.75,1121.69,Fail (Down),21.29,1.46,-49.91,3.48,49.53
DTIL,Dhunseri Tea & Industries Limited,0.91,1.37,-12.37,13.65,1.14,1.37,1.21,-41.53,158.57,139.31,Pass (Up),5.94,0.95,-14.09,0.34,48.22
DUCON,Ducon Infratechnologies Limited,-2.48,-2.13,-76.45,-63.22,-4.4,-4.23,-3.64,-77.72,1.3,3.06,Fail (Down),-109.17,1.52,-76.45,0.32,39.87
DVL,Dhunseri Ventures Limited,1.34,1.54,-22.04,13.04,1.32,1.42,1.4,-48.57,278.7,251.25,Pass (Up),-6.85,1.03,-23.1,0.77,46.53
DWARKESH,Dwarikesh Sugar Industries Limited,0.0,-0.0,1.11,-1.61,-0.08,-0.08,-0.05,-29.3,41.96,41.79,Pass (Up),14.8,0.3,-24.23,16.95,50.1
DYCL,Dynamic Cables Limited,1.27,1.47,7.05,27.51,2.01,2.11,1.83,-46.74,428.0,354.8,Pass (Up),39.36,1.71,-21.37,61.67,50.64
DYNAMATECH,Dynamatic Technologies Limited,2.28,2.85,93.94,43.73,3.33,3.61,3.17,-21.13,13756.0,10437.05,Pass (Up),90.72,1.26,0.0,22.39,56.34
DYNPRO,Dynemic Products Limited,-0.15,-0.15,-34.29,-6.09,-0.38,-0.38,-0.3,-43.95,224.58,233.05,Fail (Down),-26.09,0.75,-34.29,0.36,44.73
E2E,E2E Networks Limited,3.68,3.88,92.6,131.91,8.44,8.53,6.92,-47.77,648.0,372.46,Pass (Up),93.04,1.0,-5.56,69.1,56.21
EASEMYTRIP,Easy Trip Planners Limited,-1.39,-1.34,-29.06,-23.07,-1.85,-1.82,-1.68,-40.19,5.76,7.09,Fail (Down),-3.79,1.67,-40.19,11.14,46.68
EASTSILK,Eastern Silk Industries Limited,1.43,1.44,55.2,22.21,1.82,1.83,1.7,-51.02,70.12,63.18,Pass (Up),62.81,0.4,-25.82,0.01,53.3
EBGNG,GNG Electronics Limited,1.73,2.0,100.17,66.91,4.21,4.35,3.48,-31.35,704.7,455.91,Pass (Up),94.05,0.93,-1.46,43.77,56.42
ECLERX,eClerx Services Limited,0.93,1.17,-9.2,7.46,0.84,0.96,0.95,-46.44,1802.9,1770.36,Pass (Up),13.35,1.31,-27.07,60.03,49.11
ECOSMOBLTY,Ecos (India) Mobility & Hospitality Limited,-1.89,-1.88,-55.29,-26.94,-2.29,-2.29,-2.16,-57.38,105.01,140.43,Fail (Down),-52.4,1.76,-56.43,0.75,42.23
EDELWEISS,Edelweiss Financial Services Limited,1.23,1.34,28.31,19.63,1.6,1.65,1.51,-21.89,137.9,116.03,Pass (Up),48.23,1.55,-3.38,77.16,52.78
EDUCOMP,Educomp Solutions Limited,-1.08,-0.48,-41.18,-10.49,-1.06,-0.77,-0.87,-43.79,0.9,0.98,Fail (Down),-50.83,0.11,-41.18,0.0,30.67
EFCIL,EFC (I) Limited,-1.18,-1.23,-42.93,-22.02,-1.69,-1.72,-1.54,-45.51,171.2,212.34,Fail (Down),-38.79,1.05,-45.51,5.75,44.19
EICHERMOT,Eicher Motors Limited,-0.39,-0.34,-0.41,-4.44,-0.42,-0.39,-0.39,-19.58,6920.0,7354.8,Fail (Down),15.65,1.31,-14.62,355.13,49.93
EIDPARRY,EID Parry India Limited,-1.62,-1.72,-34.83,-19.63,-1.79,-1.84,-1.77,-38.1,674.55,821.21,Fail (Down),-30.39,1.03,-38.1,39.43,43.64
EIEL,Enviro Infra Engineers Limited,-0.93,-0.91,-25.05,-10.65,-1.0,-0.99,-0.97,-46.02,184.0,193.55,Fail (Down),-4.56,1.43,-27.57,29.82,47.02
EIFFL,Euro India Fresh Foods Limited,-0.28,-0.14,18.6,-1.91,-0.23,-0.17,-0.2,-29.38,267.75,263.1,Pass (Up),35.08,0.5,-24.9,0.27,51.62
EIHAHOTELS,EIH Associated Hotels Limited,-0.51,-0.5,-20.51,-8.58,-0.68,-0.68,-0.62,-30.63,296.1,315.6,Fail (Down),-8.32,1.18,-23.15,0.55,46.2
EIHOTEL,EIH Limited,-0.63,-0.6,-18.17,-10.8,-0.85,-0.84,-0.77,-31.46,297.85,318.67,Fail (Down),-5.71,1.07,-25.03,9.16,47.08
EIMCOELECO,Eimco Elecon (India) Limited,1.88,2.54,25.77,32.68,2.58,2.9,2.56,-37.91,2268.8,1744.04,Pass (Up),44.12,0.96,-2.44,9.16,52.62
EKC,Everest Kanto Cylinder Limited,-0.38,-0.5,-27.19,-8.87,-0.63,-0.69,-0.59,-40.09,106.01,111.64,Fail (Down),-11.21,1.33,-29.64,6.33,46.04
ELDEHSG,Eldeco Housing And Industries Limited,-0.11,-0.12,-3.04,-5.02,-0.31,-0.31,-0.25,-28.17,782.25,822.77,Fail (Down),13.94,0.65,-20.93,0.28,49.72
ELECON,Elecon Engineering Company Limited,-0.48,-0.57,-24.74,-8.75,-0.68,-0.72,-0.64,-42.7,440.0,455.18,Fail (Down),-3.82,1.52,-28.72,54.85,47.01
ELECTCAST,Electrosteel Castings Limited,-0.06,-0.06,-20.35,-5.89,-0.33,-0.33,-0.24,-36.97,74.54,75.26,Fail (Down),-0.58,1.22,-22.15,18.14,47.57
ELECTHERM,Electrotherm (India) Limited,-2.08,-1.67,-28.4,-14.05,-1.74,-1.54,-1.72,-52.18,743.6,874.35,Fail (Down),-2.1,1.44,-39.57,2.38,47.34
ELGIEQUIP,Elgi Equipments Limited,0.74,0.79,21.88,11.67,0.95,0.98,0.9,-19.26,584.65,543.88,Pass (Up),37.88,1.27,-8.99,29.39,52.52
ELGIRUBCO,Elgi Rubber Company Limited,-0.03,0.08,-21.05,2.41,0.11,0.16,0.1,-51.16,51.38,49.4,Pass (Up),15.08,1.97,-25.11,0.42,48.05
ELIN,Elin Electronics Limited,-1.66,-1.77,-62.34,-32.67,-2.46,-2.52,-2.23,-62.9,79.73,119.09,Fail (Down),-74.93,1.51,-62.9,3.56,40.75
ELLEN,Ellenbarrie Industrial Gases Limited,1.58,1.95,-27.2,26.57,2.12,2.3,2.06,-61.54,341.7,280.64,Pass (Up),-5.38,1.43,-27.2,31.31,46.41
EMAMILTD,Emami Limited,-1.2,-1.21,-29.89,-15.96,-1.4,-1.4,-1.34,-33.53,372.65,432.07,Fail (Down),-26.82,0.66,-31.89,53.31,44.19
EMAMIPAP,Emami Paper Mills Limited,2.18,3.5,24.49,50.01,3.59,4.25,3.56,-45.13,116.84,87.81,Pass (Up),38.25,0.79,-3.71,1.54,53.13
EMAMIREAL,Emami Realty Limited,-0.99,-1.0,-38.22,-12.54,-1.12,-1.12,-1.08,-51.72,67.14,76.26,Fail (Down),-25.34,1.08,-38.87,0.09,45.41
EMBDL,Embassy Developments Limited,-0.19,-0.17,-42.55,-4.67,-0.33,-0.32,-0.28,-59.61,56.13,59.59,Fail (Down),-32.28,1.11,-42.55,16.4,44.23
EMCURE,Emcure Pharmaceuticals Limited,1.36,1.52,49.38,21.79,1.77,1.85,1.69,-9.86,1944.6,1688.68,Pass (Up),51.32,0.51,-3.22,31.05,55.27
EMIL,Electronics Mart India Limited,2.89,4.7,42.82,73.91,5.14,6.04,4.99,-43.92,204.05,124.65,Pass (Up),60.57,1.4,-0.64,115.51,54.7
EMKAY,Emkay Global Financial Services Limited,1.09,1.38,-9.43,15.21,1.31,1.45,1.33,-47.16,286.8,246.78,Pass (Up),22.57,1.82,-19.01,1.06,49.05
EMMBI,Emmbi Industries Limited,-0.17,-0.14,-15.69,-2.36,-0.2,-0.19,-0.18,-47.52,86.04,87.94,Fail (Down),-1.21,0.92,-25.23,0.07,47.95
EMMVEE,Emmvee Photovoltaic Power Limited,0.37,0.42,39.86,25.3,1.45,1.47,1.11,-28.66,305.9,270.63,Pass (Up),70.53,1.11,-16.01,83.0,53.23
EMSLIMITED,EMS Limited,-0.71,-0.83,-39.2,-13.06,-1.01,-1.07,-0.95,-54.77,331.55,357.86,Fail (Down),-24.11,1.23,-41.58,21.78,45.17
EMUDHRA,eMudhra Limited,1.39,2.49,-13.06,20.96,1.74,2.29,1.99,-44.61,580.0,497.51,Pass (Up),1.4,0.75,-13.89,57.36,48.0
ENDURANCE,Endurance Technologies Limited,0.38,0.47,-7.13,2.23,0.3,0.34,0.36,-25.78,2601.4,2588.47,Pass (Up),6.47,0.97,-14.13,35.27,48.94
ENERGYDEV,Energy Development Company Limited,-1.37,-1.48,-24.49,-12.74,-1.32,-1.38,-1.37,-51.95,14.52,16.71,Fail (Down),-9.73,0.81,-46.95,0.04,47.19
ENGINERSIN,Engineers India Limited,2.28,3.09,58.32,44.51,3.37,3.77,3.27,-20.27,312.75,225.9,Pass (Up),70.23,1.42,-0.92,121.82,55.43
ENIL,Entertainment Network (India) Limited,-1.24,-1.27,-38.94,-16.56,-1.45,-1.46,-1.39,-39.46,93.36,106.74,Fail (Down),-41.95,0.46,-39.46,0.33,41.8
ENRIN,Siemens Energy India Limited,0.6,0.75,-1.76,12.66,0.93,1.01,0.87,-37.47,3334.0,3088.69,Pass (Up),12.81,0.73,-13.9,181.52,49.78
ENTERO,Entero Healthcare Solutions Limited,2.25,3.03,53.19,45.24,3.39,3.78,3.27,-19.67,1680.8,1256.04,Pass (Up),54.9,0.34,-11.46,41.15,55.25
EPACK,EPACK Durable Limited,-2.4,-2.32,-51.02,-32.3,-2.81,-2.78,-2.65,-51.98,171.59,235.55,Fail (Down),-48.54,1.32,-51.98,8.63,43.07
EPACKPEB,EPack Prefab Technologies Limited,0.55,0.69,30.14,12.56,0.9,0.97,0.83,-59.95,242.07,218.8,Pass (Up),65.52,1.78,-26.66,25.77,51.73
EPIGRAL,Epigral Limited,-0.08,-0.08,-43.03,-8.02,-0.44,-0.44,-0.32,-53.79,982.2,1103.07,Fail (Down),-34.99,1.43,-43.75,10.22,43.2
EPL,EPL Limited,0.23,0.25,10.05,1.02,0.17,0.17,0.19,-19.21,232.39,223.2,Pass (Up),25.88,1.11,-13.96,101.31,51.25
EQUIPPP,Equippp Social Impact Technologies Limited,1.0,1.03,2.61,18.64,1.43,1.44,1.3,-38.75,22.83,19.8,Pass (Up),15.45,0.29,-8.79,0.06,50.26
EQUITASBNK,Equitas Small Finance Bank Limited,-0.02,0.08,20.33,1.51,0.07,0.11,0.07,-27.19,68.41,69.22,Fail (Down),37.52,1.31,-17.65,20.53,52.18
ERIS,Eris Lifesciences Limited,-1.88,-1.61,-26.38,-16.3,-1.75,-1.62,-1.71,-29.69,1189.8,1382.61,Fail (Down),-21.33,0.58,-29.69,12.25,45.39
ESABINDIA,Esab India Limited,-0.06,-0.05,12.72,0.2,-0.02,-0.02,-0.03,-22.74,5500.5,5818.48,Fail (Down),24.17,0.76,-22.74,3.22,51.7
ESAFSFB,ESAF Small Finance Bank Limited,2.05,2.97,46.18,52.2,3.64,4.09,3.41,-33.8,43.4,31.19,Pass (Up),57.17,0.86,-2.93,9.25,54.73
ESCORTS,Escorts Kubota Limited,-1.36,-1.24,-25.47,-16.19,-1.49,-1.43,-1.41,-31.57,2667.3,3135.23,Fail (Down),-14.36,1.17,-31.57,28.33,45.92
ESSARSHPNG,Essar Shipping Limited,-1.32,-1.4,-36.25,-29.54,-2.14,-2.18,-1.89,-62.24,17.18,23.16,Fail (Down),-11.6,1.83,-58.23,0.75,46.85
ESSENTIA,Integra Essentia Limited,-1.06,-1.07,-44.13,-24.29,-1.75,-1.75,-1.52,-47.92,1.0,1.34,Fail (Down),-28.44,1.42,-47.92,0.37,45.26
ESTER,Ester Industries Limited,0.47,0.78,-13.94,3.32,0.4,0.55,0.53,-41.12,95.52,93.29,Pass (Up),6.95,1.15,-20.19,2.05,48.23
ETERNAL,ETERNAL LIMITED,1.45,1.74,-4.59,13.68,1.41,1.56,1.52,-39.13,313.9,276.4,Pass (Up),14.2,1.41,-11.42,984.66,49.31
ETHOSLTD,Ethos Limited,0.34,0.58,0.29,0.27,0.18,0.3,0.32,-36.79,2531.9,2553.32,Fail (Down),17.73,1.13,-20.79,25.97,50.04
EUREKAFORB,Eureka Forbes Limited,-2.59,-2.47,-36.81,-29.31,-2.76,-2.7,-2.66,-46.0,352.5,478.29,Fail (Down),-34.56,0.76,-46.0,7.2,44.57
EUROBOND,Euro Panel Products Limited,-0.98,-0.95,-29.71,-11.2,-1.05,-1.04,-1.02,-37.08,148.29,167.41,Fail (Down),-17.6,1.26,-31.73,0.1,45.55
EUROPRATIK,Euro Pratik Sales Limited,-2.6,-2.48,-24.53,-30.07,-2.8,-2.74,-2.69,-50.08,190.42,264.0,Fail (Down),-8.53,0.96,-50.08,5.16,47.86
EUROTEXIND,Eurotex Industries and Exports Limited,0.67,0.77,1.55,7.73,0.72,0.77,0.74,-50.59,15.73,14.29,Pass (Up),22.23,-0.16,-33.29,0.0,50.11
EVEREADY,Eveready Industries India Limited,-0.23,-0.25,-16.58,-4.7,-0.35,-0.36,-0.32,-32.24,315.85,329.13,Fail (Down),-3.69,0.9,-17.93,4.45,47.68
EVERESTIND,Everest Industries Limited,0.35,0.45,-30.31,7.45,0.55,0.6,0.51,-59.38,475.3,422.42,Pass (Up),-14.71,1.16,-33.38,0.58,45.83
EXCELINDUS,Excel Industries Limited,0.35,0.52,-17.32,1.11,0.23,0.32,0.33,-29.82,921.8,934.01,Fail (Down),-4.09,0.98,-18.62,3.05,47.16
EXCELSOFT,Excelsoft Technologies Limited,-0.14,-0.17,-37.82,-10.45,-0.59,-0.61,-0.45,-47.04,78.33,81.28,Fail (Down),-15.2,1.54,-37.82,8.07,44.55
EXICOM,Exicom Tele-Systems Limited,0.51,0.73,2.98,19.49,1.23,1.34,1.06,-48.37,151.1,131.23,Pass (Up),33.24,1.32,-18.03,26.12,50.25
EXIDEIND,Exide Industries Limited,0.76,1.1,4.14,11.59,0.96,1.13,1.0,-28.53,409.45,375.58,Pass (Up),19.53,1.15,-16.55,173.28,50.65
EXPLEOSOL,Expleo Solutions Limited,1.19,2.03,-1.72,15.52,1.37,1.79,1.59,-42.16,848.75,771.16,Pass (Up),16.81,1.17,-13.64,14.99,49.77
EXXARO,Exxaro Tiles Limited,-0.34,-0.46,-25.62,-13.67,-0.85,-0.91,-0.72,-39.52,6.04,6.84,Fail (Down),-7.83,0.9,-39.11,0.37,46.99
FABTECH,Fabtech Technologies Limited,-1.49,-1.43,-21.83,-13.43,-1.42,-1.39,-1.42,-47.57,142.01,157.85,Fail (Down),-3.3,1.06,-44.17,1.44,47.59
FACT,Fertilizers and Chemicals Travancore Limited,-1.02,-1.43,-17.09,-14.54,-1.23,-1.44,-1.3,-27.6,734.95,836.16,Fail (Down),0.69,1.22,-26.34,61.65,47.68
FAIRCHEMOR,Fairchem Organics Limited,0.15,0.26,-15.04,4.33,0.29,0.35,0.28,-44.47,661.5,637.85,Pass (Up),0.34,0.98,-21.88,1.1,47.98
FAZE3Q,Faze Three Limited,-1.06,-0.9,-9.77,-13.07,-1.18,-1.1,-1.09,-38.17,433.05,485.21,Fail (Down),21.2,1.58,-30.36,1.58,49.19
FCL,Fineotex Chemical Limited,2.69,3.74,123.84,100.63,6.38,6.9,5.5,-39.97,55.72,33.6,Pass (Up),115.38,1.46,-7.87,89.07,57.13
FCONSUMER,Future Consumer Limited,-4.66,-1.7,-48.84,-34.03,-4.03,-2.55,-3.25,-56.0,0.22,0.32,Fail (Down),-65.2,0.11,-56.0,0.01,30.19
FCSSOFT,FCS Software Solutions Limited,-0.71,-0.91,-38.94,-18.36,-1.27,-1.37,-1.15,-53.39,1.38,1.58,Fail (Down),-30.66,1.06,-45.02,0.25,44.1
FDC,FDC Limited,-1.76,-1.67,-25.61,-15.08,-1.64,-1.59,-1.65,-30.16,335.9,376.35,Fail (Down),-22.07,0.4,-26.94,7.05,45.58
FEDERALBNK,The Federal Bank  Limited,0.66,0.73,64.78,12.59,0.96,1.0,0.89,-15.17,318.2,304.02,Pass (Up),63.24,0.9,-14.1,200.55,57.66
FEDFINA,Fedbank Financial Services Limited,0.22,0.25,-2.22,1.64,0.19,0.21,0.21,-31.5,149.77,149.22,Pass (Up),20.91,1.52,-15.09,21.14,49.76
FEL,Future Enterprises Limited,-0.12,-0.08,-29.09,-5.26,-0.32,-0.3,-0.24,-37.5,0.39,0.42,Fail (Down),-29.61,0.15,-30.36,0.01,44.29
FELDVR,Future Enterprises Limited,-1.06,-1.0,-41.83,-27.83,-1.92,-1.89,-1.61,-45.25,2.03,2.65,Fail (Down),-39.42,0.35,-43.3,0.0,45.9
FIBERWEB,Fiberweb (India) Limited,-1.57,-1.43,-38.24,-23.3,-1.95,-1.88,-1.78,-44.28,26.55,33.18,Fail (Down),-31.8,1.13,-42.28,0.07,44.29
FIEMIND,Fiem Industries Limited,-1.09,-1.04,-7.03,-17.1,-1.4,-1.38,-1.28,-32.17,1794.8,2178.89,Fail (Down),11.5,1.33,-32.17,18.87,49.26
FILATEX,Filatex India Limited,3.28,4.36,106.73,114.47,7.36,7.9,6.36,-43.12,106.1,57.02,Pass (Up),101.6,1.52,-5.27,49.48,58.11
FILATFASH,Filatex Fashions Limited,-0.32,-0.25,-66.67,-17.0,-1.01,-0.98,-0.76,-74.55,0.18,0.22,Fail (Down),-88.17,0.91,-67.27,0.35,38.46
FINCABLES,Finolex Cables Limited,2.38,2.69,79.02,63.41,4.36,4.52,3.8,-19.85,1458.8,1000.59,Pass (Up),78.78,1.0,-1.43,148.75,56.67
FINEORG,Fine Organic Industries Limited,0.68,0.75,13.45,11.44,0.91,0.95,0.86,-18.97,5131.0,4693.46,Pass (Up),25.77,0.9,-3.59,12.95,51.97
FINKURVE,Finkurve Financial Services Limited,0.38,0.48,-40.23,-5.37,-0.08,-0.03,0.11,-58.72,70.53,72.78,Fail (Down),-29.55,0.57,-43.0,1.01,45.08
FINOPB,Fino Payments Bank Limited,-0.27,-0.29,-53.41,-19.23,-1.1,-1.1,-0.83,-66.53,128.22,165.66,Fail (Down),-45.58,1.48,-61.84,50.42,43.74
FINPIPE,Finolex Industries Limited,-1.11,-1.04,-23.18,-9.92,-1.05,-1.02,-1.05,-27.17,150.49,167.52,Fail (Down),-15.27,0.85,-25.61,7.06,45.68
FIRSTCRY,Brainbees Solutions Limited,-2.26,-2.37,-52.8,-29.05,-2.58,-2.64,-2.51,-55.32,174.75,227.96,Fail (Down),-60.9,0.81,-53.76,67.94,40.32
FISCHER,Fischer Medical Ventures Limited,-0.92,-1.07,-68.89,-20.54,-1.49,-1.56,-1.35,-73.49,33.46,37.67,Fail (Down),-98.2,0.63,-71.53,5.96,38.43
FIVESTAR,Five-Star Business Finance Limited,0.24,0.41,-5.21,6.28,0.43,0.52,0.43,-47.38,506.25,485.27,Pass (Up),15.16,1.28,-23.02,34.72,49.38
FLAIR,Flair Writing Industries Limited,-1.98,-1.88,-25.62,-21.12,-2.05,-1.99,-1.99,-32.74,226.57,286.0,Fail (Down),-18.62,0.76,-32.74,2.97,46.23
FLEXITUFF,Flexituff Ventures International Limited,-4.26,-3.65,-86.62,-57.22,-4.99,-4.69,-4.54,-90.96,3.02,6.98,Fail (Down),-191.69,0.14,-86.88,0.02,34.41
FLFL,Future Lifestyle Fashions Limited,-1.23,-1.2,-37.99,-17.34,-1.48,-1.47,-1.39,-40.76,1.11,1.33,Fail (Down),-38.48,0.06,-39.67,0.0,45.76
FLUOROCHEM,Gujarat Fluorochemicals Limited,1.45,1.96,16.97,18.66,1.66,1.91,1.76,-21.36,4341.5,3804.01,Pass (Up),26.33,0.58,-9.23,82.23,52.48
FMGOETZE,Federal-Mogul Goetze (India) Limited.,1.1,1.39,2.7,15.64,1.33,1.48,1.35,-33.07,444.25,389.11,Pass (Up),25.37,1.42,-16.04,62.28,50.32
FMNL,Future Market Networks Limited,-0.7,-0.74,-17.04,-11.92,-0.95,-0.96,-0.88,-45.34,8.08,9.16,Fail (Down),2.46,0.9,-36.18,0.04,48.62
FOCUS,Focus Lighting and Fixtures Limited,-2.84,-2.7,-40.0,-28.03,-2.82,-2.75,-2.78,-41.79,54.3,73.45,Fail (Down),-33.51,0.98,-41.79,0.22,44.65
FOODSIN,Foods & Inns Limited,-1.11,-1.35,-43.12,-22.13,-1.66,-1.78,-1.56,-47.51,49.39,58.24,Fail (Down),-32.25,1.48,-43.12,0.53,44.15
FORCEMOT,FORCE MOTORS LTD,-0.79,-0.86,-0.04,-15.35,-1.16,-1.2,-1.06,-34.64,16800.0,19543.87,Fail (Down),27.78,1.84,-34.64,140.38,50.0
FORTIS,Fortis Healthcare Limited,-1.65,-1.47,-20.59,-14.49,-1.55,-1.46,-1.53,-29.79,785.0,910.51,Fail (Down),-12.44,0.79,-28.42,127.6,46.43
FOSECOIND,Foseco India Limited,1.87,2.91,16.33,30.51,2.46,2.98,2.61,-25.81,6382.5,5136.94,Pass (Up),31.43,0.87,-6.78,11.69,52.19
FSL,Firstsource Solutions Limited,0.2,0.28,-21.57,-2.26,-0.01,0.03,0.09,-43.12,250.4,262.1,Fail (Down),-0.98,1.23,-30.32,95.82,47.52
FUSION,Fusion Finance Limited,-0.8,-0.66,-11.52,-6.68,-0.73,-0.67,-0.71,-32.27,171.36,184.78,Fail (Down),13.07,1.6,-27.74,14.78,48.85
GABRIEL,Gabriel India Limited,0.98,1.39,6.37,20.34,1.51,1.71,1.47,-37.36,1315.0,1127.4,Pass (Up),31.44,1.3,-17.0,86.64,50.6
GAEL,Gujarat Ambuja Exports Limited,0.46,0.55,48.15,8.94,0.68,0.72,0.63,-16.73,157.69,151.26,Pass (Up),54.66,0.8,-13.85,22.46,54.09
GAIL,GAIL (India) Limited,0.44,0.55,1.44,3.41,0.39,0.45,0.44,-24.65,171.22,164.96,Pass (Up),14.61,1.04,-5.36,146.29,50.26
GALAPREC,Gala Precision Engineering Limited,0.9,1.08,51.44,30.34,1.97,2.06,1.67,-19.6,1157.8,905.29,Pass (Up),61.18,0.92,-6.18,5.14,54.44
GALAXYSURF,Galaxy Surfactants Limited,1.36,2.32,7.96,23.48,1.85,2.33,2.01,-33.51,2376.9,1932.91,Pass (Up),23.95,1.01,-5.24,11.86,51.25
GALLANTT,Gallantt Ispat Limited,-1.0,-1.04,-20.19,-16.42,-1.32,-1.34,-1.23,-43.78,530.15,619.61,Fail (Down),2.21,1.12,-42.61,6.85,48.01
GANDHAR,Gandhar Oil Refinery (India) Limited,2.65,3.25,102.01,80.8,5.37,5.67,4.66,-32.1,282.6,179.24,Pass (Up),94.08,1.0,0.0,72.26,57.99
GANDHITUBE,Gandhi Special Tubes Limited,1.41,1.61,3.27,18.35,1.62,1.72,1.62,-28.06,975.55,833.97,Pass (Up),19.43,0.92,-2.76,1.32,50.48
GANECOS,Ganesha Ecosphere Limited,-0.19,-0.18,-18.8,-5.65,-0.38,-0.37,-0.31,-45.91,976.2,942.64,Pass (Up),-2.52,0.68,-20.9,15.05,47.6
GANESHBE,Ganesh Benzoplast Limited,1.57,1.88,36.99,39.55,2.76,2.92,2.47,-23.86,124.4,97.47,Pass (Up),54.27,1.14,-9.74,7.56,53.18
GANESHCP,Ganesh Consumer Products Limited,-1.82,-2.22,-45.99,-27.47,-2.28,-2.48,-2.26,-50.1,148.85,185.52,Fail (Down),-43.0,1.14,-50.1,2.75,43.83
GANESHHOU,GANESH HOUSING LIMITED,-0.26,-0.28,-16.74,-1.56,-0.21,-0.22,-0.23,-41.45,699.1,728.76,Fail (Down),0.35,1.31,-19.76,6.71,47.59
GANGAFORGE,Ganga Forging Limited,-2.03,-1.92,-58.43,-47.01,-3.36,-3.31,-2.88,-65.17,1.48,2.55,Fail (Down),-59.44,1.1,-63.18,1.05,43.86
GANGESSECU,Ganges Securities Limited,-0.39,-0.4,-23.84,-7.86,-0.59,-0.59,-0.52,-35.77,113.99,122.37,Fail (Down),-14.37,0.93,-29.7,0.03,46.05
GARFIBRES,Garware Technical Fibres Limited,0.89,1.12,0.7,12.24,1.06,1.17,1.08,-23.57,768.4,694.2,Pass (Up),15.25,0.79,-8.82,4.58,50.1
GARUDA,Garuda Construction and Engineering Limited,0.12,0.16,-9.22,-1.6,-0.02,0.0,0.04,-45.22,172.18,176.36,Fail (Down),18.18,1.49,-28.96,15.29,49.18
GATECH,GACM Technologies Limited,1.32,1.48,1.56,25.85,1.95,2.03,1.8,-47.37,0.65,0.57,Pass (Up),30.79,1.28,-40.91,1.91,50.12
GATECHDVR,GACM Technologies Limited,0.28,0.26,-13.21,0.74,0.18,0.17,0.2,-36.21,0.46,0.47,Fail (Down),6.28,1.05,-20.69,0.03,48.4
GATEWAY,Gateway Distriparks Limited,-1.07,-1.0,-11.92,-9.93,-1.03,-1.0,-1.02,-22.69,51.88,55.66,Fail (Down),2.67,1.15,-15.45,5.32,48.14
GAYAHWS,Gayatri Highways Limited,-1.45,-1.37,-58.35,-23.9,-1.92,-1.88,-1.73,-62.11,1.72,2.23,Fail (Down),-69.81,0.68,-62.11,0.05,43.26
GAYAPROJ,Gayatri Projects Limited,1.51,1.5,104.19,47.49,3.13,3.12,2.59,-24.78,22.44,17.76,Pass (Up),82.9,0.27,-14.19,1.71,57.95
GCSL,Gretex Corporate Services Limited,3.17,3.15,171.95,83.11,5.74,5.73,4.88,-26.13,679.9,421.79,Pass (Up),119.94,0.37,0.0,36.01,60.16
GEECEE,GeeCee Ventures Limited,1.28,1.59,3.72,20.58,1.67,1.82,1.64,-40.29,373.3,321.93,Pass (Up),23.14,1.21,-2.53,0.12,50.5
GEEKAYWIRE,Geekay Wires Limited,1.03,1.22,-14.03,12.7,1.15,1.25,1.17,-46.89,29.21,25.84,Pass (Up),8.53,1.26,-17.45,0.61,48.36
GEMAROMA,Gem Aromatics Limited,-0.67,-0.68,-39.8,-12.69,-0.97,-0.98,-0.87,-48.05,155.28,170.82,Fail (Down),-31.11,1.03,-40.08,8.55,44.71
GENCON,Generic Engineering Construction and Projects Limited,-0.11,-0.18,-9.61,-4.38,-0.28,-0.31,-0.24,-37.33,40.75,42.85,Fail (Down),7.19,0.4,-30.54,1.36,49.08
GENESYS,Genesys International Corporation Limited,0.18,0.2,-44.19,-13.21,-0.57,-0.56,-0.31,-70.44,281.35,289.06,Fail (Down),-9.83,1.46,-51.32,33.46,45.72
GENSOL,Gensol Engineering Limited,-2.62,-2.19,-67.05,-39.1,-3.27,-3.05,-2.91,-67.05,13.68,21.67,Fail (Down),-102.76,0.18,-67.05,0.11,36.49
GENUSPAPER,Genus Paper & Boards Limited,-0.46,-0.54,-39.06,-13.44,-0.9,-0.94,-0.78,-49.77,10.53,12.24,Fail (Down),-29.13,1.31,-40.44,0.16,44.12
GENUSPOWER,Genus Power Infrastructures Limited,-0.22,-0.22,-9.18,-3.32,-0.28,-0.28,-0.26,-39.37,280.0,295.67,Fail (Down),12.94,1.48,-20.87,71.96,48.98
GEOJITFSL,Geojit Financial Services Limited,0.56,0.62,-1.26,8.64,0.71,0.74,0.68,-35.17,75.7,71.77,Pass (Up),17.19,1.29,-9.56,3.03,49.84
GESHIP,The Great Eastern Shipping Company Limited,1.22,1.23,58.76,22.36,1.73,1.73,1.56,-25.06,1530.6,1352.94,Pass (Up),58.69,0.55,-10.03,126.19,55.27
GFLLIMITED,GFL Limited,1.27,1.61,-10.56,16.98,1.48,1.66,1.53,-51.33,55.23,49.43,Pass (Up),8.61,1.23,-28.39,0.53,48.68
GFSTEELS,Grand Foundry Limited,7.39,11.19,275.02,211.05,14.25,16.15,13.23,-0.27,38.29,14.04,Pass (Up),137.79,-0.17,0.0,0.03,99.89
GHCL,GHCL Limited,-1.36,-1.43,-32.05,-14.84,-1.42,-1.46,-1.42,-37.16,401.75,462.67,Fail (Down),-26.58,0.98,-37.16,5.94,43.8
GHCLTEXTIL,GHCL Textiles Limited,2.03,2.15,68.58,48.03,3.42,3.48,2.99,-21.47,129.22,95.16,Pass (Up),74.34,1.32,-8.0,11.17,55.83
GICHSGFIN,GIC Housing Finance Limited,-1.43,-1.33,-21.99,-13.96,-1.41,-1.37,-1.39,-27.02,132.88,149.75,Fail (Down),-13.9,0.92,-24.1,1.25,45.37
GICL,Globe International Carriers Limited,-0.15,0.08,-86.49,-23.41,-1.25,-1.13,-0.8,-90.15,22.27,33.97,Fail (Down),-122.21,0.2,-86.49,0.47,26.3
GICRE,General Insurance Corporation of India,-0.85,-0.83,-8.16,-9.94,-0.92,-0.91,-0.89,-18.74,323.9,357.82,Fail (Down),1.71,0.78,-17.82,25.49,48.57
GILLANDERS,Gillanders Arbuthnot & Company Limited,1.77,2.22,-3.09,21.25,1.95,2.17,2.04,-39.57,112.72,93.8,Pass (Up),12.7,0.93,-11.17,0.1,49.58
GILLETTE,Gillette India Limited,-1.59,-1.48,-26.04,-12.76,-1.43,-1.38,-1.45,-26.04,6899.0,7767.99,Fail (Down),-22.66,0.59,-26.04,13.67,44.15
GINNIFILA,Ginni Filaments Limited,-1.14,-1.09,-11.01,-8.44,-0.99,-0.97,-1.03,-29.24,40.08,42.33,Fail (Down),10.54,1.04,-26.66,0.29,48.95
GIPCL,Gujarat Industries Power Company Limited,1.3,1.68,-1.94,15.96,1.45,1.64,1.53,-36.62,174.83,154.86,Pass (Up),18.13,1.43,-14.22,12.1,49.74
GKENERGY,GK Energy Limited,-0.68,-0.7,-32.07,-11.1,-0.9,-0.91,-0.83,-61.34,114.76,127.5,Fail (Down),-7.97,1.87,-50.6,8.2,47.06
GKWLIMITED,GKW Limited,-0.6,-0.58,-7.63,-6.59,-0.63,-0.62,-0.61,-23.11,1530.0,1661.04,Fail (Down),4.71,0.87,-17.28,0.16,48.85
GLAND,Gland Pharma Limited,2.22,3.49,46.15,44.08,3.31,3.95,3.37,-19.42,2874.4,2148.15,Pass (Up),49.79,0.56,-5.02,179.48,56.09
GLAXO,GlaxoSmithKline Pharmaceuticals Limited,1.59,1.72,5.36,15.69,1.58,1.64,1.62,-22.07,2771.1,2475.01,Pass (Up),12.37,0.4,-10.79,31.51,50.96
GLENMARK,Glenmark Pharmaceuticals Limited,0.71,0.7,19.25,7.94,0.75,0.75,0.74,-11.63,2331.0,2206.3,Pass (Up),30.01,0.86,-7.22,127.53,52.79
GLFL,Gujarat Lease Financing Limited,0.31,0.42,-11.59,5.64,0.44,0.49,0.43,-56.74,5.49,5.63,Fail (Down),4.81,0.51,-38.31,0.0,48.97
GLOBAL,Global Education Limited,2.47,3.08,112.34,47.67,3.62,3.92,3.44,-20.34,136.51,101.99,Pass (Up),95.34,0.85,-3.18,1.7,57.08
GLOBALE,Globale Tessile Limited,-0.48,-0.44,-20.35,-9.89,-0.73,-0.72,-0.64,-27.39,10.57,11.78,Fail (Down),-6.93,0.76,-25.56,0.0,47.78
GLOBALVECT,Global Vectra Helicorp Limited,-1.42,-1.78,-36.24,-25.68,-1.99,-2.18,-1.92,-48.38,131.04,166.1,Fail (Down),-21.29,1.35,-46.11,0.19,45.71
GLOBE,GLOBE ENTERPRISES (INDIA) LIMITED,-0.3,-0.35,-5.38,-11.49,-0.72,-0.75,-0.6,-44.13,2.11,2.38,Fail (Down),15.52,1.13,-33.02,0.12,49.48
GLOBECIVIL,Globe Civil Projects Limited,-0.11,-0.12,-44.55,-11.17,-0.61,-0.62,-0.45,-55.16,41.49,46.38,Fail (Down),-36.67,1.32,-45.05,0.25,43.3
GLOBUSSPR,Globus Spirits Limited,-1.28,-1.14,-25.48,-17.14,-1.5,-1.43,-1.38,-33.61,786.9,912.84,Fail (Down),-13.69,1.02,-33.57,10.15,46.59
GLOSTERLTD,Gloster Limited,-1.53,-1.27,-15.14,-13.24,-1.43,-1.3,-1.38,-26.11,539.0,609.65,Fail (Down),-6.4,0.63,-26.11,0.14,47.65
GLOTTIS,Glottis Limited,-0.17,-0.0,-30.22,-2.48,-0.21,-0.12,-0.14,-54.44,58.41,58.84,Fail (Down),-15.23,1.04,-30.22,0.38,45.46
GMBREW,GM Breweries Limited,-0.5,-0.52,32.16,-3.94,-0.45,-0.46,-0.47,-31.01,952.0,961.98,Fail (Down),49.61,1.12,-23.95,5.02,52.5
GMDCLTD,Gujarat Mineral Development Corporation Limited,-1.32,-1.39,-20.08,-17.36,-1.53,-1.56,-1.48,-33.58,487.65,583.91,Fail (Down),-0.56,1.21,-33.58,59.89,47.9
GMMPFAUDLR,GMM Pfaudler Limited,3.48,6.05,37.34,63.64,4.92,6.21,5.3,-43.07,1443.4,957.16,Pass (Up),46.79,0.83,-4.23,44.3,54.95
GMRAIRPORT,GMR AIRPORTS LIMITED,-1.08,-0.99,4.28,-10.38,-1.06,-1.01,-1.04,-21.78,93.16,99.88,Fail (Down),22.71,1.41,-18.98,135.47,50.55
GMRP&UI,GMR Power and Urban Infra Limited,0.25,0.3,-10.87,-2.68,-0.01,0.02,0.09,-32.11,101.87,103.54,Fail (Down),8.79,1.37,-22.94,12.58,48.69
GNA,GNA Axles Limited,1.93,2.26,86.68,47.75,3.35,3.52,2.99,-23.71,580.7,437.71,Pass (Up),90.79,1.66,-6.41,40.29,56.49
GNFC,Gujarat Narmada Valley Fertilizers and Chemicals Limited,1.89,2.27,23.12,28.37,2.36,2.55,2.33,-29.45,589.15,486.05,Pass (Up),37.53,1.16,-6.53,42.55,53.22
GOACARBON,Goa Carbon Limited,0.64,0.81,-9.07,6.33,0.64,0.72,0.7,-39.81,402.9,377.61,Pass (Up),11.22,1.22,-13.07,2.13,48.84
GOCLCORP,GOCL Corporation Limited,0.52,0.68,4.64,15.95,1.06,1.14,0.93,-38.7,351.65,317.74,Pass (Up),29.72,1.55,-17.45,9.87,50.5
GOCOLORS,Go Fashion (India) Limited,-0.77,-0.79,-56.9,-15.89,-1.18,-1.19,-1.05,-66.1,294.95,339.42,Fail (Down),-60.11,1.34,-58.05,8.06,40.82
GODAVARIB,Godavari Biorefineries Limited,-1.02,-1.33,-11.6,-18.74,-1.45,-1.6,-1.41,-32.33,227.18,277.44,Fail (Down),6.43,0.94,-32.16,10.58,48.97
GODFRYPHLP,Godfrey Phillips India Limited,-0.75,-0.79,-44.1,-14.48,-1.1,-1.12,-1.0,-46.35,1849.7,2142.89,Fail (Down),-35.6,1.35,-45.4,69.07,43.15
GODIGIT,Go Digit General Insurance Limited,-1.5,-1.45,-25.43,-21.11,-1.81,-1.78,-1.69,-34.63,256.3,304.06,Fail (Down),-23.56,0.31,-29.9,22.69,45.13
GODREJAGRO,Godrej Agrovet Limited,1.11,1.28,-7.35,10.32,1.07,1.15,1.14,-26.22,631.9,577.44,Pass (Up),4.29,0.79,-7.35,28.36,48.79
GODREJCP,Godrej Consumer Products Limited,-2.21,-1.83,-25.45,-24.26,-2.32,-2.13,-2.15,-32.02,840.0,1054.16,Fail (Down),-18.38,0.86,-32.02,137.18,45.25
GODREJIND,Godrej Industries Limited,-0.26,-0.3,-14.22,-3.13,-0.29,-0.31,-0.29,-36.98,1019.6,1073.98,Fail (Down),4.91,1.27,-28.08,21.14,48.05
GODREJPROP,Godrej Properties Limited,-1.23,-1.11,-21.02,-16.94,-1.46,-1.4,-1.35,-36.59,1595.8,1825.9,Fail (Down),0.17,1.87,-30.89,133.54,47.29
GOKEX,Gokaldas Exports Limited,-0.75,-0.58,-3.33,-7.71,-0.76,-0.67,-0.7,-42.91,688.75,724.2,Fail (Down),29.35,1.9,-27.45,21.49,49.73
GOKUL,Gokul Refoils and Solvent Limited,-0.25,-0.29,-9.72,-4.26,-0.34,-0.36,-0.32,-27.15,38.66,39.82,Fail (Down),8.26,1.09,-14.05,0.72,48.71
GOKULAGRO,Gokul Agro Resources Limited,0.5,0.68,2.43,5.98,0.55,0.64,0.59,-29.58,210.1,205.17,Pass (Up),20.23,0.92,-16.91,12.79,50.29
GOLDENTOBC,Golden Tobacco Limited,-0.28,-0.27,-32.24,-9.87,-0.63,-0.63,-0.51,-40.53,23.69,26.89,Fail (Down),-28.4,0.36,-34.19,0.01,45.98
GOLDIAM,Goldiam International Limited,0.31,0.44,9.13,7.39,0.52,0.59,0.5,-34.19,310.8,300.94,Pass (Up),47.69,2.46,-19.07,36.67,50.79
GOLDTECH,AION-TECH SOLUTIONS LIMITED,-1.01,-0.94,-27.75,-12.9,-1.15,-1.11,-1.08,-51.64,43.79,46.07,Fail (Down),-1.38,1.64,-35.47,0.12,47.19
GOODLUCK,Goodluck India Limited,0.97,1.04,15.14,21.54,1.56,1.6,1.39,-29.44,499.35,428.5,Pass (Up),37.3,1.41,-7.89,35.25,51.58
GOPAL,Gopal Snacks Limited,-0.78,-0.92,-26.09,-10.5,-0.91,-0.98,-0.91,-30.88,254.75,284.83,Fail (Down),-16.38,1.02,-29.37,4.17,45.53
GOYALALUM,Goyal Aluminiums Limited,-1.1,-1.19,-18.48,-11.74,-1.13,-1.18,-1.15,-47.39,5.91,6.8,Fail (Down),-3.34,0.87,-42.84,0.04,47.7
GPIL,Godawari Power And Ispat limited,-1.45,-1.6,-12.2,-17.92,-1.62,-1.69,-1.61,-29.19,215.67,260.95,Fail (Down),2.17,0.99,-29.19,37.45,48.63
GPPL,Gujarat Pipavav Port Limited,1.15,1.42,11.1,7.66,0.96,1.09,1.11,-26.46,165.88,157.64,Pass (Up),25.22,1.06,-11.71,26.34,51.52
GPTHEALTH,GPT Healthcare Limited,0.47,0.56,4.31,7.27,0.6,0.64,0.59,-23.54,151.47,141.66,Pass (Up),12.87,0.53,-11.16,2.47,50.7
GPTINFRA,GPT Infraprojects Limited,0.09,0.17,6.32,4.93,0.29,0.33,0.25,-24.15,118.66,113.69,Pass (Up),23.42,1.05,-12.47,2.4,50.74
GRANULES,Granules India Limited,0.91,1.03,51.75,18.26,1.37,1.43,1.26,-13.19,821.75,720.75,Pass (Up),54.93,0.82,-9.63,91.74,55.9
GRAPHITE,Graphite India Limited,1.58,2.16,44.86,28.34,2.21,2.5,2.19,-25.19,786.15,673.64,Pass (Up),58.88,1.19,-6.93,170.77,53.8
GRASIM,Grasim Industries Limited,0.0,0.03,6.51,1.04,0.05,0.07,0.04,-14.45,2962.0,2973.54,Fail (Down),19.89,1.12,-12.38,272.18,51.22
GRAVITA,Gravita India Limited,-1.22,-1.16,-9.38,-15.85,-1.4,-1.37,-1.32,-30.94,1412.6,1653.62,Fail (Down),9.01,1.32,-24.68,42.62,48.88
GREAVESCOT,Greaves Cotton Limited,1.03,1.12,5.93,21.72,1.6,1.65,1.44,-48.18,225.98,182.81,Pass (Up),30.35,1.51,-13.57,52.42,50.69
GREENLAM,Greenlam Industries Limited,-0.83,-0.81,-14.77,-11.62,-0.99,-0.99,-0.93,-25.09,213.62,239.68,Fail (Down),0.31,1.03,-21.95,3.14,48.13
GREENPANEL,Greenpanel Industries Limited,-1.34,-1.32,-46.52,-24.35,-1.89,-1.88,-1.7,-51.12,158.59,196.74,Fail (Down),-46.56,1.13,-48.74,5.35,42.36
GREENPLY,Greenply Industries Limited,0.7,0.87,2.5,14.0,1.05,1.13,0.99,-41.31,303.7,260.26,Pass (Up),22.67,1.28,-7.71,6.46,50.31
GREENPOWER,Orient Green Power Company Limited,-1.44,-1.53,-33.46,-17.85,-1.61,-1.66,-1.58,-43.93,8.77,10.33,Fail (Down),-21.44,1.33,-38.84,2.56,44.87
GRINDWELL,Grindwell Norton Limited,0.76,0.89,22.13,18.0,1.28,1.34,1.15,-23.36,1975.8,1783.58,Pass (Up),33.54,0.68,-17.06,12.59,52.65
GRINFRA,G R Infraprojects Limited,-1.34,-1.43,-35.63,-14.5,-1.39,-1.44,-1.41,-38.26,790.2,909.65,Fail (Down),-34.75,0.72,-38.26,2.71,42.43
GRMOVER,GRM Overseas Limited,-2.62,-2.5,-35.55,-38.96,-3.26,-3.2,-3.01,-54.49,77.87,131.5,Fail (Down),-29.77,0.56,-54.49,9.58,45.99
GROBTEA,The Grob Tea Company Limited,-0.39,-0.39,-18.86,-4.4,-0.41,-0.42,-0.41,-33.02,878.5,925.64,Fail (Down),-10.9,0.37,-26.88,0.02,47.2
GROWW,Billionbrains Garage Ventures Limited,-0.08,-0.03,37.14,4.09,0.17,0.19,0.1,-24.29,180.11,184.43,Fail (Down),67.86,1.26,-18.71,709.24,52.96
GRPLTD,GRP Limited,0.38,0.42,-13.7,1.32,0.26,0.28,0.31,-31.39,1895.0,1850.85,Pass (Up),-4.3,0.28,-15.55,0.48,48.19
GRSE,Garden Reach Shipbuilders & Engineers Limited,-1.88,-1.95,-19.54,-17.47,-1.81,-1.85,-1.86,-32.28,2111.1,2537.38,Fail (Down),1.59,1.54,-31.57,100.0,47.83
GRWRHITECH,Garware Hi-Tech Films Limited,1.52,1.99,126.69,62.63,3.89,4.13,3.26,-35.13,6925.5,5216.23,Pass (Up),113.62,1.64,-6.36,45.18,57.29
GSFC,Gujarat State Fertilizers & Chemicals Limited,-0.8,-0.81,-22.85,-9.84,-0.89,-0.9,-0.86,-30.19,146.9,160.61,Fail (Down),-11.74,1.18,-23.97,12.21,45.42
GSLSU,Global Surfaces Limited,-1.67,-1.6,-69.49,-43.77,-3.02,-2.99,-2.55,-81.87,29.96,57.75,Fail (Down),-94.16,1.06,-77.55,0.44,42.52
GSS,GSS Infotech Limited,-1.31,-1.48,-58.96,-25.41,-1.92,-2.01,-1.78,-66.78,10.33,13.39,Fail (Down),-68.91,1.09,-60.65,0.06,39.8
GTECJAINX,G-TEC JAINX EDUCATION LIMITED,1.63,2.18,41.32,54.56,3.54,3.82,3.09,-40.6,35.88,24.04,Pass (Up),64.93,0.23,-6.44,0.02,52.53
GTL,GTL Limited,-0.67,-0.68,-28.59,-8.01,-0.74,-0.74,-0.72,-47.13,6.82,7.38,Fail (Down),-10.76,1.48,-28.88,0.16,45.43
GTLINFRA,GTL Infrastructure Limited,-1.27,-1.19,-29.14,-17.3,-1.5,-1.46,-1.4,-35.76,1.07,1.22,Fail (Down),-12.13,1.28,-33.54,4.3,46.06
GTPL,GTPL Hathway Limited,-0.69,-0.65,-46.84,-17.98,-1.25,-1.23,-1.05,-51.85,55.39,64.93,Fail (Down),-49.88,0.71,-47.42,0.4,40.74
GUFICBIO,Gufic Biosciences Limited,1.33,1.53,19.18,24.55,1.89,1.99,1.77,-25.77,418.4,345.85,Pass (Up),30.99,0.71,-6.61,4.71,52.3
GUJALKALI,Gujarat Alkalies and Chemicals Limited,0.55,0.69,12.16,9.3,0.74,0.81,0.72,-27.92,603.6,589.52,Pass (Up),23.58,0.39,-22.67,8.28,51.29
GUJAPOLLO,Gujarat Apollo Industries Limited,-0.94,-1.12,-30.29,-17.7,-1.36,-1.44,-1.28,-32.93,324.85,381.74,Fail (Down),-22.15,0.73,-32.37,0.45,46.09
GUJENERGY,GUJARAT ENERGY LIMITED,-2.15,-2.07,-45.21,-27.6,-2.45,-2.42,-2.33,-45.94,230.07,333.43,Fail (Down),-50.48,0.62,-45.94,39.85,42.48
GUJRAFFIA,Gujarat Raffia Industries Limited,0.09,0.13,2.99,-1.61,-0.04,-0.02,0.02,-58.87,40.27,41.53,Fail (Down),25.62,0.65,-53.27,0.01,50.2
GUJTHEM,Gujarat Themis Biosyn Limited,0.56,0.73,-4.74,8.31,0.7,0.78,0.71,-51.71,381.8,362.12,Pass (Up),24.17,1.68,-18.62,14.32,49.54
GULFOILLUB,Gulf Oil Lubricants India Limited,0.79,1.06,-7.73,6.68,0.73,0.86,0.84,-29.9,1093.0,1021.4,Pass (Up),6.86,1.13,-9.51,8.4,48.66
GULFPETRO,GP Petroleums Limited,3.3,4.05,56.21,78.29,5.57,5.94,5.06,-40.76,62.45,40.89,Pass (Up),65.15,1.11,-11.44,1.2,55.75
GULPOLY,Gulshan Polyols Limited,-0.56,-0.6,11.2,-3.16,-0.44,-0.46,-0.49,-24.16,161.75,170.96,Fail (Down),30.1,1.07,-24.16,10.29,51.01
GVKPIL,GVK Power & Infrastructure Limited,-0.68,-0.69,-28.69,-8.51,-0.77,-0.77,-0.74,-42.9,2.51,2.76,Fail (Down),-29.71,0.21,-30.08,0.19,44.9
GVPIL,GE Power India Limited,0.24,0.42,105.39,38.24,2.03,2.12,1.49,-41.06,679.5,598.89,Pass (Up),102.61,1.16,-34.99,16.18,54.53
GVPTECH,GVP Infotech Limited,0.78,1.19,-13.19,10.07,0.89,1.1,0.99,-45.8,7.75,7.08,Pass (Up),3.05,0.47,-21.33,0.07,48.35
GVT&D,GE Vernova T&D India Limited,0.38,0.39,38.75,14.18,0.9,0.9,0.73,-26.81,4253.2,4081.14,Pass (Up),53.12,0.99,-22.95,386.05,52.85
HAL,Hindustan Aeronautics Limited,0.86,0.97,-3.22,8.03,0.83,0.89,0.88,-27.93,4601.0,4397.82,Pass (Up),9.83,0.97,-9.77,410.62,49.43
HALEOSLABS,HALEOS LABS LIMITED,-0.03,0.08,26.69,6.8,0.32,0.38,0.24,-21.66,1490.0,1404.17,Pass (Up),37.44,0.51,-11.75,0.13,52.46
HAPPSTMNDS,Happiest Minds Technologies Limited,-0.93,-1.0,-41.17,-21.57,-1.54,-1.58,-1.36,-41.17,304.7,380.33,Fail (Down),-34.56,1.23,-41.17,76.37,43.4
HAPPYFORGE,Happy Forgings Limited,2.75,3.43,117.57,56.43,4.2,4.54,3.94,-17.51,2003.7,1492.01,Pass (Up),95.92,1.0,-17.22,19.47,58.99
HARDWYN,Hardwyn India Limited,-1.91,-1.4,-4.98,-35.46,-2.73,-2.47,-2.28,-54.19,9.19,13.54,Fail (Down),14.61,0.56,-52.85,4.41,49.63
HARIOMPIPE,Hariom Pipe Industries Limited,-0.6,-0.5,-32.85,-6.12,-0.61,-0.56,-0.57,-45.53,332.35,364.93,Fail (Down),-16.32,1.28,-32.85,8.02,45.76
HARRMALAYA,Harrisons  Malayalam Limited,-0.32,-0.3,-10.57,-5.65,-0.44,-0.43,-0.4,-27.28,179.67,191.81,Fail (Down),1.75,0.65,-22.19,0.34,48.67
HARSHA,Harsha Engineers International Limited,1.44,1.51,20.06,20.74,1.76,1.79,1.67,-22.89,474.5,398.8,Pass (Up),32.8,0.92,0.0,7.63,52.8
HATHWAY,Hathway Cable & Datacom Limited,-1.81,-1.71,-33.57,-18.69,-1.84,-1.79,-1.8,-37.71,9.32,10.87,Fail (Down),-23.82,1.36,-34.55,1.57,43.84
HATSUN,Hatsun Agro Product Limited,1.64,1.87,23.79,23.39,1.99,2.1,1.95,-24.79,1118.1,957.13,Pass (Up),34.53,0.63,-12.31,8.43,52.88
HAVELLS,Havells India Limited,-1.6,-1.51,-29.41,-19.26,-1.76,-1.72,-1.68,-32.15,1040.0,1258.71,Fail (Down),-22.74,1.04,-30.54,126.06,43.99
HAVISHA,Sri Havisha Hospitality and Infrastructure Limited,-0.1,-0.1,-32.16,-12.91,-0.7,-0.69,-0.5,-51.32,1.35,1.48,Fail (Down),-22.71,0.25,-40.79,0.01,46.41
HBLENGINE,HBL Engineering Limited,0.14,0.15,-6.22,-1.41,-0.0,0.01,0.05,-43.9,779.35,757.67,Pass (Up),16.65,1.39,-28.79,110.34,49.35
HBSL,HB Stockholdings Limited,0.66,0.85,-29.32,3.13,0.48,0.58,0.61,-57.55,57.03,57.56,Fail (Down),-14.7,0.96,-43.21,0.02,46.29
HCC,Hindustan Construction Company Limited,-0.25,-0.2,-26.38,-1.58,-0.2,-0.18,-0.2,-52.69,20.23,20.72,Fail (Down),0.39,1.92,-30.29,58.88,47.15
HCG,Healthcare Global Enterprises Limited,0.74,0.83,2.87,8.2,0.78,0.83,0.8,-32.79,668.75,632.87,Pass (Up),14.85,0.72,-13.85,13.02,50.38
HCL-INSYS,HCL Infosystems Limited,-1.64,-1.7,-32.57,-21.93,-1.92,-1.94,-1.84,-40.68,10.04,12.06,Fail (Down),-20.04,1.32,-36.78,0.25,44.9
HCLTECH,HCL Technologies Limited,0.29,0.38,-6.48,-5.65,-0.14,-0.09,0.03,-39.06,1243.1,1322.39,Fail (Down),4.47,0.74,-26.0,364.08,48.98
HDBFS,HDB Financial Services Limited,-1.49,-1.53,-19.22,-12.58,-1.37,-1.4,-1.43,-27.55,618.2,689.6,Fail (Down),-8.57,1.04,-19.78,40.51,46.27
HDFCAMC,HDFC Asset Management Company Limited,-1.01,-0.92,-15.09,-12.72,-1.14,-1.09,-1.07,-23.62,2308.1,2558.77,Fail (Down),2.59,1.49,-18.72,205.5,47.82
HDFCBANK,HDFC Bank Limited,-1.59,-1.47,-24.05,-16.03,-1.6,-1.54,-1.55,-30.81,721.2,803.25,Fail (Down),-13.88,1.24,-27.38,2171.22,44.26
HDFCLIFE,HDFC Life Insurance Company Limited,-0.85,-0.83,-29.83,-14.57,-1.15,-1.14,-1.05,-34.5,534.2,617.2,Fail (Down),-24.02,0.97,-31.93,211.42,43.77
HDIL,Housing Development and Infrastructure Limited,-2.42,-2.2,-50.85,-26.7,-2.55,-2.43,-2.43,-51.83,1.45,1.97,Fail (Down),-64.41,0.32,-51.83,0.02,40.36
HEADSUP,Heads UP Ventures Limited,-0.49,-0.55,-39.85,-14.73,-0.98,-1.01,-0.84,-48.38,6.4,7.45,Fail (Down),-34.33,0.74,-45.39,0.01,44.67
HEALTHX,Health X Platform Limited,-0.59,-0.73,-12.25,-8.56,-0.72,-0.79,-0.73,-22.12,273.0,296.91,Fail (Down),0.45,0.83,-19.14,0.23,48.31
HECPROJECT,HEC Infra Projects Limited,-0.3,-0.43,-24.7,-10.28,-0.66,-0.73,-0.59,-36.36,111.86,122.11,Fail (Down),1.91,1.46,-25.75,0.33,47.56
HEIDELBERG,HeidelbergCement India Limited,-1.81,-1.72,-32.79,-16.57,-1.73,-1.69,-1.73,-32.93,130.57,151.62,Fail (Down),-29.25,0.92,-32.79,2.04,42.53
HEMIPROP,Hemisphere Properties India Limited,-2.05,-2.07,-39.02,-18.79,-1.97,-1.97,-2.0,-39.4,111.5,134.01,Fail (Down),-30.93,1.23,-39.4,4.02,43.51
HERANBA,Heranba Industries Limited,-0.68,-0.81,-42.43,-14.78,-1.08,-1.15,-0.99,-50.42,172.12,195.56,Fail (Down),-34.38,1.51,-45.82,1.73,42.98
HERITGFOOD,Heritage Foods Limited,1.39,1.67,-16.93,12.11,1.3,1.44,1.42,-41.17,402.9,358.83,Pass (Up),-1.47,1.21,-18.75,19.4,47.12
HEROMOTOCO,Hero MotoCorp Limited,0.49,0.49,-1.59,-0.39,0.23,0.22,0.31,-23.34,5168.0,5250.22,Fail (Down),13.52,1.22,-15.81,335.9,49.75
HESTERBIO,Hester Biosciences Limited,0.83,1.27,13.92,22.41,1.54,1.75,1.45,-32.85,2126.8,1863.57,Pass (Up),30.12,0.84,-16.07,7.11,51.71
HEXATRADEX,Hexa Tradex Limited,-0.21,-0.2,-10.87,-3.77,-0.29,-0.29,-0.26,-13.29,154.96,160.89,Fail (Down),-4.94,0.5,-13.29,0.06,47.52
HEXT,Hexaware Technologies Limited,-0.46,-0.5,-25.58,-10.82,-0.77,-0.79,-0.68,-48.65,490.45,543.58,Fail (Down),-15.38,0.78,-36.95,37.34,46.81
HFCL,HFCL Limited,2.53,3.01,224.96,140.38,8.28,8.53,6.53,-22.16,238.36,143.12,Pass (Up),146.6,1.32,-5.12,374.56,59.43
HGINFRA,H.G. Infra Engineering Limited,-2.67,-2.61,-56.14,-29.77,-2.82,-2.79,-2.75,-56.14,419.9,573.59,Fail (Down),-63.93,1.39,-56.14,17.39,39.41
HGM,HandsOn Global Management (HGM) Limited,-1.16,-1.33,-45.19,-25.84,-1.87,-1.96,-1.69,-48.85,40.36,54.4,Fail (Down),-40.8,0.78,-48.85,0.04,44.83
HGS,Hinduja Global Solutions Limited,-0.75,-0.96,-25.12,-10.05,-0.88,-0.98,-0.9,-35.45,367.05,401.96,Fail (Down),-17.15,0.83,-30.36,2.04,45.16
HIKAL,Hikal Limited,0.51,0.59,-14.23,5.58,0.53,0.57,0.55,-42.53,218.14,205.55,Pass (Up),12.54,1.64,-14.62,39.22,48.35
HILINFRA,Highway Infrastructure Limited,-0.49,-0.56,-43.78,-12.52,-0.87,-0.91,-0.77,-50.8,45.06,49.49,Fail (Down),-41.38,1.17,-45.96,0.39,41.76
HILTON,Hilton Metal Forging Limited,-2.19,-2.18,-62.54,-36.05,-2.9,-2.89,-2.66,-69.55,16.86,22.97,Fail (Down),-76.8,0.47,-64.3,0.21,41.75
HIMATSEIDE,Himatsingka Seide Limited,-2.19,-2.27,-46.29,-31.83,-2.69,-2.73,-2.55,-50.91,64.15,86.87,Fail (Down),-36.07,1.95,-49.82,4.29,43.82
HINDALCO,Hindalco Industries Limited,0.0,-0.02,23.61,1.72,0.09,0.08,0.05,-18.27,941.85,978.86,Fail (Down),33.44,0.79,-17.65,421.37,52.73
HINDCOMPOS,Hindustan Composites Limited,-0.89,-0.86,-15.23,-8.05,-0.85,-0.83,-0.85,-28.88,380.8,416.16,Fail (Down),1.33,1.14,-22.16,0.22,47.97
HINDCON,Hindcon Chemicals Limited,2.27,3.28,4.75,38.51,3.06,3.57,3.14,-49.91,33.3,22.71,Pass (Up),28.54,1.25,-4.99,0.11,50.62
HINDCOPPER,Hindustan Copper Limited,-0.18,-0.21,38.58,-5.09,-0.34,-0.36,-0.3,-40.81,462.15,526.48,Fail (Down),62.76,1.53,-38.87,505.68,52.21
HINDOILEXP,Hindustan Oil Exploration Company Limited,0.72,0.85,-3.38,11.65,0.94,1.01,0.91,-31.66,167.31,156.77,Pass (Up),5.78,-0.19,-14.56,22.42,49.62
HINDPETRO,Hindustan Petroleum Corporation Limited,-0.64,-0.52,-15.62,-11.31,-0.89,-0.83,-0.77,-36.05,345.0,380.04,Fail (Down),4.06,1.61,-27.31,199.01,47.84
HINDUNILVR,Hindustan Unilever Limited,-1.84,-1.75,-26.3,-17.65,-1.8,-1.76,-1.79,-28.21,1836.0,2168.86,Fail (Down),-21.54,0.76,-28.21,309.45,44.05
HINDWAREAP,Hindware Home Innovation Limited,-2.37,-2.27,-48.02,-28.93,-2.63,-2.58,-2.51,-55.37,170.53,221.0,Fail (Down),-39.82,1.55,-55.22,2.61,44.26
HINDZINC,Hindustan Zinc Limited,0.38,0.44,17.42,1.84,0.28,0.31,0.33,-32.94,555.05,583.22,Fail (Down),34.44,1.1,-22.28,284.51,51.6
HIRECT,Hirect Limited,1.11,1.68,34.43,34.37,2.27,2.56,2.07,-38.0,1123.8,961.43,Pass (Up),57.93,1.42,-16.01,19.95,52.86
HISARMETAL,Hisar Metal Industries Limited,-0.08,-0.09,-18.78,-4.04,-0.24,-0.25,-0.19,-32.92,146.92,153.96,Fail (Down),-6.67,0.89,-20.77,0.03,47.27
HITECH,Hi-Tech Pipes Limited,-1.32,-1.27,-39.65,-21.9,-1.75,-1.73,-1.59,-41.8,71.42,84.22,Fail (Down),-27.91,1.6,-41.4,5.06,44.28
HITECHCORP,Hitech Corporation Limited,2.35,4.51,81.98,75.34,4.94,6.02,4.8,-42.95,340.25,226.36,Pass (Up),82.41,0.91,-1.45,0.44,58.9
HITECHGEAR,The Hi-Tech Gears Limited,-0.64,-0.7,-19.7,-7.76,-0.71,-0.74,-0.71,-39.79,601.75,616.83,Fail (Down),-10.73,0.62,-31.31,0.17,47.21
HLEGLAS,HLE Glascoat Limited,1.07,1.0,-4.2,17.71,1.42,1.38,1.28,-61.09,442.05,365.94,Pass (Up),25.9,1.4,-31.3,17.34,49.61
HLVLTD,HLV LIMITED,-1.51,-1.73,-45.03,-22.52,-1.88,-1.99,-1.83,-51.19,6.31,7.82,Fail (Down),-40.02,1.28,-46.16,0.13,42.81
HMAAGRO,HMA Agro Industries Limited,0.17,0.37,-24.36,-5.89,-0.21,-0.11,-0.01,-37.54,23.47,24.11,Fail (Down),-13.04,0.83,-26.63,5.91,46.0
HMT,HMT Limited,-0.48,-0.52,-1.15,-2.93,-0.39,-0.41,-0.43,-29.67,58.24,57.57,Pass (Up),12.43,0.69,-18.39,0.09,49.87
HMVL,Hindustan Media Ventures Limited,0.1,0.09,-7.7,2.76,0.19,0.18,0.15,-33.98,77.44,75.74,Pass (Up),6.72,0.71,-25.86,0.58,49.03
HNDFDS,Hindustan Foods Limited,0.82,0.97,7.04,10.9,0.95,1.03,0.96,-19.24,574.6,536.15,Pass (Up),19.24,0.89,-12.7,5.72,51.12
HOMEFIRST,Home First Finance Company India Limited,0.1,0.15,-8.38,0.84,0.09,0.12,0.11,-28.37,1125.7,1129.71,Fail (Down),9.83,1.24,-12.06,24.44,48.91
HONASA,Honasa Consumer Limited,0.88,1.15,50.26,24.52,1.67,1.8,1.5,-14.37,427.9,371.21,Pass (Up),53.36,0.68,-14.37,74.9,55.39
HONAUT,Honeywell Automation India Limited,-0.47,-0.37,-6.69,1.17,-0.18,-0.13,-0.24,-29.6,33470.0,33722.33,Fail (Down),5.14,0.79,-16.54,18.7,48.84
HONDAPOWER,Honda India Power Products Limited,-1.59,-1.47,-30.29,-13.38,-1.46,-1.4,-1.47,-32.86,1886.3,2126.01,Fail (Down),-23.91,1.03,-30.68,0.69,43.46
HPAL,HP Adhesives Limited,0.01,0.02,-29.02,-6.32,-0.31,-0.31,-0.2,-48.48,33.81,36.12,Fail (Down),-10.84,1.47,-34.63,0.31,46.05
HPIL,Hindprakash Industries Limited,-0.57,-0.57,-14.83,-8.71,-0.72,-0.72,-0.67,-23.86,114.44,127.55,Fail (Down),-2.51,0.79,-20.67,0.03,48.08
HPL,HPL Electric & Power Limited,-2.2,-2.19,-41.83,-24.82,-2.34,-2.34,-2.29,-45.14,267.2,337.28,Fail (Down),-29.01,1.75,-42.78,3.03,44.44
HSCL,Himadri Speciality Chemical Limited,0.97,0.91,48.59,25.77,1.78,1.74,1.49,-20.43,665.15,584.78,Pass (Up),55.43,0.9,-16.95,482.41,54.7
HTMEDIA,HT Media Limited,-0.06,-0.06,-17.39,-7.11,-0.39,-0.39,-0.28,-35.63,22.38,23.26,Fail (Down),2.67,1.42,-21.91,0.65,47.86
HUBTOWN,Hubtown Limited,-0.96,-1.29,-36.97,-19.6,-1.46,-1.63,-1.4,-50.06,177.42,204.16,Fail (Down),-18.89,1.72,-46.76,10.0,45.83
HUDCO,Housing & Urban Development Corporation Limited,-2.19,-2.11,-28.29,-20.38,-2.11,-2.08,-2.11,-33.45,161.54,194.21,Fail (Down),-15.67,1.39,-31.66,38.15,45.65
HUHTAMAKI,Huhtamaki India Limited,1.02,1.18,0.39,16.02,1.31,1.39,1.27,-44.49,232.72,205.92,Pass (Up),22.67,1.46,-26.97,34.11,50.04
HYBRIDFIN,Hybrid Financial Services Limited,-0.62,-0.53,9.46,-7.64,-0.69,-0.65,-0.64,-53.87,17.36,18.63,Fail (Down),41.62,1.0,-48.36,0.02,50.52
HYUNDAI,Hyundai Motor India Limited,0.44,0.53,-19.47,1.8,0.31,0.36,0.38,-33.34,2024.0,2042.56,Fail (Down),-10.85,0.78,-19.47,161.12,46.34
IBULLSLTD,Indiabulls Limited,1.48,2.01,65.24,71.69,4.33,4.59,3.55,-57.09,29.43,19.86,Pass (Up),79.21,1.05,-6.84,34.56,54.47
ICDSLTD,ICDS Limited,0.76,1.11,-10.58,10.13,0.89,1.06,0.96,-34.92,46.5,44.71,Pass (Up),12.85,0.13,-34.92,0.05,49.21
ICEMAKE,Ice Make Refrigeration Limited,-1.36,-1.26,-16.38,-17.86,-1.57,-1.52,-1.47,-29.38,623.65,768.54,Fail (Down),-3.6,0.9,-29.38,2.62,47.93
ICICIBANK,ICICI Bank Limited,-0.5,-0.45,-3.67,-3.21,-0.41,-0.39,-0.42,-16.08,1310.6,1344.47,Fail (Down),6.95,0.92,-10.23,1445.04,49.2
ICICIGI,ICICI Lombard General Insurance Company Limited,-0.98,-0.97,-17.31,-14.1,-1.19,-1.19,-1.12,-29.85,1563.0,1760.49,Fail (Down),-9.64,0.68,-23.2,184.88,46.71
ICICIPRULI,ICICI Prudential Life Insurance Company Limited,-1.04,-0.98,-24.64,-17.57,-1.4,-1.37,-1.26,-35.31,448.05,549.81,Fail (Down),-14.99,1.09,-34.69,84.51,45.68
ICIL,Indo Count Industries Limited,1.29,1.82,65.18,43.57,2.83,3.09,2.49,-31.25,443.65,332.25,Pass (Up),83.9,1.61,-6.9,42.57,54.44
ICRA,ICRA Limited,-1.92,-1.91,-30.02,-19.3,-1.92,-1.92,-1.92,-33.85,4318.3,5278.1,Fail (Down),-27.68,0.68,-32.5,18.54,43.24
IDBI,IDBI Bank Limited,0.54,0.68,-6.26,1.31,0.34,0.4,0.45,-46.99,86.57,87.19,Fail (Down),18.49,1.42,-25.38,112.11,49.3
IDEA,Vodafone Idea Limited,0.46,0.64,48.36,14.02,0.93,1.02,0.83,-29.27,12.64,12.28,Pass (Up),63.31,1.3,-18.97,529.53,53.5
IDEAFORGE,Ideaforge Technology Limited,0.48,0.81,44.41,33.4,1.91,2.08,1.54,-27.21,735.0,651.54,Pass (Up),64.74,1.25,-23.83,24.36,53.06
IDFCFIRSTB,IDFC First Bank Limited,0.72,0.85,16.82,7.27,0.72,0.79,0.77,-31.63,80.39,77.41,Pass (Up),33.72,1.31,-8.54,165.84,52.32
IEX,Indian Energy Exchange Limited,-1.43,-1.42,-22.83,-16.5,-1.54,-1.54,-1.5,-29.61,105.98,124.04,Fail (Down),-10.08,1.19,-29.61,56.71,46.46
IFBAGRO,IFB Agro Industries Limited,-0.38,-0.41,1.13,-11.04,-0.74,-0.75,-0.63,-61.03,866.95,998.6,Fail (Down),31.19,1.21,-50.55,0.52,50.06
IFBIND,IFB Industries Limited,-0.25,-0.22,-31.42,-7.29,-0.49,-0.48,-0.4,-54.29,1166.2,1245.55,Fail (Down),-18.82,1.09,-40.38,9.77,45.59
IFCI,IFCI Limited,0.19,0.28,17.71,6.36,0.41,0.46,0.37,-36.45,65.14,66.91,Fail (Down),47.8,1.65,-36.45,519.52,51.23
IFGLEXPOR,IFGL Refractories Limited,-0.46,-0.42,-32.23,-3.73,-0.41,-0.4,-0.42,-59.41,189.57,187.46,Pass (Up),-15.79,1.29,-36.74,1.29,45.84
IGARASHI,Igarashi Motors India Limited,-0.54,-0.41,-21.67,-3.43,-0.44,-0.38,-0.43,-49.4,398.95,401.1,Fail (Down),-0.32,1.51,-25.97,18.45,47.34
IGCL,Indogulf Cropsciences Limited,-1.58,-1.74,-46.94,-24.47,-2.01,-2.1,-1.92,-51.4,54.62,67.62,Fail (Down),-44.98,1.19,-50.46,1.01,43.02
IGIL,International Gemological Institute Limited,-0.62,-0.68,-11.85,-8.19,-0.72,-0.75,-0.71,-20.86,311.95,334.96,Fail (Down),5.07,1.21,-17.56,19.87,48.42
IGL,Indraprastha Gas Limited,-0.75,-0.87,-29.65,-11.92,-0.97,-1.03,-0.94,-34.24,142.79,160.25,Fail (Down),-23.7,0.91,-33.2,28.55,44.24
IGPL,IG Petrochemicals Limited,2.32,2.89,35.76,42.06,3.26,3.55,3.14,-23.3,569.55,427.99,Pass (Up),50.61,1.2,-3.98,4.6,53.93
IIFL,IIFL Finance Limited,1.15,1.16,30.06,15.06,1.33,1.33,1.27,-36.49,583.8,539.41,Pass (Up),48.86,1.47,-16.17,151.55,52.76
IIFLCAPS,IIFL Capital Services Limited,1.1,1.8,20.99,8.46,0.97,1.33,1.25,-37.69,345.6,329.43,Pass (Up),37.77,1.13,-11.8,13.82,52.37
IITL,Industrial Investment Trust Limited,-0.03,-0.02,-34.51,-7.31,-0.38,-0.38,-0.26,-39.64,132.56,144.53,Fail (Down),-25.14,0.63,-34.51,1.65,45.65
IKIO,IKIO Technologies Limited,0.6,0.92,-10.1,13.38,0.97,1.13,0.95,-50.66,190.96,169.51,Pass (Up),19.07,1.8,-17.59,21.28,48.82
IKS,Inventurus Knowledge Solutions Limited,0.41,0.45,19.25,7.15,0.56,0.58,0.52,-27.48,1776.4,1657.82,Pass (Up),31.45,0.77,-8.33,32.8,52.2
IL&FSENGG,IL&FS Engineering and Construction Company Limited,1.96,2.35,32.16,41.02,3.03,3.23,2.8,-26.78,38.59,29.13,Pass (Up),49.83,1.08,-9.01,0.15,52.72
IL&FSTRANS,IL&FS Transportation Networks Limited,-0.79,-0.73,-38.49,-15.39,-1.17,-1.14,-1.02,-41.16,1.87,2.35,Fail (Down),-32.8,0.95,-39.87,0.01,45.07
IMAGICAA,Imagicaaworld Entertainment Limited,0.65,0.92,-5.55,8.12,0.73,0.87,0.8,-32.92,50.7,47.21,Pass (Up),13.2,1.05,-15.79,8.61,49.34
IMFA,Indian Metals & Ferro Alloys Limited,-0.86,-0.96,4.52,-12.52,-1.06,-1.1,-1.02,-28.46,1176.8,1349.2,Fail (Down),29.47,1.35,-28.46,18.43,50.34
IMPAL,India Motor Parts and Accessories Limited,-0.11,-0.15,-4.01,-4.89,-0.3,-0.32,-0.25,-14.61,1009.1,1041.67,Fail (Down),5.61,0.65,-14.61,0.42,49.31
IMPEXFERRO,Impex Ferro Tech Limited,10.12,5.35,235.05,263.87,18.25,15.87,13.95,-31.31,6.5,2.44,Pass (Up),135.09,0.29,0.0,0.02,70.25
INCREDIBLE,INCREDIBLE INDUSTRIES LIMITED,-0.25,-0.26,-33.23,-9.68,-0.61,-0.61,-0.49,-39.17,31.37,34.66,Fail (Down),-25.4,0.81,-33.23,0.02,45.64
INDBANK,Indbank Merchant Banking Services Limited,-2.24,-2.17,-24.07,-26.86,-2.46,-2.43,-2.36,-45.46,25.2,33.11,Fail (Down),-5.72,1.21,-45.16,0.18,47.38
INDGN,Indegene Limited,1.97,2.58,5.35,18.84,1.93,2.23,2.14,-26.95,593.5,514.47,Pass (Up),16.74,0.8,-3.23,34.06,50.94
INDHOTEL,The Indian Hotels Company Limited,0.35,0.38,-0.28,1.74,0.26,0.28,0.3,-23.84,718.0,686.19,Pass (Up),15.59,1.33,-4.56,167.13,49.95
INDIACEM,The India Cements Limited,-2.17,-2.12,-24.55,-24.73,-2.32,-2.29,-2.25,-38.32,295.15,396.29,Fail (Down),-13.07,1.11,-38.32,9.03,46.69
INDIAGLYCO,India Glycols Limited,-0.7,-0.51,-65.29,-69.66,-3.83,-3.74,-2.73,-80.37,298.8,915.88,Fail (Down),-8.19,1.27,-75.17,27.18,44.51
INDIAMART,Indiamart Intermesh Limited,-2.06,-2.0,-30.51,-20.18,-2.04,-2.01,-2.03,-33.74,1620.3,1958.53,Fail (Down),-29.16,0.55,-33.44,20.74,43.65
INDIANB,Indian Bank,-0.04,-0.04,9.9,-4.43,-0.24,-0.24,-0.17,-20.44,793.15,852.14,Fail (Down),28.69,1.43,-18.31,144.57,51.17
INDIANCARD,Indian Card Clothing Company Limited,-0.61,-0.59,-27.51,-9.67,-0.79,-0.78,-0.72,-40.34,188.37,215.36,Fail (Down),-18.87,0.86,-28.24,0.11,45.89
INDIANHUME,Indian Hume Pipe Company Limited,0.26,0.34,-4.44,-2.48,0.0,0.05,0.12,-33.76,346.1,353.18,Fail (Down),17.51,1.43,-17.53,5.84,49.52
INDIASHLTR,India Shelter Finance Corporation Limited,-1.35,-1.29,-24.34,-18.2,-1.59,-1.56,-1.49,-30.66,645.6,745.88,Fail (Down),-15.76,0.8,-28.82,8.46,46.04
INDIGO,InterGlobe Aviation Limited,-0.2,-0.16,-12.06,-0.72,-0.14,-0.11,-0.14,-33.54,4929.9,4825.86,Pass (Up),10.26,1.84,-16.92,365.87,48.15
INDIGOPNTS,Indigo Paints Limited,0.56,0.71,-1.36,5.71,0.56,0.64,0.61,-46.4,1053.5,1012.95,Pass (Up),17.18,1.27,-20.21,11.47,49.82
INDIQUBE,Indiqube Spaces Limited,1.39,1.6,-14.6,15.62,1.48,1.58,1.52,-42.77,197.49,176.37,Pass (Up),-3.29,0.66,-15.36,1.69,47.77
INDNIPPON,India Nippon Electricals Limited,1.79,2.64,24.11,41.91,2.99,3.41,2.87,-36.01,1224.4,923.73,Pass (Up),42.83,1.15,-10.56,16.92,52.59
INDOAMIN,Indo Amines Limited,0.98,1.11,-1.26,14.96,1.24,1.3,1.19,-40.98,136.52,120.6,Pass (Up),20.84,1.51,-6.14,1.1,49.83
INDOBORAX,Indo Borax & Chemicals Limited,2.05,2.96,111.41,69.37,4.49,4.95,3.98,-16.3,469.5,317.93,Pass (Up),92.99,0.47,-9.02,32.12,57.9
INDOCO,Indoco Remedies Limited,0.76,0.89,-13.16,10.94,0.92,0.99,0.91,-44.75,251.75,222.04,Pass (Up),7.6,1.01,-15.12,27.8,48.45
INDOFARM,Indo Farm Equipment Limited,-1.01,-1.14,-44.19,-20.86,-1.55,-1.61,-1.41,-57.41,131.77,148.11,Fail (Down),-31.91,1.58,-49.51,3.33,44.6
INDORAMA,Indo Rama Synthetics (India) Limited,3.1,4.78,61.35,117.2,7.41,8.25,6.53,-59.27,95.81,48.82,Pass (Up),80.06,1.41,-10.08,10.77,55.29
INDOSTAR,IndoStar Capital Finance Limited,-0.78,-0.79,-18.53,-14.16,-1.1,-1.1,-0.99,-32.14,206.35,230.79,Fail (Down),5.93,1.64,-24.88,3.65,48.18
INDOTECH,Indo Tech Transformers Limited,2.01,2.77,94.8,80.6,5.03,5.41,4.28,-41.13,3347.6,2409.6,Pass (Up),102.89,1.76,-13.96,7.13,55.93
INDOTHAI,Indo Thai Securities Limited,-6.6,-5.26,-87.97,-86.38,-7.62,-6.95,-6.83,-93.38,35.19,216.44,Fail (Down),-195.23,0.14,-92.34,22.48,42.44
INDOUS,Indo Us Biotech Limited,-1.82,-1.97,-44.21,-25.6,-2.19,-2.27,-2.12,-49.08,76.75,102.06,Fail (Down),-39.82,0.83,-49.08,0.16,44.49
INDOWIND,Indowind Energy Limited,-0.86,-0.82,-47.9,-15.74,-1.22,-1.2,-1.08,-60.62,8.44,10.28,Fail (Down),-43.16,1.26,-52.93,0.09,43.45
INDRAMEDCO,Indraprastha Medical Corporation Limited,-1.23,-1.33,-24.84,-17.26,-1.48,-1.53,-1.43,-45.03,338.6,386.81,Fail (Down),-8.44,1.23,-45.03,11.55,47.14
INDSWFTLAB,Ind-Swift Laboratories Limited,3.55,5.04,305.82,180.27,10.79,11.54,8.87,-18.14,395.15,191.49,Pass (Up),167.78,0.81,-4.35,38.37,63.13
INDTERRAIN,Indian Terrain Fashions Limited,-0.39,-0.6,-11.43,-10.57,-0.72,-0.83,-0.68,-39.0,29.22,31.68,Fail (Down),10.44,1.34,-28.33,0.12,48.76
INDUSINDBK,IndusInd Bank Limited,-0.36,-0.28,19.53,-1.78,-0.27,-0.23,-0.27,-21.99,886.85,924.04,Fail (Down),36.06,1.41,-17.06,188.35,52.42
INDUSTOWER,Indus Towers Limited,-0.08,-0.08,10.9,-3.89,-0.24,-0.23,-0.18,-21.81,376.25,401.22,Fail (Down),21.91,0.82,-18.28,197.39,51.51
INFOBEAN,InfoBeans Technologies Limited,-0.42,-0.47,17.08,-12.08,-0.81,-0.84,-0.7,-50.83,143.58,171.8,Fail (Down),60.19,2.16,-42.51,8.33,50.79
INFOMEDIA,Infomedia Press Limited,-0.17,-0.21,-26.62,-6.25,-0.4,-0.42,-0.34,-43.11,5.32,5.6,Fail (Down),-15.63,0.53,-33.91,0.01,47.15
INFY,Infosys Limited,-0.75,-0.77,-25.74,-17.49,-1.25,-1.26,-1.09,-40.43,1035.0,1238.42,Fail (Down),-19.18,0.69,-37.42,1182.11,45.82
INGERRAND,Ingersoll Rand (India) Limited,0.2,0.15,2.66,5.48,0.37,0.35,0.3,-23.67,4158.8,4051.65,Pass (Up),15.1,0.78,-14.84,11.78,50.38
INNOVACAP,Innova Captab Limited,2.36,2.72,34.3,44.55,3.41,3.59,3.18,-26.09,1168.0,860.38,Pass (Up),40.64,0.41,-9.99,10.81,54.45
INNOVANA,Innovana Thinklabs Limited,-0.71,-0.79,-41.81,-19.36,-1.33,-1.36,-1.15,-42.84,290.2,354.8,Fail (Down),-37.22,0.9,-42.73,0.47,44.54
INOXGREEN,Inox Green Energy Services Limited,-1.04,-0.99,-22.74,-15.63,-1.3,-1.27,-1.2,-50.4,159.0,177.75,Fail (Down),-0.92,1.61,-41.59,21.7,47.64
INOXINDIA,INOX India Limited,1.84,2.08,87.11,58.62,3.85,3.97,3.26,-13.8,2168.3,1564.94,Pass (Up),79.9,0.68,-5.55,73.89,56.86
INOXWIND,Inox Wind Limited,-1.73,-1.73,-51.64,-28.66,-2.3,-2.3,-2.11,-56.28,68.75,91.17,Fail (Down),-50.06,1.75,-56.28,90.24,41.76
INSECTICID,Insecticides (India) Limited,-1.18,-1.3,-23.69,-14.43,-1.31,-1.37,-1.31,-29.13,568.7,650.29,Fail (Down),-14.73,0.86,-25.67,1.65,45.94
INSPIRISYS,Inspirisys Solutions Limited,-0.44,-0.43,-10.86,-6.98,-0.57,-0.56,-0.52,-38.07,83.83,93.37,Fail (Down),6.2,0.94,-36.52,0.04,48.94
INTELLECT,Intellect Design Arena Limited,-1.77,-1.7,-36.81,-22.21,-2.0,-1.96,-1.9,-50.04,610.95,740.04,Fail (Down),-29.47,1.08,-48.51,29.31,45.06
INTENTECH,Intense Technologies Limited,-1.31,-1.44,-33.2,-20.48,-1.68,-1.74,-1.6,-50.3,81.98,97.44,Fail (Down),-16.13,1.42,-41.89,0.27,46.16
INTERARCH,Interarch Building Solutions Limited,-0.99,-0.94,-12.93,-12.11,-1.1,-1.07,-1.04,-37.79,1666.9,1877.47,Fail (Down),6.33,1.26,-35.99,8.64,48.57
INTLCONV,International Conveyors Limited,0.3,0.36,-20.84,-0.99,0.1,0.13,0.19,-45.71,80.03,78.18,Pass (Up),-5.58,1.28,-27.24,0.42,46.73
INVENTURE,Inventure Growth & Securities Limited,-1.0,-0.89,-42.95,-19.85,-1.49,-1.44,-1.29,-45.03,0.85,1.0,Fail (Down),-44.02,0.74,-43.71,0.09,41.16
IOB,Indian Overseas Bank,-1.56,-1.58,-23.21,-13.82,-1.47,-1.48,-1.51,-25.3,30.38,34.07,Fail (Down),-13.44,1.09,-25.3,10.56,45.41
IOC,Indian Oil Corporation Limited,-0.67,-0.65,-7.62,-9.66,-0.82,-0.81,-0.76,-28.8,131.34,146.51,Fail (Down),6.57,1.17,-28.43,132.01,48.8
IOLCP,IOL Chemicals and Pharmaceuticals Limited,2.89,3.43,98.36,99.09,6.4,6.67,5.41,-35.44,209.39,119.66,Pass (Up),94.33,1.17,-1.71,90.66,57.54
IONEXCHANG,ION Exchange (India) Limited,0.47,0.6,0.24,5.36,0.5,0.57,0.53,-22.76,406.4,384.01,Pass (Up),20.34,1.21,-12.92,30.88,50.03
IPCALAB,IPCA Laboratories Limited,1.76,2.11,46.91,26.57,2.21,2.39,2.18,-10.99,1943.2,1629.3,Pass (Up),44.0,0.03,-3.3,72.17,56.25
IPL,India Pesticides Limited,-1.92,-1.81,-37.49,-17.46,-1.83,-1.78,-1.82,-40.93,130.68,153.12,Fail (Down),-30.56,1.26,-38.09,9.43,43.24
IRB,IRB Infrastructure Developers Limited,-1.96,-2.23,-17.35,-17.99,-1.88,-2.01,-1.99,-25.3,17.0,20.44,Fail (Down),-11.28,0.49,-25.21,24.7,47.07
IRCON,Ircon International Limited,-1.23,-1.62,-35.58,-22.95,-1.76,-1.96,-1.71,-43.07,110.25,137.58,Fail (Down),-21.33,1.65,-38.75,33.77,44.85
IRCTC,Indian Railway Catering And Tourism Corporation Limited,-1.82,-2.23,-34.8,-18.59,-1.84,-2.05,-1.97,-37.21,454.1,543.44,Fail (Down),-31.22,1.05,-36.99,40.26,41.89
IREDA,Indian Renewable Energy Development Agency Limited,-1.02,-1.14,-26.43,-14.24,-1.22,-1.28,-1.2,-29.95,111.0,123.46,Fail (Down),-14.07,1.33,-27.79,54.05,45.51
IRFC,Indian Railway Finance Corporation Limited,-2.47,-2.47,-37.44,-23.97,-2.43,-2.43,-2.44,-41.73,77.06,98.63,Fail (Down),-31.52,1.3,-41.73,67.28,42.58
IRIS,IRIS RegTech Solutions Limited,-0.79,-0.87,-30.23,-15.88,-1.19,-1.23,-1.08,-43.97,225.1,254.05,Fail (Down),-15.76,1.21,-40.2,0.65,46.36
IRISDOREME,Iris Clothings Limited,3.33,3.73,92.92,65.8,4.95,5.16,4.55,-28.09,60.46,41.31,Pass (Up),85.02,0.98,-8.75,5.91,58.01
IRMENERGY,IRM Energy Limited,0.21,0.53,-29.7,4.29,0.32,0.48,0.39,-52.23,257.7,259.73,Fail (Down),-17.62,0.86,-29.7,2.75,45.44
ISFT,Intrasoft Technologies Limited,1.33,1.93,-3.4,26.54,1.99,2.29,1.97,-46.15,97.91,81.62,Pass (Up),16.78,0.92,-9.03,0.78,49.59
ISGEC,Isgec Heavy Engineering Limited,0.24,0.28,3.64,1.37,0.19,0.21,0.22,-33.13,919.7,880.55,Pass (Up),20.81,0.89,-15.36,5.93,50.44
ISHANCH,Ishan Dyes and Chemicals Limited,-1.0,-1.05,-23.19,-19.36,-1.47,-1.49,-1.33,-47.26,47.3,56.64,Fail (Down),-7.99,0.93,-42.3,0.28,47.55
ITC,ITC Limited,-1.86,-1.82,-33.83,-16.53,-1.75,-1.74,-1.78,-36.44,255.9,295.84,Fail (Down),-33.65,0.67,-36.34,377.47,40.42
ITCHOTELS,ITC Hotels Limited,-0.8,-0.75,-27.96,-11.29,-0.97,-0.94,-0.89,-38.52,158.51,167.57,Fail (Down),-17.04,1.26,-28.86,36.76,44.94
ITDC,India Tourism Development Corporation Limited,1.15,2.09,14.17,20.05,1.58,2.05,1.75,-44.94,665.6,589.75,Pass (Up),42.42,1.45,-15.8,148.15,51.39
ITI,ITI Limited,-2.08,-1.98,-21.34,-16.42,-1.86,-1.81,-1.9,-32.97,241.54,284.52,Fail (Down),-8.27,1.03,-32.28,8.82,46.82
IVALUE,Ivalue Infosolutions Limited,-1.26,-1.18,-22.83,-17.9,-1.53,-1.48,-1.41,-34.94,219.28,252.36,Fail (Down),-5.4,1.27,-32.9,7.7,47.55
IVC,IL&FS Investment Managers Limited,0.82,0.8,11.07,8.82,0.85,0.84,0.83,-29.38,7.81,7.36,Pass (Up),24.59,0.82,-17.7,0.33,51.67
IVP,IVP Limited,2.1,2.5,45.67,48.95,3.5,3.7,3.17,-37.38,224.81,158.39,Pass (Up),59.86,1.18,-2.6,0.32,54.92
IXIGO,Le Travenues Technology Limited,-1.19,-1.09,-42.89,-23.38,-1.77,-1.71,-1.54,-54.8,161.9,186.66,Fail (Down),-26.99,1.66,-51.75,20.06,45.08
IZMO,IZMO Limited,-0.07,-0.06,-25.99,0.98,0.02,0.02,-0.01,-48.33,855.95,832.34,Pass (Up),-2.17,1.28,-25.99,12.09,47.42
J&KBANK,The Jammu & Kashmir Bank Limited,0.23,0.24,34.4,9.03,0.56,0.57,0.46,-28.1,139.98,134.29,Pass (Up),52.5,1.45,-27.34,68.37,53.08
JAGRAN,Jagran Prakashan Limited,-0.26,-0.27,-1.29,0.05,-0.13,-0.13,-0.18,-18.54,61.55,60.29,Pass (Up),4.09,0.4,-9.75,1.2,49.65
JAGSNPHARM,Jagsonpal Pharmaceuticals Limited,0.71,0.84,5.95,11.0,0.91,0.97,0.88,-28.88,231.73,202.82,Pass (Up),16.25,0.53,-5.02,11.25,50.85
JAIBALAJI,Jai Balaji Industries Limited,-0.38,-0.44,-37.29,-10.99,-0.74,-0.77,-0.64,-46.05,61.72,67.9,Fail (Down),-20.25,1.52,-38.5,4.33,45.48
JAICORPLTD,Jai Corp Limited,-2.04,-1.95,-37.91,-22.01,-2.12,-2.08,-2.06,-47.89,89.54,109.25,Fail (Down),-23.66,1.83,-47.15,3.21,44.73
JAINREC,Jain Resource Recycling Limited,-1.33,-1.34,-9.21,-25.8,-1.95,-1.96,-1.75,-52.27,282.5,376.85,Fail (Down),11.45,0.67,-50.57,51.28,49.34
JAIPURKURT,Nandani Creation Limited,-0.25,-0.25,-28.41,-7.39,-0.49,-0.5,-0.41,-40.46,26.49,30.26,Fail (Down),-9.64,1.2,-35.59,0.06,46.99
JAMNAAUTO,Jamna Auto Industries Limited,0.4,0.39,33.21,5.78,0.49,0.48,0.46,-25.52,131.66,126.12,Pass (Up),53.49,1.55,-10.15,30.92,52.68
JARO,Jaro Institute of Technology Management and Research Limited,-1.19,-1.23,-47.8,-16.32,-1.41,-1.43,-1.35,-50.8,408.4,473.06,Fail (Down),-43.37,0.96,-47.8,5.16,43.7
JASH,Jash Engineering Limited,1.6,2.06,21.18,31.18,2.36,2.59,2.26,-32.53,576.3,444.23,Pass (Up),39.05,1.16,-3.69,24.19,52.42
JAYAGROGN,Jayant Agro Organics Limited,0.73,0.86,-10.83,8.58,0.79,0.86,0.81,-37.79,211.22,203.04,Pass (Up),6.18,0.93,-18.19,0.53,48.7
JAYBARMARU,Jay Bharat Maruti Limited,-0.12,0.24,22.46,16.13,0.75,0.93,0.58,-44.55,130.8,115.91,Pass (Up),54.45,1.69,-33.98,8.42,51.66
JAYKAY,Jaykay Enterprises Limited,1.06,1.28,-4.84,15.25,1.29,1.4,1.29,-44.11,201.46,166.28,Pass (Up),44.84,1.83,-5.83,11.4,49.46
JAYNECOIND,Jayaswal Neco Industries Limited,0.53,0.53,31.95,8.94,0.71,0.71,0.65,-27.13,91.28,88.31,Pass (Up),54.66,1.49,-20.79,46.85,52.26
JAYSREETEA,Jayshree Tea & Industries Limited,0.09,0.11,-11.55,-1.02,-0.01,0.0,0.03,-27.58,83.65,86.61,Fail (Down),5.07,1.21,-21.51,0.78,48.41
JBMA,JBM Auto Limited,-1.38,-1.55,-19.95,-14.99,-1.44,-1.52,-1.47,-28.79,544.65,617.1,Fail (Down),-0.61,1.43,-25.09,31.92,47.48
JETFREIGHT,Jet Freight Logistics Limited,0.31,0.42,50.46,8.65,0.59,0.64,0.53,-21.65,19.59,19.91,Fail (Down),57.62,0.32,-21.01,0.59,53.25
JGCHEM,J.G.Chemicals Limited,2.35,3.36,47.59,60.37,4.19,4.7,3.92,-31.6,610.3,433.19,Pass (Up),65.42,1.49,-7.34,40.95,54.16
JHS,JHS Svendgaard Laboratories Limited,1.68,2.65,5.41,41.84,2.93,3.41,2.84,-51.7,11.7,8.82,Pass (Up),36.32,1.24,-13.72,0.25,50.5
JINDALPHOT,Jindal Photo Limited,-0.78,-1.11,-6.24,-12.35,-1.01,-1.17,-1.04,-36.89,1031.8,1173.53,Fail (Down),16.07,1.0,-33.67,0.58,49.44
JINDALPOLY,Jindal Poly Films Limited,0.17,0.32,17.34,4.18,0.29,0.37,0.3,-39.23,653.7,641.77,Pass (Up),31.45,0.41,-35.12,2.51,51.46
JINDALSAW,Jindal Saw Limited,1.19,1.33,33.41,27.57,1.97,2.04,1.76,-25.11,270.3,228.72,Pass (Up),51.96,1.19,-14.87,61.89,53.13
JINDALSTEL,JINDAL STEEL LIMITED,0.29,0.28,3.52,0.62,0.18,0.17,0.21,-20.74,1100.5,1137.02,Fail (Down),18.32,1.13,-14.46,98.86,50.51
JINDRILL,Jindal Drilling And Industries Limited,0.58,0.77,-0.8,7.62,0.67,0.77,0.71,-25.08,587.65,561.26,Pass (Up),11.24,-0.15,-13.33,82.24,49.92
JINDWORLD,Jindal Worldwide Limited,2.0,3.31,28.38,62.84,4.14,4.79,3.86,-53.01,45.82,31.08,Pass (Up),64.94,2.04,-21.7,103.58,52.51
JIOFIN,Jio Financial Services Limited,-1.19,-1.19,-29.01,-17.85,-1.49,-1.49,-1.39,-32.36,212.5,247.93,Fail (Down),-16.04,1.58,-32.36,390.6,44.63
JISLDVREQS,Jain Irrigation Systems Limited,-1.44,-1.37,-44.18,-24.86,-1.96,-1.93,-1.77,-44.86,18.71,23.12,Fail (Down),-39.36,1.17,-44.86,0.09,43.75
JISLJALEQS,Jain Irrigation Systems Limited,-1.02,-1.1,-47.56,-22.86,-1.65,-1.69,-1.47,-50.27,27.3,32.82,Fail (Down),-41.18,1.52,-48.75,9.82,43.18
JITFINFRA,JITF Infralogistics Limited,-0.23,-0.3,-19.16,-9.16,-0.57,-0.61,-0.48,-39.85,275.45,309.52,Fail (Down),-1.68,0.77,-33.23,1.23,48.25
JKCEMENT,JK Cement Limited,-0.68,-0.79,-21.17,-10.59,-0.87,-0.93,-0.84,-30.1,4952.0,5385.56,Fail (Down),-7.97,1.14,-26.09,29.83,46.92
JKIL,J.Kumar Infraprojects Limited,-0.51,-0.54,-27.73,-10.98,-0.8,-0.82,-0.72,-35.09,461.85,505.97,Fail (Down),-17.75,1.13,-29.32,3.91,44.99
JKIPL,Jinkushal Industries Limited,0.61,0.96,-20.67,20.68,1.34,1.51,1.21,-61.29,96.51,87.01,Pass (Up),3.11,0.86,-21.33,0.29,47.83
JKLAKSHMI,JK Lakshmi Cement Limited,-2.6,-2.43,-44.45,-25.6,-2.58,-2.5,-2.53,-44.77,476.6,625.09,Fail (Down),-47.06,0.97,-44.77,10.48,41.36
JKPAPER,JK Paper Limited,1.0,1.09,-1.6,9.43,0.97,1.02,1.01,-28.12,382.6,361.31,Pass (Up),13.52,0.93,-11.15,27.22,49.79
JKTYRE,JK Tyre & Industries Limited,-1.45,-1.4,-6.19,-19.55,-1.7,-1.68,-1.6,-44.1,340.35,422.64,Fail (Down),15.92,1.64,-43.17,28.22,49.38
JLHL,Jupiter Life Line Hospitals Limited,-0.6,-0.59,-13.33,-5.19,-0.56,-0.56,-0.57,-24.78,259.85,272.88,Fail (Down),-9.13,0.27,-21.83,5.7,47.45
JMA,Jullundur Motor Agency (Delhi) Limited,0.52,0.58,-1.38,6.72,0.6,0.62,0.59,-24.81,87.64,83.56,Pass (Up),9.19,0.51,-9.78,0.15,49.8
JMFINANCIL,JM Financial Limited,-0.33,-0.32,-22.47,-8.64,-0.6,-0.59,-0.5,-35.53,123.4,128.65,Fail (Down),-2.18,1.65,-28.9,35.39,47.16
JNKINDIA,JNK India Limited,0.78,1.08,56.63,33.59,2.07,2.22,1.74,-34.9,432.7,350.83,Pass (Up),73.25,1.17,-20.69,17.13,53.52
JOCIL,Jocil Limited,0.91,0.92,-3.97,11.32,1.02,1.03,0.99,-40.21,145.22,135.38,Pass (Up),9.35,0.68,-11.61,0.09,49.49
JPOLYINVST,Jindal Poly Investment and Finance Company Limited,-1.15,-1.24,-4.15,-14.09,-1.28,-1.32,-1.27,-35.65,911.0,1064.35,Fail (Down),17.11,1.07,-35.65,1.3,49.62
JPPOWER,Jaiprakash Power Ventures Limited,-0.92,-1.15,-16.67,-14.21,-1.17,-1.29,-1.16,-38.22,14.8,16.96,Fail (Down),5.83,1.26,-35.29,97.42,48.22
JSFB,Jana Small Finance Bank Limited,0.68,0.82,-0.69,11.91,0.93,1.0,0.9,-29.8,482.4,453.44,Pass (Up),19.11,1.14,-17.52,58.3,49.92
JSL,Jindal Stainless Limited,0.33,0.38,-3.37,-1.5,0.09,0.12,0.19,-23.44,732.7,743.96,Fail (Down),11.85,1.1,-14.9,53.39,49.51
JSLL,Jeena Sikho Lifecare Limited,-0.85,-0.86,-40.27,-23.59,-1.61,-1.61,-1.36,-40.27,480.8,610.74,Fail (Down),-25.94,1.24,-40.27,27.87,45.48
JSWCEMENT,JSW Cement Limited,-1.82,-1.68,-19.1,-14.25,-1.62,-1.55,-1.64,-23.31,111.6,124.21,Fail (Down),-7.57,1.03,-21.57,19.99,46.9
JSWDULUX,JSW Dulux Limited,-0.2,-0.18,-7.49,-1.8,-0.19,-0.18,-0.19,-25.3,3020.6,3007.56,Pass (Up),0.49,0.43,-15.58,7.38,48.67
JSWENERGY,JSW Energy Limited,-0.69,-0.85,-9.28,-7.14,-0.7,-0.78,-0.75,-19.79,485.0,524.29,Fail (Down),3.36,0.93,-19.17,105.74,48.61
JSWHL,JSW Holdings Limited,-0.99,-1.01,-27.34,-15.92,-1.29,-1.3,-1.2,-51.93,11258.0,13940.4,Fail (Down),-15.41,1.1,-49.21,6.31,46.85
JSWINFRA,JSW Infrastructure Limited,1.54,1.84,13.1,22.97,1.92,2.07,1.89,-26.09,357.45,292.7,Pass (Up),29.75,1.23,-2.76,123.67,51.97
JSWSTEEL,JSW Steel Limited,0.41,0.41,8.2,2.55,0.33,0.33,0.36,-13.35,1233.0,1234.09,Fail (Down),22.26,1.18,-8.05,205.93,51.37
JTEKTINDIA,Jtekt India Limited,-1.74,-1.78,-28.61,-18.73,-1.81,-1.83,-1.8,-30.3,115.84,133.2,Fail (Down),-15.49,1.26,-30.02,2.59,46.02
JTLIND,JTL INDUSTRIES LIMITED,1.2,1.55,21.33,27.17,1.96,2.13,1.82,-47.03,86.23,71.22,Pass (Up),56.2,1.96,-6.55,24.85,51.89
JUBLCPL,Jubilant Agri and Consumer Products Limited,0.21,0.27,-13.67,2.27,0.22,0.25,0.24,-43.94,2037.3,1958.1,Pass (Up),10.75,1.34,-22.98,3.51,48.58
JUBLFOOD,Jubilant Foodworks Limited,0.1,0.12,-28.21,-7.03,-0.3,-0.29,-0.16,-34.26,443.4,475.63,Fail (Down),-16.82,1.22,-29.24,109.93,45.21
JUBLINGREA,Jubilant Ingrevia Limited,-0.21,-0.24,-1.09,-4.44,-0.33,-0.34,-0.3,-27.63,638.0,666.39,Fail (Down),17.96,1.3,-16.19,29.43,49.88
JUBLPHARMA,Jubilant Pharmova Limited,0.53,0.56,-9.75,3.72,0.45,0.47,0.49,-31.62,999.3,952.49,Pass (Up),-0.12,0.63,-14.96,26.53,48.43
JUNIPER,Juniper Hotels Limited,0.6,0.85,-24.75,-1.89,0.21,0.33,0.42,-33.66,214.99,213.6,Pass (Up),-13.95,0.98,-24.91,4.98,45.79
JUSTDIAL,Just Dial Limited,0.83,1.87,-21.63,7.32,0.78,1.3,1.15,-43.0,653.15,619.18,Pass (Up),-6.9,1.09,-24.14,137.94,46.25
JWL,Jupiter Wagons Limited,-1.4,-1.68,-33.81,-20.23,-1.71,-1.85,-1.7,-36.75,223.93,274.14,Fail (Down),-18.63,1.45,-35.57,31.05,45.38
JYOTHYLAB,Jyothy Labs Limited,-0.89,-0.99,-41.48,-17.68,-1.33,-1.38,-1.22,-42.02,182.91,221.14,Fail (Down),-40.07,1.11,-42.02,17.02,41.26
JYOTICNC,Jyoti CNC Automation Limited,1.67,1.84,17.56,23.85,2.03,2.11,1.96,-43.8,1032.1,827.53,Pass (Up),43.59,1.7,-7.34,111.26,51.81
JYOTISTRUC,Jyoti Structures Limited,-1.4,-1.49,-40.98,-22.73,-1.84,-1.88,-1.72,-48.01,8.9,11.05,Fail (Down),-17.78,2.11,-41.94,5.07,45.67
KABRAEXTRU,Kabra Extrusion Technik Limited,4.24,5.87,197.61,211.46,12.69,13.51,10.42,-32.12,765.3,326.11,Pass (Up),143.54,1.48,-11.34,20.07,61.14
KAJARIACER,Kajaria Ceramics Limited,1.02,1.1,3.99,13.5,1.19,1.22,1.16,-29.5,1225.1,1090.47,Pass (Up),17.37,0.95,-2.37,41.0,50.68
KAKATCEM,Kakatiya Cement Sugar & Industries Limited,-0.48,-0.42,-28.99,-7.86,-0.63,-0.6,-0.56,-42.83,103.09,115.05,Fail (Down),-18.07,1.01,-28.99,0.03,45.66
KALAMANDIR,Sai Silks (Kalamandir) Limited,-2.83,-2.61,-51.33,-31.89,-3.01,-2.9,-2.88,-62.24,74.37,102.84,Fail (Down),-52.99,1.1,-62.24,4.78,43.45
KALPATARU,Kalpataru Limited,-0.64,-0.77,-26.8,-11.68,-0.91,-0.97,-0.86,-35.66,273.5,310.96,Fail (Down),-12.72,1.24,-31.12,3.73,46.24
KALYANI,Kalyani Commercials Limited,1.56,0.0,5.0,5.0,1.03,0.25,0.69,0.0,144.99,138.92,Pass (Up),5.24,0.01,0.0,0.0,100.0
KALYANIFRG,Kalyani Forge Limited,1.93,3.16,44.22,52.83,3.61,4.22,3.46,-32.31,944.75,657.89,Pass (Up),56.53,0.64,-16.04,0.91,54.04
KALYANKJIL,Kalyan Jewellers India Limited,1.52,2.16,14.05,28.38,2.18,2.5,2.17,-36.7,528.5,458.52,Pass (Up),38.94,1.49,-16.38,1213.15,51.51
KAMATHOTEL,Kamat Hotels (I) Limited,1.58,1.89,-25.35,20.44,1.81,1.97,1.84,-56.1,237.45,192.72,Pass (Up),-8.74,1.07,-27.13,1.59,45.91
KAMDHENU,Kamdhenu Limited,2.34,2.53,32.82,45.7,3.46,3.55,3.15,-40.46,37.59,27.31,Pass (Up),52.0,1.42,-11.51,3.22,53.53
KAMOPAINTS,Kamdhenu Ventures Limited,-1.76,-1.77,-52.21,-22.23,-1.99,-2.0,-1.92,-58.59,4.1,5.06,Fail (Down),-56.85,1.09,-53.36,0.12,40.11
KANANIIND,Kanani Industries Limited,-0.68,-0.68,-30.57,-12.31,-0.96,-0.95,-0.86,-46.46,1.34,1.54,Fail (Down),-15.23,1.32,-32.32,0.02,45.37
KANORICHEM,Kanoria Chemicals & Industries Limited,3.43,4.34,134.95,111.96,7.31,7.77,6.32,-31.91,189.02,106.95,Pass (Up),111.26,1.4,-6.68,0.77,59.78
KANPRPLA,Kanpur Plastipack Limited,1.41,1.64,23.04,30.76,2.24,2.36,2.04,-28.88,245.55,202.91,Pass (Up),50.77,1.45,-11.41,1.37,51.79
KANSAINER,Kansai Nerolac Paints Limited,-1.34,-1.52,-28.83,-14.26,-1.38,-1.47,-1.43,-38.07,175.27,203.49,Fail (Down),-21.56,0.97,-30.95,5.72,44.58
KAPSTON,Kapston Services Limited,2.53,2.75,119.87,73.99,4.97,5.07,4.23,-36.67,542.35,390.81,Pass (Up),104.84,0.69,-7.83,6.55,58.02
KARMAENG,Karma Energy Limited,-0.61,-0.65,-36.49,-16.04,-1.11,-1.13,-0.95,-45.64,36.33,42.66,Fail (Down),-27.27,0.95,-42.64,0.03,45.77
KARURVYSYA,Karur Vysya Bank Limited,1.16,1.53,55.66,17.67,1.46,1.65,1.49,-22.47,325.3,300.87,Pass (Up),64.15,1.28,-8.2,114.97,55.13
KAUSHALYA,Kaushalya Infrastructure Development Corporation Limited,-0.36,-0.46,-24.62,-13.85,-0.87,-0.92,-0.73,-35.2,834.0,874.14,Fail (Down),-14.19,0.69,-34.51,0.14,46.51
KAVDEFENCE,Kavveri Defence & Wireless Technologies Limited,1.06,1.91,-47.34,15.76,1.32,1.74,1.51,-64.85,77.6,64.48,Pass (Up),-36.74,1.13,-47.34,2.06,43.77
KAYA,Kaya Limited,0.72,1.04,-32.99,6.46,0.69,0.84,0.8,-51.36,298.15,300.27,Fail (Down),-17.15,1.19,-36.14,1.13,46.01
KAYNES,Kaynes Technology India Limited,-0.03,0.01,-52.51,-11.05,-0.57,-0.55,-0.38,-60.48,3399.0,3644.66,Fail (Down),-46.19,1.55,-55.24,447.83,42.1
KCP,KCP Limited,-0.19,-0.22,-21.6,-7.07,-0.45,-0.47,-0.37,-38.36,154.17,163.84,Fail (Down),-7.19,1.21,-23.85,2.88,46.55
KCPSUGIND,KCP Sugar and Industries Corporation Limited,0.82,1.38,-13.9,11.24,0.97,1.25,1.11,-32.05,26.71,25.58,Pass (Up),0.59,0.68,-23.0,1.26,48.13
KDDL,KDDL Limited,2.19,3.02,47.98,49.35,3.56,3.98,3.38,-25.11,3911.2,2859.86,Pass (Up),60.33,1.09,-8.01,17.38,54.9
KEC,KEC International Limited,-2.76,-2.63,-55.88,-35.36,-3.15,-3.08,-2.98,-56.31,372.35,533.23,Fail (Down),-65.05,1.24,-56.31,45.55,40.01
KECL,Kirloskar Electric Company Limited,0.66,0.82,4.59,12.62,0.96,1.04,0.91,-38.76,120.43,110.44,Pass (Up),28.47,1.33,-19.83,2.89,50.44
KEEPLEARN,DSJ Keep Learning Limited,-0.08,-0.07,-31.85,-9.82,-0.53,-0.52,-0.37,-48.67,1.84,2.02,Fail (Down),-14.78,0.95,-38.67,0.01,46.68
KEI,KEI Industries Limited,-0.31,-0.3,11.73,-3.69,-0.34,-0.34,-0.33,-24.14,4502.0,4841.81,Fail (Down),29.01,1.19,-23.34,243.32,51.28
KELLTONTEC,Kellton Tech Solutions Limited,-1.62,-1.93,-48.03,-24.27,-2.03,-2.18,-1.99,-48.23,12.42,15.68,Fail (Down),-44.76,1.28,-48.23,4.16,42.66
KERNEX,Kernex Microsystems (India) Limited,0.04,0.14,53.28,14.82,0.76,0.81,0.55,-36.52,1643.5,1551.51,Pass (Up),75.66,1.25,-35.53,60.21,52.64
KESORAMIND,Kesoram Industries Limited,0.28,0.34,92.99,6.12,0.45,0.47,0.41,-46.12,10.73,10.84,Fail (Down),93.72,0.9,-22.92,0.51,53.68
KEYFINSERV,Keynote Financial Services Limited,-0.67,-0.68,-1.62,-12.1,-0.94,-0.95,-0.85,-37.61,244.05,268.99,Fail (Down),23.34,0.87,-31.93,0.03,49.87
KFINTECH,Kfin Technologies Limited,-0.42,-0.46,-21.95,-10.17,-0.72,-0.74,-0.63,-31.43,832.0,927.09,Fail (Down),-7.45,1.28,-28.22,96.44,46.91
KHADIM,Khadim India Limited,0.33,0.52,-56.04,-0.45,0.14,0.24,0.27,-70.7,113.4,118.93,Fail (Down),-58.9,1.44,-57.73,0.51,40.34
KHAICHEM,Khaitan Chemicals & Fertilizers Limited,-0.57,-0.65,-59.91,-17.9,-1.18,-1.22,-1.0,-66.05,49.22,57.25,Fail (Down),-65.43,1.75,-61.32,1.06,39.6
KHAITANLTD,Khaitan (India) Limited,1.11,1.72,13.14,28.81,2.0,2.3,1.91,-34.19,147.19,122.06,Pass (Up),33.04,0.73,-9.63,0.09,51.32
KHANDSE,Khandwala Securities Limited,0.1,0.14,-27.6,-2.58,-0.08,-0.06,-0.0,-46.81,16.76,17.86,Fail (Down),-16.41,0.66,-28.68,0.0,46.44
KICL,Kalyani Investment Company Limited,-0.69,-0.65,-9.44,-4.87,-0.59,-0.57,-0.61,-36.1,4693.2,4977.12,Fail (Down),8.34,1.38,-25.36,0.83,48.75
KILITCH,Kilitch Drugs (India) Limited,1.59,1.72,26.99,32.28,2.41,2.47,2.18,-37.81,218.51,171.99,Pass (Up),45.46,1.08,-2.57,0.54,52.7
KIMS,Krishna Institute of Medical Sciences Limited,-0.27,-0.14,7.03,3.8,0.05,0.12,-0.01,-20.84,736.25,722.05,Pass (Up),19.61,0.8,-13.45,45.11,50.92
KINGFA,Kingfa Science & Technology (India) Limited,2.76,3.09,47.84,43.75,3.57,3.73,3.41,-21.91,6586.5,4919.15,Pass (Up),52.12,0.59,0.0,9.15,55.41
KIOCL,KIOCL Limited,-0.99,-1.03,-26.51,-15.39,-1.26,-1.28,-1.18,-52.69,323.85,370.33,Fail (Down),0.57,1.87,-48.4,5.83,47.35
KIRIINDUS,Kiri Industries Limited,1.75,2.03,-3.97,25.25,2.13,2.28,2.1,-53.36,544.6,450.0,Pass (Up),22.22,1.42,-24.91,48.53,49.58
KIRLOSBROS,Kirloskar Brothers Limited,0.23,0.31,-11.48,3.49,0.29,0.33,0.3,-33.26,1767.6,1710.93,Pass (Up),6.25,1.19,-14.42,13.86,48.44
KIRLOSENG,Kirloskar Oil Engines Limited,1.26,1.71,143.14,46.52,2.96,3.18,2.54,-20.67,2242.7,1750.46,Pass (Up),112.72,1.05,-12.33,125.31,57.54
KIRLOSIND,Kirloskar Industries Limited,-0.4,-0.33,-14.51,2.35,-0.08,-0.05,-0.17,-40.58,3471.4,3347.96,Pass (Up),6.16,1.42,-19.24,7.07,47.95
KIRLPNU,Kirloskar Pneumatic Company Limited,-0.86,-0.57,12.88,2.99,-0.28,-0.13,-0.38,-34.99,681.95,687.75,Fail (Down),27.32,0.87,-34.49,19.68,51.39
KITEX,Kitex Garments Limited,-2.29,-2.15,-37.78,-30.14,-2.65,-2.58,-2.49,-47.92,116.68,157.01,Fail (Down),-17.53,1.86,-47.42,5.89,46.09
KKCL,Kewal Kiran Clothing Limited,-0.17,-0.16,-11.3,-1.59,-0.17,-0.16,-0.16,-26.13,475.65,480.78,Fail (Down),2.65,1.02,-14.56,2.21,48.37
KMEW,Knowledge Marine & Engineering Works Limited,2.14,2.52,152.46,59.32,4.04,4.23,3.53,-25.11,2950.1,2100.21,Pass (Up),126.96,1.52,-6.36,31.72,56.56
KMSUGAR,K.M.Sugar Mills Limited,0.27,0.28,-0.64,1.25,0.2,0.2,0.23,-21.42,27.74,27.6,Pass (Up),12.69,0.53,-21.42,1.05,49.92
KNAGRI,KN Agri Resources Limited,0.14,0.16,0.88,-1.38,0.0,0.01,0.06,-37.41,200.5,195.22,Pass (Up),18.83,0.41,-16.44,0.29,50.08
KNRCON,KNR Constructions Limited,-0.85,-0.91,-42.95,-15.92,-1.22,-1.25,-1.12,-44.91,113.29,131.04,Fail (Down),-38.88,1.14,-42.95,17.44,43.18
KOHINOOR,Kohinoor Foods Limited,1.2,2.0,-7.74,20.8,1.64,2.04,1.76,-41.45,30.03,26.02,Pass (Up),12.37,1.15,-17.93,0.67,48.89
KOKUYOCMLN,Kokuyo Camlin Limited,-1.06,-1.07,-32.04,-14.3,-1.24,-1.25,-1.19,-35.44,74.77,84.29,Fail (Down),-24.4,1.03,-32.04,0.3,44.66
KOLTEPATIL,Kolte - Patil Developers Limited,1.19,1.5,-2.76,17.64,1.48,1.63,1.48,-33.24,418.8,382.95,Pass (Up),9.35,0.7,-18.93,16.55,49.58
KOPRAN,Kopran Limited,2.84,3.87,63.36,73.5,5.09,5.61,4.69,-40.82,282.05,170.52,Pass (Up),76.69,1.43,-3.04,22.49,55.77
KOTAKBANK,Kotak Mahindra Bank Limited,1.19,1.27,1.55,6.23,0.91,0.95,1.03,-20.61,418.35,398.8,Pass (Up),13.25,0.99,-5.85,577.17,50.33
KOTARISUG,Kothari Sugars And Chemicals Limited,0.23,0.31,-14.91,-0.78,0.08,0.11,0.15,-34.42,25.68,26.29,Fail (Down),-2.38,0.7,-34.42,0.6,47.95
KOTHARIPET,Kothari Petrochemicals Limited,0.24,0.28,-8.55,-0.25,0.11,0.13,0.16,-37.43,126.58,126.12,Pass (Up),10.46,1.2,-16.14,1.4,48.98
KOTHARIPRO,Kothari Products Limited,-0.51,-0.62,-30.84,-9.47,-0.73,-0.78,-0.69,-39.79,63.77,68.97,Fail (Down),-19.94,0.93,-34.09,0.07,45.37
KOTYARK,Kotyark Industries Limited,-0.51,-0.45,2.9,-6.81,-0.59,-0.56,-0.55,-41.14,28.23,31.32,Fail (Down),20.11,0.14,-37.22,0.75,50.21
KPEL,K.P. Energy Limited,-2.36,-2.44,-45.34,-33.42,-2.85,-2.89,-2.71,-54.2,218.0,307.21,Fail (Down),-37.92,1.49,-52.45,8.22,44.53
KPIGREEN,KPI Green Energy Limited,-0.77,-0.93,-22.29,-17.94,-1.28,-1.36,-1.16,-48.66,345.6,393.42,Fail (Down),-2.02,1.42,-35.71,58.25,47.5
KPIL,Kalpataru Projects International Limited,0.66,0.76,9.88,10.05,0.83,0.88,0.81,-22.55,1356.4,1246.35,Pass (Up),22.65,0.91,-6.16,28.02,51.41
KPITTECH,KPIT Technologies Limited,-1.63,-1.49,-56.88,-31.24,-2.38,-2.31,-2.08,-60.84,492.0,752.23,Fail (Down),-69.49,0.94,-60.84,169.4,40.14
KPRMILL,K.P.R. Mill Limited,0.09,0.3,2.2,8.53,0.47,0.58,0.41,-27.53,1071.0,991.64,Pass (Up),18.7,0.84,-11.91,29.26,50.27
KRBL,KRBL Limited,0.56,0.66,10.63,7.86,0.67,0.72,0.67,-35.03,375.9,360.13,Pass (Up),31.42,1.39,-15.01,24.22,51.14
KREBSBIO,Krebs Biochemicals and Industries Limited,0.91,1.1,-4.56,9.08,0.91,1.0,0.97,-44.7,68.05,58.96,Pass (Up),18.7,1.03,-5.33,0.13,49.51
KRIDHANINF,Kridhan Infra Limited,-2.82,-2.36,-51.95,-34.56,-3.14,-2.91,-2.88,-59.73,1.85,2.87,Fail (Down),-50.87,0.91,-59.07,0.01,44.52
KRISHANA,Krishana Phoschem Limited,2.12,2.15,108.56,59.17,4.02,4.04,3.4,-20.87,184.59,134.32,Pass (Up),95.45,1.09,-10.03,19.74,57.73
KRISHIVAL,Krishival Foods Limited,0.59,0.52,-15.87,7.1,0.65,0.61,0.61,-38.49,394.5,369.37,Pass (Up),-6.26,0.51,-21.47,1.16,47.16
KRISHNADEF,Krishna Defence And Allied Industries Limited,-0.61,-0.45,23.72,0.72,-0.27,-0.19,-0.33,-30.65,1000.9,1062.63,Fail (Down),46.53,1.16,-26.88,11.11,51.57
KRITI,Kriti Industries (India) Limited,-1.01,-1.09,-53.76,-19.56,-1.48,-1.52,-1.35,-58.73,60.77,74.22,Fail (Down),-52.84,1.14,-54.13,0.11,42.31
KRITIKA,Kritika Wires Limited,-1.11,-1.36,-43.3,-18.76,-1.49,-1.62,-1.45,-49.28,4.91,6.04,Fail (Down),-36.81,1.37,-45.38,0.08,41.89
KRITINUT,Kriti Nutrients Limited,-0.51,-0.6,-29.34,-8.89,-0.7,-0.75,-0.67,-42.79,66.53,78.4,Fail (Down),-8.69,1.49,-33.45,0.16,46.7
KRN,KRN Heat Exchanger and Refrigeration Limited,1.74,2.03,70.39,44.15,3.08,3.22,2.73,-30.96,1414.7,1101.08,Pass (Up),80.36,1.44,-14.79,26.5,54.75
KRONOX,Kronox Lab Sciences Limited,1.6,2.04,27.82,41.48,2.88,3.09,2.6,-39.91,205.77,143.21,Pass (Up),51.12,1.36,-5.19,14.22,52.93
KROSS,Kross Limited,2.13,2.73,27.69,37.8,2.96,3.26,2.88,-29.2,258.4,199.24,Pass (Up),50.57,1.44,-7.24,28.88,52.67
KRSNAA,Krsnaa Diagnostics Limited,-0.22,-0.23,-27.91,-9.3,-0.58,-0.58,-0.46,-37.5,554.85,597.18,Fail (Down),-20.28,0.9,-33.1,6.52,45.3
KRYSTAL,Krystal Integrated Services Limited,0.6,0.82,0.84,8.83,0.74,0.85,0.76,-22.0,610.2,592.83,Pass (Up),15.82,0.72,-10.23,2.42,50.12
KSB,Ksb Limited,-0.54,-0.49,-0.35,-5.17,-0.53,-0.5,-0.52,-23.14,806.45,816.6,Fail (Down),12.15,0.78,-18.96,20.35,49.95
KSCL,Kaveri Seed Company Limited,-1.6,-1.95,-31.91,-22.2,-1.91,-2.09,-1.92,-35.49,715.1,852.82,Fail (Down),-24.86,0.81,-33.19,45.33,45.21
KSHITIJPOL,Kshitij Polyline Limited,1.03,1.08,32.66,35.83,2.31,2.33,1.9,-67.04,3.94,3.27,Pass (Up),51.39,0.39,-45.2,0.82,51.87
KSL,Kalyani Steels Limited,1.17,1.21,19.86,20.82,1.63,1.64,1.49,-34.62,913.0,798.13,Pass (Up),37.27,1.23,-8.54,9.79,52.27
KSOLVES,Ksolves India Limited,-1.08,-1.13,-19.46,-18.24,-1.45,-1.47,-1.34,-30.02,241.14,280.9,Fail (Down),-0.36,1.41,-30.02,2.34,47.65
KSR,KSR Footwear Limited,1.3,1.55,15.8,41.47,2.72,2.85,2.33,-54.55,37.38,31.21,Pass (Up),46.78,0.41,-19.65,0.19,51.32
KTKBANK,The Karnataka Bank Limited,2.46,2.97,88.71,40.93,3.28,3.53,3.17,-17.07,321.6,251.76,Pass (Up),81.83,1.1,-6.25,80.14,58.0
KUANTUM,Kuantum Papers Limited,0.27,0.32,-27.65,-2.06,0.03,0.06,0.13,-40.32,76.71,78.9,Fail (Down),-16.17,1.17,-28.26,1.11,45.15
LAGNAM,Lagnam Spintex Limited,-0.35,-0.34,-13.9,-1.69,-0.26,-0.25,-0.29,-29.63,71.9,75.79,Fail (Down),5.94,1.16,-20.45,0.09,48.31
LAKPRE,Lakshmi Precision Screws Limited,0.17,0.17,3.75,-3.17,-0.07,-0.08,0.01,-36.28,5.25,5.14,Pass (Up),21.99,0.18,-21.29,0.0,50.24
LAL,Lorenzini Apparels Limited,0.0,0.02,-23.11,-0.56,-0.03,-0.02,-0.01,-45.31,8.45,8.06,Pass (Up),-10.47,0.68,-23.11,0.08,46.82
LALPATHLAB,Dr. Lal Path Labs Ltd.,2.45,3.16,27.81,31.89,2.82,3.18,2.94,-19.27,2005.1,1591.83,Pass (Up),33.82,0.48,0.0,65.15,54.44
LAMBODHARA,Lambodhara Textiles Limited,0.94,1.31,-2.31,17.6,1.35,1.53,1.34,-39.78,128.64,111.92,Pass (Up),22.83,1.16,-11.02,0.74,49.75
LANCORHOL,Lancor Holdings Limited,1.57,2.16,38.35,31.95,2.38,2.68,2.31,-43.5,31.59,26.11,Pass (Up),61.72,1.2,-21.03,0.84,52.59
LANDMARK,Landmark Cars Limited,0.44,0.63,-23.93,3.38,0.39,0.49,0.47,-46.92,463.25,441.2,Pass (Up),-8.14,0.97,-29.42,62.55,46.89
LANDSMILL,Landsmill Green Limited,0.75,1.33,-37.87,4.84,0.62,0.91,0.85,-69.77,1.05,0.96,Pass (Up),-26.72,0.49,-38.95,0.29,45.18
LAOPALA,La Opala RG Limited,-1.22,-1.31,-33.82,-14.43,-1.33,-1.38,-1.32,-35.62,156.11,179.69,Fail (Down),-31.21,0.79,-35.53,5.67,43.2
LASA,Lasa Supergenerics Limited,-1.81,-1.62,-52.42,-27.0,-2.26,-2.16,-2.04,-53.49,5.6,7.84,Fail (Down),-60.25,0.77,-53.49,0.02,42.9
LATENTVIEW,Latent View Analytics Limited,-1.74,-1.8,-43.15,-29.59,-2.35,-2.38,-2.17,-53.3,234.48,323.77,Fail (Down),-35.62,1.2,-53.3,23.09,44.92
LATTEYS,Latteys Industries Limited,0.31,0.44,4.76,2.4,0.28,0.34,0.33,-54.24,20.91,21.54,Fail (Down),27.2,0.71,-39.44,0.12,50.33
LAURUSLABS,Laurus Labs Limited,3.81,4.45,127.94,67.45,5.28,5.6,5.0,-16.27,1984.0,1362.7,Pass (Up),95.77,0.75,-2.46,444.8,62.87
LAXMICOT,Laxmi Cotspin Limited,-0.24,-0.3,-39.93,-14.08,-0.82,-0.85,-0.65,-51.37,13.3,14.9,Fail (Down),-29.29,0.78,-45.56,0.03,45.32
LAXMIDENTL,Laxmi Dental Limited,-1.0,-0.89,-40.85,-14.57,-1.23,-1.18,-1.12,-53.67,193.87,210.57,Fail (Down),-29.89,1.29,-43.24,2.09,44.0
LAXMIINDIA,Laxmi India Finance Limited,0.75,0.96,-20.27,11.9,0.97,1.07,0.97,-54.52,119.02,112.14,Pass (Up),8.05,1.66,-24.46,2.26,47.98
LCCINFOTEC,LCC Infotech Limited,-0.57,-0.62,-21.37,-20.37,-1.3,-1.33,-1.08,-46.7,3.9,4.52,Fail (Down),-6.64,0.03,-30.48,0.04,48.56
LEMERITE,Le Merite Exports Limited,-3.02,-2.63,-78.11,-54.1,-4.21,-4.02,-3.69,-82.23,19.28,59.26,Fail (Down),-137.27,0.48,-81.33,0.8,37.65
LEMONTREE,Lemon Tree Hotels Limited,-1.18,-1.21,-35.25,-15.47,-1.36,-1.38,-1.31,-42.03,107.67,118.25,Fail (Down),-27.51,1.27,-37.85,35.13,43.65
LENSKART,Lenskart Solutions Limited,3.05,3.48,71.46,40.34,3.54,3.75,3.52,-14.56,691.15,532.32,Pass (Up),75.08,0.53,-2.27,568.82,58.1
LEXUS,Lexus Granito (India) Limited,-2.26,-2.37,-61.68,-45.77,-3.42,-3.47,-3.07,-72.44,10.56,20.94,Fail (Down),-74.11,0.65,-72.44,0.04,44.36
LFIC,Lakshmi Finance & Industrial Corporation Limited,-0.15,-0.16,-33.93,-6.68,-0.41,-0.42,-0.33,-48.3,133.82,139.28,Fail (Down),-24.32,0.72,-37.32,0.08,45.15
LGBBROSLTD,LG Balakrishnan & Bros Limited,0.96,1.0,25.69,5.53,0.76,0.78,0.84,-27.38,1711.1,1677.28,Pass (Up),40.04,0.99,-13.59,4.13,52.68
LGEINDIA,LG Electronics India Limited,1.3,1.7,1.89,13.32,1.31,1.52,1.44,-21.96,1721.8,1550.58,Pass (Up),14.58,0.77,-1.0,103.33,50.33
LGHL,Laxmi Goldorna House Limited,-0.24,-0.28,-41.77,-11.19,-0.68,-0.7,-0.55,-55.66,219.47,240.24,Fail (Down),-38.34,0.64,-43.5,0.45,44.12
LIBAS,Libas Consumer Products Limited,0.44,0.46,-7.53,3.57,0.4,0.41,0.42,-25.74,11.29,10.96,Pass (Up),2.03,0.42,-11.93,0.08,48.93
LIBERTSHOE,Liberty Shoes Limited,-1.36,-1.79,-34.9,-21.3,-1.75,-1.96,-1.76,-38.08,216.78,250.86,Fail (Down),-23.86,1.29,-37.01,1.76,44.68
LICHSGFIN,LIC Housing Finance Limited,-0.24,-0.24,-10.05,-4.35,-0.34,-0.34,-0.3,-22.37,509.0,525.15,Fail (Down),2.82,1.06,-12.51,137.99,48.2
LICI,Life Insurance Corporation Of India,-0.33,-0.27,-11.29,-6.18,-0.48,-0.45,-0.41,-21.48,391.85,406.78,Fail (Down),2.09,1.15,-13.21,403.42,47.82
LIKHITHA,Likhitha Infrastructure Limited,0.02,0.14,-2.97,1.05,0.06,0.12,0.09,-44.3,225.62,202.47,Pass (Up),21.92,1.21,-16.59,1.67,49.69
LINC,Linc Limited,-1.61,-1.57,-29.4,-18.39,-1.73,-1.71,-1.68,-33.73,86.54,101.75,Fail (Down),-16.36,1.19,-32.73,0.26,46.12
LINCOLN,Lincoln Pharmaceuticals Limited,-0.15,-0.13,9.73,3.95,0.12,0.13,0.04,-24.53,582.05,588.3,Fail (Down),24.09,0.66,-23.01,2.87,51.11
LINDEINDIA,Linde India Limited,-1.27,-1.21,-0.13,-7.6,-1.01,-0.98,-1.08,-22.39,6247.5,6731.34,Fail (Down),11.12,0.77,-20.25,15.74,49.98
LLOYDSENGG,LLOYDS ENGINEERING WORKS LIMITED,1.77,2.37,67.45,57.97,3.78,4.08,3.31,-39.95,98.31,67.66,Pass (Up),85.0,1.99,-3.8,106.06,55.06
LLOYDSENT,Lloyds Enterprises Limited,0.94,1.21,19.91,18.41,1.39,1.52,1.33,-43.51,77.95,66.41,Pass (Up),50.42,1.91,-6.65,33.1,51.64
LLOYDSME,Lloyds Metals And Energy Limited,0.93,0.95,43.85,17.19,1.32,1.34,1.2,-20.95,1776.8,1595.1,Pass (Up),57.06,1.35,-15.44,91.63,54.35
LMW,LMW Limited,1.12,1.55,14.28,13.58,1.24,1.46,1.34,-25.56,16548.0,15617.72,Pass (Up),31.35,1.32,-17.45,9.91,51.93
LODHA,Lodha Developers Limited,0.9,0.95,-2.66,13.16,1.11,1.13,1.05,-45.19,1105.6,1017.9,Pass (Up),21.58,1.79,-15.72,270.6,49.66
LOKESHMACH,Lokesh Machines Limited,2.18,2.87,109.39,71.17,4.65,4.99,4.06,-28.11,400.8,257.03,Pass (Up),98.09,0.93,0.0,1.91,57.27
LORDSCHLO,Lords Chloro Alkali Limited,0.08,0.09,-20.63,-5.45,-0.23,-0.23,-0.13,-51.61,138.81,140.55,Fail (Down),-1.7,1.2,-38.42,0.36,47.75
LOTUSDEV,Sri Lotus Developers and Realty Limited,2.83,3.62,20.69,54.01,4.12,4.51,3.95,-46.25,230.07,154.38,Pass (Up),42.75,1.41,0.0,49.38,52.49
LOTUSEYE,Lotus Eye Hospital and Institute Limited,-0.28,-0.25,-5.87,0.14,-0.13,-0.12,-0.17,-30.53,115.68,116.42,Fail (Down),12.59,0.9,-18.18,0.19,49.4
LOVABLE,Lovable Lingerie Limited,-0.94,-0.87,-29.36,-9.72,-0.96,-0.92,-0.93,-43.54,68.29,73.12,Fail (Down),-17.25,1.09,-30.8,0.08,45.62
LOYALTEX,Loyal Textile Mills Limited,0.24,0.26,-27.21,-2.12,0.01,0.02,0.09,-43.14,207.5,213.16,Fail (Down),-16.62,0.35,-34.08,0.04,46.74
LPDC,Landmark Property Development Company Limited,0.13,0.2,-24.27,-8.93,-0.38,-0.35,-0.19,-38.56,6.21,6.65,Fail (Down),-0.21,1.29,-31.0,0.06,47.29
LT,Larsen & Toubro Limited,-0.79,-0.73,1.61,-6.98,-0.74,-0.72,-0.74,-24.35,3693.4,3948.43,Fail (Down),18.82,1.46,-15.59,650.29,50.28
LTF,L&T Finance Limited,-0.97,-0.83,3.28,-12.24,-1.1,-1.03,-1.01,-25.01,264.35,291.55,Fail (Down),26.11,1.7,-21.23,176.96,50.36
LTFOODS,LT Foods Limited,0.56,0.62,-0.03,1.87,0.37,0.4,0.45,-21.73,399.15,399.55,Fail (Down),21.48,1.49,-12.83,56.88,50.0
LTM,LTM Limited,-0.01,0.1,-20.42,-10.18,-0.51,-0.46,-0.31,-44.04,4007.0,4582.66,Fail (Down),-7.77,1.06,-36.62,200.7,47.11
LTTS,L&T Technology Services Limited,0.07,0.11,-20.73,-7.14,-0.32,-0.3,-0.18,-34.51,3267.8,3535.25,Fail (Down),-8.71,0.89,-29.63,47.0,47.0
LUMAXIND,Lumax Industries Limited,0.68,0.86,9.48,9.75,0.83,0.92,0.84,-30.57,5550.0,5440.09,Pass (Up),38.45,1.78,-16.41,10.56,50.84
LUMAXTECH,Lumax Auto Technologies Limited,1.54,2.25,50.62,28.05,2.17,2.53,2.2,-23.17,1978.9,1665.37,Pass (Up),66.61,1.22,-6.5,48.12,53.59
LUPIN,Lupin Limited,-1.97,-1.94,3.26,-10.62,-1.51,-1.5,-1.66,-19.27,2031.2,2248.62,Fail (Down),9.88,0.49,-19.23,196.4,50.65
LUXIND,Lux Industries Limited,-0.72,-0.81,-15.81,-12.15,-0.97,-1.01,-0.91,-40.91,1092.0,1167.87,Fail (Down),8.08,1.55,-37.37,4.5,48.21
LXCHEM,Laxmi Organic Industries Limited,1.29,1.4,-13.08,20.45,1.67,1.72,1.58,-49.68,181.39,154.55,Pass (Up),10.08,1.56,-15.43,28.04,48.25
LYKALABS,Lyka Labs Limited,1.37,1.55,-16.13,20.79,1.73,1.81,1.67,-54.31,81.55,67.9,Pass (Up),3.25,1.15,-17.1,0.13,47.83
M&M,Mahindra & Mahindra Limited,-1.09,-1.06,-16.55,-13.66,-1.23,-1.21,-1.17,-23.99,2860.0,3247.92,Fail (Down),-1.31,1.43,-23.99,697.48,47.25
M&MFIN,Mahindra & Mahindra Financial Services Limited,0.28,0.43,19.58,0.61,0.17,0.24,0.26,-31.82,319.75,338.37,Fail (Down),41.5,1.59,-22.45,134.87,51.69
MAANALU,Maan Aluminium Limited,-1.59,-1.7,-5.96,-24.26,-2.01,-2.06,-1.91,-41.9,99.34,133.21,Fail (Down),16.67,1.25,-41.9,0.75,49.56
MACPOWER,Macpower CNC Machines Limited,2.72,3.78,156.84,93.92,6.06,6.58,5.3,-25.94,2144.8,1235.71,Pass (Up),121.22,1.0,-2.27,10.27,59.06
MADHAV,Madhav Marbles and Granites Limited,-0.02,-0.02,-21.56,-5.47,-0.28,-0.28,-0.19,-33.84,34.49,36.69,Fail (Down),-6.73,0.91,-23.17,0.02,47.44
MADHUCON,Madhucon Projects Limited,-1.74,-1.61,-50.37,-27.12,-2.23,-2.16,-2.02,-53.48,3.99,5.21,Fail (Down),-52.96,0.8,-50.37,0.01,43.84
MADRASFERT,Madras Fertilizers Limited,-1.61,-1.76,-32.32,-16.82,-1.65,-1.72,-1.69,-38.24,57.46,68.33,Fail (Down),-20.3,1.39,-33.12,0.5,44.72
MAGADSUGAR,Magadh Sugar & Energy Limited,0.61,0.78,-3.9,4.7,0.54,0.63,0.62,-29.82,511.75,480.55,Pass (Up),8.26,0.57,-17.54,2.96,49.51
MAGNUM,Magnum Ventures Limited,-0.85,-0.91,-25.93,-13.06,-1.08,-1.11,-1.02,-34.62,18.62,20.37,Fail (Down),-10.59,1.1,-27.15,0.06,46.5
MAHABANK,Bank of Maharashtra,0.48,0.54,48.29,14.55,0.97,1.0,0.82,-18.93,80.5,74.65,Pass (Up),61.24,1.5,-14.22,124.07,54.39
MAHAPEXLTD,Maha Rashtra Apex Corporation Limited,0.29,0.51,-49.69,-9.53,-0.33,-0.22,-0.05,-60.94,50.18,64.63,Fail (Down),-24.84,1.38,-54.97,0.11,44.43
MAHASTEEL,Mahamaya Steel Industries Limited,2.04,2.09,160.46,50.0,3.52,3.55,3.04,-32.23,1182.5,923.29,Pass (Up),108.95,0.01,-15.18,1.49,57.15
MAHEPC,Mahindra EPC Irrigation Limited,-1.64,-1.44,-37.16,-20.52,-1.85,-1.75,-1.71,-39.5,96.3,114.82,Fail (Down),-29.18,1.23,-37.16,0.33,43.7
MAHESHWARI,Maheshwari Logistics Limited,1.02,1.3,22.08,26.29,1.83,1.96,1.65,-31.24,69.95,57.89,Pass (Up),32.71,0.5,-6.68,0.11,53.12
MAHLIFE,Mahindra Lifespace Developers Limited,-0.27,-0.3,-1.83,-3.72,-0.32,-0.33,-0.31,-30.22,351.15,356.49,Fail (Down),11.31,0.87,-15.94,7.85,49.74
MAHLOG,Mahindra Logistics Limited,0.97,1.06,20.36,14.15,1.19,1.24,1.15,-24.98,416.4,374.58,Pass (Up),39.26,1.35,-5.33,11.61,52.32
MAHSCOOTER,Maharashtra Scooters Limited,-0.07,-0.05,-25.52,-4.4,-0.25,-0.25,-0.19,-35.93,12380.0,12859.12,Fail (Down),-13.5,1.23,-27.4,5.9,45.31
MAHSEAMLES,Maharashtra Seamless Limited,1.7,1.88,19.6,19.31,1.82,1.9,1.84,-15.81,698.75,592.88,Pass (Up),29.26,0.78,-5.27,18.53,53.2
MAITHANALL,Maithan Alloys Limited,-0.29,-0.31,-15.97,-5.77,-0.43,-0.45,-0.39,-29.01,927.0,985.05,Fail (Down),1.49,1.25,-19.61,7.98,47.91
MALLCOM,Mallcom (India) Limited,-0.49,-0.53,-26.75,-11.9,-0.84,-0.86,-0.74,-38.7,935.2,1052.22,Fail (Down),-12.74,1.21,-36.94,0.33,46.71
MALUPAPER,Malu Paper Mills Limited,0.09,0.11,-19.48,-5.02,-0.21,-0.19,-0.1,-34.57,31.04,32.47,Fail (Down),-4.71,0.91,-25.17,0.13,47.29
MAMATA,Mamata Machinery Limited,0.27,0.28,-11.24,1.72,0.22,0.23,0.24,-35.44,399.9,400.12,Fail (Down),6.04,1.22,-13.62,2.99,48.38
MANAKALUCO,Manaksia Aluminium Company Limited,0.48,0.65,7.15,9.34,0.71,0.79,0.69,-66.49,33.76,34.89,Fail (Down),42.55,1.32,-47.89,0.48,50.42
MANAKCOAT,Manaksia Coated Metals & Industries Limited,0.71,0.76,-6.37,6.24,0.67,0.69,0.7,-46.36,126.59,117.65,Pass (Up),14.31,1.12,-29.76,6.75,49.34
MANAKSIA,Manaksia Limited,0.59,0.67,-12.04,4.09,0.5,0.54,0.55,-38.35,59.56,59.66,Fail (Down),8.41,1.41,-16.05,0.34,48.47
MANAKSTEEL,Manaksia Steels Limited,2.39,3.22,77.87,65.32,4.46,4.88,4.05,-40.23,108.89,72.05,Pass (Up),86.12,1.2,-7.65,1.05,55.3
MANALIPETC,Manali Petrochemicals Limited,1.7,2.31,21.07,35.03,2.6,2.91,2.51,-47.23,78.15,61.79,Pass (Up),44.72,1.52,-12.72,34.15,52.11
MANAPPURAM,Manappuram Finance Limited,-0.04,0.02,8.74,1.61,0.06,0.09,0.05,-21.37,308.9,309.59,Fail (Down),26.27,1.25,-16.69,185.58,51.06
MANBA,Manba Finance Limited,0.74,0.8,2.21,9.94,0.87,0.9,0.84,-30.31,139.01,125.47,Pass (Up),13.47,0.75,-4.67,2.52,50.36
MANCREDIT,Mangal Credit and Fincorp Limited,0.45,0.6,19.75,15.14,0.98,1.06,0.85,-16.08,218.97,194.09,Pass (Up),29.97,0.52,-14.62,6.57,52.32
MANGALAM,Mangalam Drugs And Organics Limited,0.17,0.22,-59.21,-6.26,-0.23,-0.2,-0.08,-67.28,29.15,30.69,Fail (Down),-71.85,0.52,-59.89,0.16,40.43
MANGLMCEM,Mangalam Cement Limited,1.0,1.21,32.54,17.02,1.35,1.45,1.3,-16.82,984.65,882.96,Pass (Up),42.94,0.97,-10.34,12.79,54.32
MANINDS,Man Industries (India) Limited,2.93,4.25,151.58,100.3,6.48,7.14,5.74,-35.93,921.55,527.99,Pass (Up),132.4,2.13,-9.68,92.08,58.26
MANINFRA,Man Infraconstruction Limited,1.39,2.1,-15.73,16.63,1.53,1.88,1.72,-47.54,124.3,111.17,Pass (Up),1.74,1.2,-16.36,24.52,47.7
MANKIND,Mankind Pharma Limited,0.79,0.94,3.91,11.21,0.95,1.03,0.95,-22.3,2535.0,2298.06,Pass (Up),13.76,0.66,-3.17,109.13,50.67
MANOMAY,Manomay Tex India Limited,1.82,2.35,36.49,23.23,2.07,2.34,2.17,-36.22,240.08,208.85,Pass (Up),48.99,0.63,-7.17,3.26,53.18
MANORAMA,Manorama Industries Limited,1.69,2.11,32.47,32.71,2.48,2.69,2.36,-30.2,1880.3,1515.74,Pass (Up),53.08,1.49,-11.81,81.21,53.21
MANORG,Mangalam Organics Limited,-0.48,-0.4,-18.64,-9.07,-0.69,-0.66,-0.6,-33.82,436.8,479.85,Fail (Down),-1.34,0.67,-29.54,0.49,48.14
MANUGRAPH,Manugraph India Limited,0.63,0.8,-25.82,6.38,0.63,0.72,0.69,-57.14,16.46,15.07,Pass (Up),-2.99,1.05,-30.02,0.15,47.11
MANYAVAR,Vedant Fashions Limited,1.59,2.57,-23.76,19.95,1.79,2.28,2.05,-51.65,519.2,455.42,Pass (Up),-12.45,0.97,-24.45,58.74,45.63
MAPMYINDIA,C.E. Info Systems Limited,-0.66,-0.75,-48.18,-20.72,-1.37,-1.41,-1.16,-58.9,845.75,1069.69,Fail (Down),-45.62,1.17,-56.48,53.34,43.18
MARALOVER,Maral Overseas Limited,1.14,1.47,25.05,25.44,1.84,2.01,1.72,-33.34,57.7,49.98,Pass (Up),45.71,1.1,-12.35,0.15,52.13
MARATHON,Marathon Nextgen Realty Limited,-0.4,-0.53,-34.67,-15.55,-0.98,-1.04,-0.83,-47.68,388.1,441.75,Fail (Down),-20.21,1.45,-41.32,8.23,45.38
MARICO,Marico Limited,-0.19,-0.2,11.85,0.45,-0.07,-0.08,-0.11,-11.75,781.35,796.58,Fail (Down),18.13,0.51,-11.75,141.08,52.31
MARINE,Marine Electricals (India) Limited,3.02,3.47,97.46,97.68,6.39,6.62,5.42,-39.94,436.55,255.13,Pass (Up),99.19,1.63,-0.39,52.07,56.89
MARKOLINES,Markolines Pavement Technologies Limited,-0.16,-0.13,-9.05,0.83,-0.04,-0.02,-0.07,-27.31,167.26,162.41,Pass (Up),3.85,0.74,-11.25,4.48,48.6
MARKSANS,Marksans Pharma Limited,2.25,3.01,95.9,61.53,4.2,4.58,3.81,-20.33,325.6,228.75,Pass (Up),88.73,1.08,-6.33,104.14,57.57
MARUTI,Maruti Suzuki India Limited,-2.41,-1.99,-27.97,-22.23,-2.32,-2.1,-2.21,-33.49,11386.0,13802.5,Fail (Down),-20.19,1.1,-33.49,510.14,44.2
MASFIN,MAS Financial Services Limited,-1.19,-1.19,-10.5,-14.03,-1.3,-1.3,-1.26,-21.26,272.85,310.67,Fail (Down),3.99,1.15,-21.26,6.0,48.57
MASKINVEST,Mask Investments Limited,0.05,0.11,-8.98,-1.15,-0.03,-0.0,0.01,-45.75,143.41,146.81,Fail (Down),11.7,0.21,-35.9,0.0,49.29
MASTEK,Mastek Limited,-0.05,-0.04,-28.69,-10.04,-0.53,-0.52,-0.36,-42.33,1555.6,1720.31,Fail (Down),-14.0,1.27,-32.59,38.36,46.11
MASTERTR,Master Trust Limited,0.35,0.71,-46.97,-2.92,0.03,0.21,0.26,-65.2,81.66,86.7,Fail (Down),-31.6,1.44,-49.56,12.46,43.81
MATRIMONY,Matrimony.Com Limited,1.02,1.53,-4.5,8.69,0.94,1.2,1.14,-33.39,497.0,463.67,Pass (Up),6.93,0.6,-11.7,2.46,49.28
MAWANASUG,Mawana Sugars Limited,1.69,2.48,61.03,44.17,3.05,3.45,2.86,-19.15,138.84,101.29,Pass (Up),59.8,0.14,-8.98,5.06,55.39
MAXESTATES,Max Estates Limited,2.03,2.33,20.71,32.81,2.66,2.81,2.55,-37.98,566.25,433.49,Pass (Up),38.86,1.16,-8.2,11.93,52.38
MAXHEALTH,Max Healthcare Institute Limited,-1.15,-1.04,-15.32,-10.09,-1.08,-1.03,-1.07,-23.08,940.95,1031.42,Fail (Down),-6.64,0.7,-22.16,216.13,47.35
MAXIND,Max India Limited,0.31,0.4,-25.33,0.56,0.18,0.23,0.25,-43.86,162.78,160.36,Pass (Up),-8.84,1.22,-25.61,2.35,46.38
MAYURUNIQ,Mayur Uniquoters Ltd,-0.06,0.25,41.38,16.83,0.81,0.96,0.62,-18.86,711.55,646.67,Pass (Up),54.2,1.18,-18.86,8.26,53.83
MAZDA,Mazda Limited,1.64,2.15,0.25,26.97,2.17,2.42,2.16,-44.84,288.15,217.19,Pass (Up),22.52,1.26,-5.0,1.22,50.03
MAZDOCK,Mazagon Dock Shipbuilders Limited,-1.64,-1.68,-26.85,-17.37,-1.69,-1.71,-1.69,-28.13,2064.0,2428.43,Fail (Down),-12.82,1.42,-28.04,177.97,45.74
MBAPL,Madhya Bharat Agro Products Limited,2.56,3.08,113.72,64.46,4.5,4.76,4.03,-15.01,165.83,116.51,Pass (Up),94.2,0.92,-2.81,19.49,59.06
MBEL,M & B Engineering Limited,-1.56,-1.4,-36.95,-24.48,-2.0,-1.92,-1.8,-55.96,251.75,305.28,Fail (Down),-17.69,1.62,-50.86,5.04,45.99
MBLINFRA,MBL Infrastructure Limited,-0.75,-0.75,-44.86,-16.36,-1.19,-1.19,-1.05,-56.41,23.11,25.88,Fail (Down),-29.99,1.75,-47.18,0.08,44.67
MCL,M TEK COPPER LIMITED,-0.16,-0.18,-9.19,-9.94,-0.58,-0.59,-0.45,-43.52,54.64,62.12,Fail (Down),7.26,0.73,-41.37,0.33,49.16
MCLEODRUSS,Mcleod Russel India Limited,-0.45,-0.45,8.97,-4.65,-0.46,-0.46,-0.46,-57.69,42.51,50.1,Fail (Down),41.49,1.77,-45.78,1.19,50.5
MCLOUD,Magellanic Cloud Limited,-1.03,-1.07,-68.61,-18.58,-1.45,-1.46,-1.32,-74.39,24.25,26.05,Fail (Down),-82.92,1.26,-68.61,8.79,38.79
MCX,Multi Commodity Exchange of India Limited,1.76,1.87,100.78,34.78,2.62,2.67,2.37,-24.5,3204.0,2758.64,Pass (Up),87.56,0.9,-6.68,679.71,56.55
MEDANTA,Global Health Limited,0.96,1.09,4.08,12.93,1.12,1.19,1.11,-31.15,1357.3,1236.11,Pass (Up),16.89,0.84,-10.05,36.85,50.58
MEDIASSIST,Medi Assist Healthcare Services Limited,-1.59,-1.55,-44.05,-21.29,-1.86,-1.84,-1.75,-48.04,298.5,366.12,Fail (Down),-38.07,1.47,-47.41,6.88,43.23
MEDICAMEQ,Medicamen Biotech Limited,1.27,1.46,6.21,18.98,1.59,1.68,1.54,-47.14,318.6,284.84,Pass (Up),26.18,0.85,-23.18,1.38,50.55
MEDICO,Medico Remedies Limited,-2.38,-2.1,-54.72,-47.66,-3.57,-3.43,-3.08,-60.31,21.86,42.86,Fail (Down),-56.46,1.13,-59.7,1.8,44.19
MEDPLUS,Medplus Health Services Limited,-1.6,-1.41,-11.8,-19.64,-1.78,-1.69,-1.66,-31.93,654.3,800.95,Fail (Down),-3.15,0.54,-31.41,13.8,48.27
MEESHO,Meesho Limited,1.46,1.88,28.57,26.16,2.04,2.25,1.98,-42.79,218.69,180.91,Pass (Up),55.94,0.52,-8.95,341.72,52.83
MEGASTAR,Megastar Foods Limited,-0.97,-0.89,18.72,-6.01,-0.78,-0.74,-0.82,-35.23,267.18,281.95,Fail (Down),35.09,0.73,-30.3,0.52,51.49
MEIL,Mangal Electrical Industries Limited,-0.79,-0.98,-44.68,-13.88,-1.09,-1.19,-1.05,-57.01,262.1,293.1,Fail (Down),-36.07,1.62,-45.96,1.62,43.09
MENONBE,Menon Bearings Limited,3.77,4.8,125.77,122.69,8.02,8.54,6.95,-21.64,288.4,167.76,Pass (Up),104.05,1.05,-10.27,2.21,59.0
MEP,MEP Infrastructure Developers Limited,-2.44,-2.26,-64.36,-26.04,-2.52,-2.43,-2.44,-81.91,0.67,0.99,Fail (Down),-101.5,0.13,-76.24,0.01,37.15
METROBRAND,Metro Brands Limited,-2.17,-2.14,-32.9,-21.75,-2.17,-2.16,-2.16,-33.81,833.5,1013.64,Fail (Down),-28.87,0.8,-33.81,6.49,44.23
METROPOLIS,Metropolis Healthcare Limited,0.33,0.41,5.84,6.35,0.48,0.52,0.46,-19.78,537.9,516.47,Pass (Up),14.2,0.42,-10.66,14.56,50.83
MFML,Mahalaxmi Fabric Mills Limited,-0.7,-0.69,-37.79,-17.35,-1.22,-1.21,-1.04,-40.61,18.72,22.39,Fail (Down),-32.97,0.58,-38.74,0.01,45.44
MFSL,Max Financial Services Limited,-0.78,-0.73,-14.17,-13.83,-1.08,-1.06,-0.96,-26.56,1392.0,1618.17,Fail (Down),-0.69,1.12,-25.56,137.34,47.89
MGEL,Mangalam Global Enterprise Limited,0.28,0.37,-10.24,5.65,0.42,0.47,0.41,-45.64,15.34,13.97,Pass (Up),7.76,0.82,-14.68,1.15,48.74
MGL,Mahanagar Gas Limited,-0.19,-0.14,-15.94,-1.71,-0.18,-0.16,-0.17,-30.12,1045.4,1080.15,Fail (Down),-4.32,0.96,-18.28,26.02,47.31
MHLXMIRU,Mahalaxmi Rubtech Limited,0.99,1.19,-19.95,7.54,0.87,0.97,0.98,-52.75,175.0,174.05,Pass (Up),-4.2,0.59,-24.92,0.29,47.51
MHRIL,Mahindra Holidays & Resorts India Limited,-2.01,-1.97,-44.06,-25.39,-2.27,-2.25,-2.17,-45.43,194.85,248.54,Fail (Down),-47.55,0.81,-44.74,2.93,40.57
MICEL,MIC Electronics Limited,-0.45,-0.5,-38.17,-8.85,-0.67,-0.69,-0.61,-50.42,36.0,39.43,Fail (Down),-22.37,1.72,-40.45,0.65,45.04
MIDHANI,Mishra Dhatu Nigam Limited,0.84,0.89,13.88,18.51,1.34,1.37,1.19,-32.36,433.6,383.2,Pass (Up),37.53,1.45,-8.82,77.59,51.35
MIDWESTLTD,Midwest Limited,-3.05,-2.8,-20.72,-33.27,-3.19,-3.06,-3.06,-51.38,904.15,1281.13,Fail (Down),8.93,1.51,-49.87,2.52,48.32
MINDACORP,Minda Corporation Limited,0.61,0.76,15.35,13.02,0.95,1.03,0.89,-20.78,667.35,610.68,Pass (Up),30.75,1.17,-10.45,28.47,52.0
MINDTECK,Mindteck (India) Limited,-2.49,-2.28,-36.14,-22.73,-2.38,-2.28,-2.35,-50.54,150.93,195.33,Fail (Down),-18.63,1.68,-48.78,0.83,46.15
MIRZAINT,Mirza International Limited,-1.68,-1.82,-28.88,-18.48,-1.76,-1.84,-1.78,-38.48,27.65,33.17,Fail (Down),-13.02,1.39,-32.1,1.12,46.23
MITCON,MITCON Consultancy & Engineering Services Limited,0.94,1.09,18.79,15.03,1.22,1.3,1.18,-31.86,80.34,71.93,Pass (Up),36.34,0.95,-10.71,0.1,51.87
MITTAL,Mittal Life Style Limited,-1.64,-1.66,-55.13,-30.68,-2.36,-2.36,-2.12,-55.41,0.7,0.95,Fail (Down),-59.27,1.08,-55.41,0.09,41.04
MKPL,M K Proteins Limited,-2.43,-2.32,-43.23,-25.97,-2.51,-2.46,-2.45,-45.87,3.9,4.9,Fail (Down),-35.58,1.42,-45.45,0.05,42.88
MMFL,MM Forgings Limited,1.62,1.89,85.19,38.99,2.76,2.89,2.47,-23.97,571.95,485.86,Pass (Up),85.28,1.35,-15.91,9.44,55.82
MMP,MMP Industries Limited,3.11,4.46,61.97,77.83,5.45,6.12,5.12,-34.81,449.6,287.92,Pass (Up),69.96,1.1,-6.04,3.95,55.7
MMTC,MMTC Limited,-1.0,-1.14,-13.94,-11.38,-1.07,-1.14,-1.09,-27.36,56.29,63.38,Fail (Down),9.04,1.5,-25.96,13.57,48.42
MOBIKWIK,One Mobikwik Systems Limited,0.2,0.25,-27.88,-3.54,-0.08,-0.05,0.03,-45.78,196.23,203.57,Fail (Down),-8.28,1.52,-31.39,44.82,46.3
MODINATUR,Modi Naturals Limited,-0.89,-0.79,-14.52,-13.05,-1.1,-1.05,-0.99,-33.07,324.45,367.33,Fail (Down),9.27,0.89,-33.07,0.27,48.36
MODIRUBBER,Modi Rubber Limited,-0.15,-0.23,3.81,-4.31,-0.29,-0.33,-0.27,-36.35,119.72,124.81,Fail (Down),25.69,0.65,-28.33,0.05,50.31
MODIS,Modis Navnirman Limited,0.86,1.01,-6.74,10.08,0.94,1.01,0.96,-26.63,367.85,347.01,Pass (Up),6.33,0.52,-11.49,2.89,48.88
MODISONLTD,MODISON LIMITED,3.52,4.92,203.82,169.88,10.25,10.95,8.48,-30.14,486.05,240.61,Pass (Up),141.27,1.14,-6.65,5.94,60.29
MODTHREAD,Modern Threads (India) Limited,0.24,0.29,3.02,-1.41,0.05,0.08,0.13,-26.44,45.66,46.59,Fail (Down),24.51,0.41,-21.69,0.07,50.23
MOHITIND,Mohit Industries Limited,0.14,0.22,-32.92,-4.82,-0.17,-0.13,-0.04,-44.61,22.78,24.17,Fail (Down),-21.59,0.72,-32.92,0.08,45.73
MOIL,MOIL Limited,-1.78,-1.81,-35.85,-23.85,-2.08,-2.1,-1.99,-40.0,232.66,294.89,Fail (Down),-27.46,1.05,-40.0,32.69,44.97
MOKSH,Moksh Ornaments Limited,-1.46,-1.53,-34.07,-21.56,-1.81,-1.84,-1.71,-45.79,9.19,11.97,Fail (Down),-26.69,0.71,-42.27,0.13,45.89
MOL,Meghmani Organics Limited,0.76,1.07,-32.96,3.49,0.55,0.71,0.73,-56.53,55.13,54.08,Pass (Up),-11.5,1.82,-34.77,11.82,45.42
MOLDTECH,Mold-Tek Technologies Limited,2.31,3.22,17.56,57.3,4.02,4.48,3.76,-51.44,204.78,144.34,Pass (Up),41.61,1.33,-5.68,2.9,51.84
MOLDTKPAC,Mold-Tek Packaging Limited,0.32,0.43,-11.97,4.71,0.39,0.45,0.41,-40.06,658.85,621.06,Pass (Up),2.86,0.86,-15.81,5.6,48.35
MONARCH,Monarch Networth Capital Limited,0.43,0.52,6.75,6.72,0.55,0.6,0.54,-24.65,342.7,323.24,Pass (Up),23.05,1.15,-13.59,8.05,50.98
MONEYBOXX,Moneyboxx Finance Limited,-0.31,-0.29,-31.92,-16.97,-1.01,-0.99,-0.77,-56.74,54.0,62.87,Fail (Down),-10.21,1.19,-37.13,0.29,46.52
MONTECARLO,Monte Carlo Fashions Limited,-0.06,-0.05,-21.44,-3.1,-0.19,-0.18,-0.14,-44.07,522.85,540.53,Fail (Down),-8.44,1.13,-35.02,3.21,46.7
MORARJEE,Morarjee Textiles Limited,0.12,0.14,-8.76,1.0,0.11,0.12,0.12,-38.51,7.92,8.32,Fail (Down),7.42,0.42,-36.13,0.01,49.18
MOREPENLAB,Morepen Laboratories Limited,3.86,5.98,174.42,178.69,10.87,11.92,9.24,-32.44,133.72,57.0,Pass (Up),134.38,1.57,0.0,199.18,61.88
MOSCHIP,Moschip Technologies Limited,-0.26,-0.22,-22.49,-4.62,-0.36,-0.34,-0.31,-47.76,198.03,202.16,Fail (Down),-0.18,1.55,-30.22,66.18,47.48
MOTHERSON,Samvardhana Motherson International Limited,1.52,1.94,48.86,24.59,1.99,2.2,1.97,-22.1,157.03,136.19,Pass (Up),61.68,1.57,-8.0,249.73,55.13
MOTILALOFS,Motilal Oswal Financial Services Limited,1.09,1.23,10.86,14.96,1.29,1.36,1.27,-41.97,989.9,858.89,Pass (Up),35.37,1.78,-8.56,109.39,51.24
MOTISONS,Motisons Jewellers Limited,1.28,1.87,-2.51,22.14,1.75,2.04,1.79,-41.3,17.88,14.19,Pass (Up),25.57,1.59,-5.35,89.05,49.69
MOTOGENFIN,The Motor & General Finance Limited,-0.03,0.01,-4.31,0.68,0.02,0.04,0.02,-36.79,25.08,24.81,Pass (Up),18.76,1.27,-20.05,0.08,49.52
MPHASIS,MphasiS Limited,-0.08,-0.07,-14.14,-6.55,-0.37,-0.36,-0.27,-30.68,2250.2,2354.43,Fail (Down),-3.35,0.83,-21.77,121.95,47.79
MPSLTD,MPS Limited,1.74,2.58,19.86,37.48,2.74,3.17,2.69,-41.11,2628.4,2011.01,Pass (Up),34.59,0.64,-10.33,17.95,52.23
MRF,MRF Limited,-1.13,-1.1,-16.68,-11.61,-1.15,-1.13,-1.13,-24.46,123715.0,134220.22,Fail (Down),-8.38,0.8,-23.64,56.44,46.51
MRPL,Mangalore Refinery and Petrochemicals Limited,0.51,0.68,26.2,7.38,0.63,0.71,0.64,-29.89,164.76,166.88,Fail (Down),45.07,0.93,-20.32,271.1,51.86
MSPL,MSP Steel & Power Limited,-0.99,-1.06,-12.86,-13.26,-1.16,-1.2,-1.13,-32.13,32.52,35.6,Fail (Down),6.9,1.32,-27.33,2.86,48.59
MSTCLTD,Mstc Limited,1.06,1.43,47.36,36.31,2.34,2.53,2.04,-32.79,705.8,536.44,Pass (Up),64.05,1.34,-9.12,23.88,54.09
MSUMI,Motherson Sumi Wiring India Limited,-1.77,-1.78,-25.79,-19.67,-1.87,-1.87,-1.84,-34.65,33.53,40.09,Fail (Down),-16.32,1.01,-34.65,38.92,46.09
MTARTECH,Mtar Technologies Limited,1.92,2.14,310.67,107.81,6.35,6.46,4.95,-37.98,7797.0,5429.22,Pass (Up),177.86,1.47,-6.9,101.95,58.02
MTEDUCARE,MT Educare Limited,-0.21,-0.19,-19.71,-1.98,-0.2,-0.19,-0.2,-44.8,1.67,1.69,Fail (Down),-7.73,0.32,-30.99,0.01,48.18
MTNL,Mahanagar Telephone Nigam Limited,-1.31,-1.43,-42.76,-20.43,-1.68,-1.74,-1.59,-50.67,24.66,29.29,Fail (Down),-30.65,1.88,-43.34,3.9,42.94
MUFIN,Mufin Green Finance Limited,0.83,1.03,49.02,14.04,1.12,1.22,1.09,-22.19,130.59,121.13,Pass (Up),58.86,1.18,-6.39,11.91,54.9
MUFTI,Credo Brands Marketing Limited,-1.24,-1.37,-34.47,-16.41,-1.44,-1.51,-1.42,-44.51,70.24,81.95,Fail (Down),-24.33,1.2,-37.56,0.7,44.97
MUKANDLTD,Mukand Limited,2.2,2.98,28.21,32.26,2.71,3.11,2.8,-20.08,172.66,132.94,Pass (Up),40.76,0.95,-4.15,4.33,53.59
MUKKA,Mukka Proteins Limited,0.8,1.06,-3.93,10.58,0.93,1.06,0.97,-32.27,25.7,23.95,Pass (Up),14.75,1.13,-20.11,2.28,49.52
MUKTAARTS,Mukta Arts Limited,0.5,0.62,-18.54,6.82,0.59,0.65,0.6,-46.97,55.92,56.6,Fail (Down),3.17,1.14,-20.52,0.02,48.08
MUNJALAU,Munjal Auto Industries Limited,0.65,0.89,1.72,20.18,1.34,1.46,1.19,-35.65,104.07,89.78,Pass (Up),26.74,1.44,-12.9,22.11,50.19
MUNJALSHOW,Munjal Showa Limited,0.01,-0.03,-8.73,-0.75,-0.03,-0.05,-0.03,-21.84,124.53,125.38,Fail (Down),4.44,0.99,-11.1,0.77,48.47
MURUDCERA,Murudeshwar Ceramics Limited,-1.01,-1.05,-33.91,-12.82,-1.15,-1.17,-1.12,-44.33,28.06,31.79,Fail (Down),-28.7,0.94,-38.23,0.05,43.48
MUTHOOTCAP,Muthoot Capital Services Limited,0.24,0.32,-21.58,-1.52,0.04,0.08,0.14,-39.21,218.08,225.51,Fail (Down),-6.79,1.12,-25.91,0.43,46.92
MUTHOOTFIN,Muthoot Finance Limited,-1.18,-1.19,-13.5,-19.29,-1.56,-1.56,-1.44,-33.53,2697.1,3289.26,Fail (Down),4.83,1.33,-33.53,276.72,48.42
MUTHOOTMF,Muthoot Microfin Limited,-0.41,-0.43,1.31,-3.3,-0.37,-0.38,-0.39,-31.95,174.09,191.24,Fail (Down),26.11,1.6,-31.95,18.68,50.12
MVGJL,Manoj Vaibhav Gems N Jewellers Limited,1.54,2.26,8.81,29.9,2.26,2.63,2.26,-35.14,206.69,167.3,Pass (Up),28.76,1.11,-7.88,6.51,51.05
MWL,Mangalam Worldwide Limited,2.11,3.44,87.17,45.4,3.33,3.99,3.36,-13.35,43.13,33.43,Pass (Up),75.99,0.55,-3.36,5.82,58.77
NACLIND,NACL Industries Limited,-2.13,-1.93,-35.72,-30.87,-2.61,-2.51,-2.38,-48.99,130.41,164.74,Fail (Down),-19.56,1.09,-46.34,19.72,46.88
NAGAFERT,Nagarjuna Fertilizers and Chemicals Limited,-6.01,-3.06,-67.06,-55.39,-5.77,-4.3,-4.87,-68.93,1.69,3.61,Fail (Down),-100.9,0.72,-68.93,0.02,37.97
NAGREEKCAP,Nagreeka Capital & Infrastructure Limited,0.5,0.66,-9.05,4.46,0.47,0.55,0.54,-48.09,25.34,26.17,Fail (Down),18.62,1.07,-37.03,0.03,49.29
NAGREEKEXP,Nagreeka Exports Limited,-0.49,-0.58,-36.16,-11.95,-0.84,-0.89,-0.76,-46.6,21.29,24.68,Fail (Down),-23.96,1.26,-37.53,0.16,44.95
NAHARCAP,Nahar Capital and Financial Services Limited,-0.02,0.0,-16.98,-1.87,-0.1,-0.09,-0.07,-33.57,237.31,245.72,Fail (Down),0.48,1.52,-18.59,0.12,47.22
NAHARINDUS,Nahar Industrial Enterprises Limited,1.02,1.39,10.85,18.2,1.42,1.6,1.41,-30.13,127.74,112.39,Pass (Up),30.42,1.24,-13.46,0.54,51.33
NAHARPOLY,Nahar Poly Films Limited,-0.36,-0.34,-22.77,-7.51,-0.56,-0.54,-0.48,-35.39,225.64,243.37,Fail (Down),-3.53,1.4,-27.86,0.46,47.14
NAHARSPING,Nahar Spinning Mills Limited,0.47,0.54,24.24,11.0,0.78,0.82,0.7,-28.29,255.5,240.29,Pass (Up),41.82,1.25,-22.06,1.11,52.52
NAM-INDIA,Nippon Life India Asset Management Limited,0.01,0.08,21.94,6.1,0.31,0.34,0.23,-18.62,1046.0,1028.95,Pass (Up),45.02,1.77,-16.39,125.72,52.04
NARMADA,Narmada Agrobase Limited,-1.22,-1.28,-1.83,-17.89,-1.5,-1.54,-1.43,-43.48,12.31,15.86,Fail (Down),19.51,0.9,-43.48,2.91,49.86
NATCAPSUQ,Natural Capsules Limited,0.45,0.67,-40.39,1.28,0.29,0.4,0.41,-48.52,162.16,162.48,Fail (Down),-34.78,0.55,-40.39,0.48,44.41
NATCOPHARM,Natco Pharma Limited,-1.2,-1.21,2.36,-15.69,-1.39,-1.39,-1.33,-32.85,821.3,940.59,Fail (Down),18.76,1.0,-31.78,42.51,50.26
NATHBIOGEN,Nath Bio-Genes (India) Limited,-1.02,-0.95,-15.29,-11.22,-1.07,-1.04,-1.03,-28.79,137.74,154.67,Fail (Down),-1.64,0.89,-28.79,0.3,48.09
NATIONALUM,National Aluminium Company Limited,-0.14,-0.13,61.68,1.36,-0.0,0.0,-0.04,-24.39,334.9,370.72,Fail (Down),64.09,0.64,-23.57,240.11,53.78
NAUKRI,Info Edge (India) Limited,1.0,1.57,-9.72,9.89,0.99,1.28,1.19,-33.53,1200.0,1139.7,Pass (Up),1.89,0.79,-13.6,266.14,48.43
NAVA,NAVA LIMITED,-0.57,-0.65,-13.23,-6.08,-0.59,-0.63,-0.61,-25.8,552.5,582.05,Fail (Down),4.03,1.28,-23.65,15.47,48.18
NAVINFLUOR,Navin Fluorine International Limited,1.39,1.9,76.13,28.52,2.12,2.38,2.05,-12.45,8136.5,7031.54,Pass (Up),72.74,0.85,-7.28,161.14,56.7
NAVKARCORP,Navkar Corporation Limited,-1.17,-1.11,-32.71,-16.88,-1.43,-1.4,-1.33,-41.86,85.07,97.62,Fail (Down),-20.53,1.24,-33.73,6.45,45.36
NAVKARURB,Navkar Urbanstructure Limited,-0.67,-0.66,-63.61,-15.7,-1.12,-1.11,-0.97,-70.97,0.85,1.05,Fail (Down),-79.89,1.06,-65.52,0.08,41.47
NAVNETEDUL,Navneet Education Limited,-1.57,-1.56,-18.39,-11.7,-1.37,-1.36,-1.43,-25.16,123.87,139.66,Fail (Down),-3.82,1.13,-23.34,2.49,47.3
NAZARA,Nazara Technologies Limited,2.64,3.91,38.76,38.57,3.25,3.88,3.47,-24.79,384.7,293.37,Pass (Up),49.24,0.89,-2.07,79.12,54.81
NBCC,NBCC (India) Limited,-2.12,-1.92,-28.59,-22.15,-2.17,-2.07,-2.08,-36.73,77.4,95.23,Fail (Down),-12.9,1.62,-36.39,54.42,46.26
NBIFIN,N. B. I. Industrial Finance Company Limited,0.02,0.06,-32.76,-5.7,-0.28,-0.26,-0.17,-42.71,1857.9,1994.5,Fail (Down),-25.35,0.88,-32.76,0.73,44.21
NCC,NCC Limited,-1.07,-1.19,-37.09,-14.83,-1.28,-1.34,-1.25,-39.14,130.06,146.78,Fail (Down),-30.37,1.31,-38.29,36.82,43.03
NCLIND,NCL Industries Limited,-0.73,-0.72,-12.86,-7.37,-0.73,-0.73,-0.73,-29.26,170.03,180.06,Fail (Down),-2.7,0.78,-17.91,0.86,47.76
NDGL,Naga Dhunseri Group Limited,-0.34,-0.42,-38.02,-10.05,-0.67,-0.71,-0.59,-45.29,2411.0,2649.55,Fail (Down),-33.54,0.75,-39.6,0.09,43.8
NDL,Nandan Denim Limited,0.24,0.41,-23.95,-3.35,-0.05,0.04,0.11,-45.56,2.54,2.65,Fail (Down),-3.43,1.4,-24.85,0.37,46.56
NDLVENTURE,NDL Ventures Limited,0.25,0.37,53.25,13.21,0.78,0.85,0.65,-13.62,125.24,116.21,Pass (Up),57.25,0.53,-6.44,0.26,54.74
NDRAUTO,Ndr Auto Components Limited,-1.1,-1.14,-31.03,-10.84,-1.09,-1.11,-1.11,-42.35,715.85,767.04,Fail (Down),-15.32,1.57,-32.11,1.88,45.5
NDTV,New Delhi Television Limited,-1.32,-1.52,-41.72,-18.86,-1.6,-1.71,-1.58,-49.25,68.08,79.69,Fail (Down),-31.66,1.5,-41.72,1.37,43.27
NECCLTD,North Eastern Carrying Corporation Limited,0.97,1.33,-12.42,14.36,1.2,1.38,1.24,-52.26,18.41,15.95,Pass (Up),10.32,1.34,-18.4,0.14,48.35
NECLIFE,Nectar Lifesciences Limited,-0.72,-0.84,-27.5,-17.67,-1.24,-1.3,-1.11,-58.2,10.23,12.6,Fail (Down),-9.12,1.03,-54.02,0.22,47.5
NELCAST,Nelcast Limited,-0.22,-0.22,-5.39,-3.29,-0.27,-0.27,-0.26,-34.83,121.03,121.8,Fail (Down),20.04,1.17,-24.05,3.76,49.48
NELCO,NELCO Limited,0.7,0.84,3.7,15.82,1.14,1.21,1.04,-44.17,889.2,767.41,Pass (Up),29.13,1.53,-17.78,38.88,50.41
NEOGEN,Neogen Chemicals Limited,2.27,2.42,59.32,61.29,4.2,4.27,3.61,-35.18,2407.1,1713.75,Pass (Up),69.4,0.95,-3.27,43.69,55.0
NESCO,Nesco Limited,-0.8,-0.85,-21.27,-10.32,-0.92,-0.94,-0.89,-27.6,1028.2,1122.83,Fail (Down),-8.03,1.18,-26.12,5.33,46.88
NESTLEIND,Nestle India Limited,-0.48,-0.41,13.26,0.16,-0.23,-0.2,-0.29,-15.08,1307.7,1359.48,Fail (Down),20.5,0.59,-15.08,254.37,52.51
NETWEB,Netweb Technologies India Limited,0.92,1.05,11.35,24.79,1.7,1.76,1.48,-30.64,4520.3,4033.6,Pass (Up),35.21,1.07,-19.29,681.52,50.94
NETWORK18,Network18 Media & Investments Limited,-1.8,-1.9,-51.19,-27.87,-2.29,-2.35,-2.16,-51.47,25.43,33.03,Fail (Down),-50.89,1.62,-51.47,12.69,41.02
NEUEON,Neueon Corporation Limited,0.76,0.54,192.34,38.02,2.28,2.17,1.7,-58.08,15.26,14.95,Pass (Up),117.97,-0.28,-41.53,0.05,58.11
NEULANDLAB,Neuland Laboratories Limited,1.92,2.64,40.03,33.79,2.65,3.01,2.65,-36.21,21505.0,16982.74,Pass (Up),50.26,0.9,-10.38,138.5,54.2
NEWGEN,Newgen Software Technologies Limited,-0.23,-0.27,-48.72,-15.36,-0.88,-0.9,-0.68,-59.63,456.35,532.47,Fail (Down),-40.87,1.4,-53.69,148.42,42.96
NEXTMEDIA,Next Mediaworks Limited,-0.47,-0.48,-48.27,-20.67,-1.27,-1.27,-1.01,-50.49,3.58,4.54,Fail (Down),-37.52,1.34,-49.51,0.02,44.44
NFL,National Fertilizers Limited,-2.1,-1.94,-30.29,-17.72,-1.94,-1.86,-1.94,-32.83,63.85,74.32,Fail (Down),-19.53,1.35,-32.52,4.53,44.3
NGIL,Nakoda Group of Industries Limited,0.56,0.76,10.97,17.59,1.16,1.26,1.03,-35.35,38.43,34.22,Pass (Up),31.91,0.96,-9.06,0.14,51.07
NGLFINE,NGL Fine-Chem Limited,0.73,0.82,103.52,38.09,2.27,2.31,1.79,-25.29,2924.0,2470.45,Pass (Up),102.72,1.37,-15.39,3.72,55.06
NH,Narayana Hrudayalaya Ltd.,-0.73,-0.72,0.79,-6.42,-0.69,-0.68,-0.7,-21.43,1741.4,1851.74,Fail (Down),13.12,0.81,-16.29,51.33,50.11
NHPC,NHPC Limited,-1.23,-1.28,-15.2,-9.38,-1.08,-1.11,-1.15,-15.85,71.75,77.33,Fail (Down),-7.35,0.72,-15.85,84.02,46.84
NIACL,The New India Assurance Company Limited,0.14,0.26,-15.2,1.01,0.12,0.18,0.16,-38.94,160.21,162.63,Fail (Down),7.2,1.32,-30.71,116.72,48.13
NIBE,NIBE Limited,-0.53,-0.52,-14.86,1.24,-0.21,-0.2,-0.31,-44.18,1234.5,1248.32,Fail (Down),8.98,1.26,-32.67,9.93,48.52
NIBL,NRB Industrial Bearings Limited,0.36,0.39,14.56,1.02,0.23,0.25,0.28,-31.47,31.32,31.34,Fail (Down),41.42,1.03,-17.23,0.13,51.06
NIITLTD,NIIT Limited,-0.41,-0.21,-18.54,2.69,-0.07,0.03,-0.12,-53.98,84.94,82.36,Pass (Up),10.03,1.78,-21.56,5.18,47.91
NIITMTS,NIIT Learning Systems Limited,-2.03,-1.9,-41.94,-33.74,-2.7,-2.64,-2.43,-55.66,191.08,285.15,Fail (Down),-36.97,1.1,-55.66,8.71,44.94
NILAINFRA,Nila Infrastructures Limited,-1.7,-1.85,-35.01,-21.43,-1.92,-2.0,-1.9,-45.36,6.57,7.83,Fail (Down),-26.27,1.14,-39.67,0.13,44.59
NILASPACES,Nila Spaces Limited,-1.03,-1.16,-32.73,-19.01,-1.47,-1.53,-1.37,-42.8,11.22,13.26,Fail (Down),-21.62,1.15,-41.65,1.2,45.86
NILKAMAL,Nilkamal Limited,2.3,3.02,21.88,46.76,3.49,3.85,3.33,-32.7,1871.8,1462.7,Pass (Up),33.83,0.75,-11.56,21.95,53.07
NINSYS,NINtec Systems Limited,1.4,1.93,83.15,56.85,3.54,3.81,3.01,-35.48,804.65,567.33,Pass (Up),73.95,0.25,-11.98,0.37,58.4
NIPPOBATRY,Indo-National Limited,-0.77,-0.74,-29.25,-9.78,-0.87,-0.86,-0.83,-43.27,314.45,342.3,Fail (Down),-17.03,1.05,-30.37,0.07,45.5
NIRAJ,Niraj Cement Structurals Limited,-0.47,-0.46,-40.22,-13.55,-0.91,-0.91,-0.76,-55.4,27.74,30.18,Fail (Down),-21.07,1.54,-40.32,0.11,45.33
NIRAJISPAT,Niraj Ispat Industries Limited,1.65,2.18,-7.92,50.62,3.36,3.62,2.97,-52.31,300.0,231.83,Pass (Up),21.8,0.39,-30.18,0.01,49.34
NITCO,Nitco Limited,-1.13,-1.16,-26.09,-16.97,-1.42,-1.43,-1.33,-43.71,84.18,92.3,Fail (Down),-3.61,1.49,-28.24,9.13,47.32
NITINSPIN,Nitin Spinners Limited,1.74,2.3,83.58,46.04,3.17,3.45,2.88,-11.52,594.6,466.41,Pass (Up),77.84,0.88,-8.81,10.46,57.22
NITIRAJ,Nitiraj Engineers Limited,0.55,0.71,1.2,4.22,0.49,0.57,0.56,-22.5,200.9,201.13,Fail (Down),13.99,0.44,-14.17,0.1,50.13
NIVABUPA,Niva Bupa Health Insurance Company Limited,-1.14,-1.0,-10.83,-7.84,-0.96,-0.89,-0.98,-17.41,72.98,79.68,Fail (Down),-5.65,0.36,-17.41,12.37,47.9
NKIND,NK Industries Limited,0.06,0.07,-19.26,-8.17,-0.38,-0.38,-0.23,-25.73,59.96,63.33,Fail (Down),-3.58,0.61,-19.66,0.04,47.85
NLCINDIA,NLC India Limited,-1.07,-0.97,-7.22,-10.07,-1.04,-0.99,-1.01,-31.67,253.2,284.37,Fail (Down),6.65,0.81,-31.67,52.62,49.11
NMDC,NMDC Limited,-1.15,-1.04,0.98,-9.3,-1.04,-0.98,-1.04,-22.28,74.64,83.66,Fail (Down),13.62,0.91,-22.28,132.42,50.13
NOCIL,NOCIL Limited,0.11,0.18,-2.04,1.88,0.15,0.18,0.16,-31.94,168.85,161.4,Pass (Up),14.92,0.82,-18.15,23.03,49.77
NOIDATOLL,Noida Toll Bridge Company Limited,-1.0,-0.75,-10.33,-11.95,-1.1,-0.97,-0.98,-50.35,3.56,4.19,Fail (Down),17.76,1.23,-50.35,0.04,49.26
NORBTEAEXP,Norben Tea & Exports Limited,-0.43,-0.41,32.77,-10.86,-0.76,-0.75,-0.64,-39.53,69.04,77.49,Fail (Down),39.24,0.12,-30.51,0.01,52.07
NORTHARC,Northern Arc Capital Limited,0.36,0.41,3.74,7.04,0.53,0.55,0.49,-28.34,288.7,273.26,Pass (Up),22.78,1.17,-11.25,43.91,50.42
NOVAAGRI,Nova Agritech Limited,-1.09,-1.21,-53.27,-22.56,-1.67,-1.73,-1.52,-61.6,22.22,27.95,Fail (Down),-51.01,1.59,-53.68,0.12,41.05
NPST,Network People Services Technologies Limited,1.05,1.3,-8.7,24.34,1.74,1.87,1.59,-56.3,1766.5,1389.55,Pass (Up),24.81,1.68,-12.04,18.68,49.09
NRAIL,N R Agarwal Industries Limited,2.37,3.19,54.85,56.55,4.01,4.42,3.74,-23.2,659.5,475.12,Pass (Up),66.45,0.91,-2.62,1.5,54.35
NRBBEARING,NRB Bearing Limited,2.75,3.87,95.12,79.19,5.34,5.89,4.85,-28.34,542.6,354.21,Pass (Up),88.27,1.15,0.0,31.14,58.28
NRL,Nupur Recyclers Limited,5.41,8.18,118.09,138.85,9.65,11.03,9.16,-34.99,156.61,78.4,Pass (Up),91.96,0.61,-5.8,1.21,63.12
NSIL,Nalwa Sons Investments Limited,-0.71,-0.75,-32.13,-9.44,-0.83,-0.85,-0.8,-43.5,5163.5,5722.04,Fail (Down),-23.27,1.32,-38.33,1.1,43.45
NSLNISP,NMDC Steel Limited,-0.13,-0.14,-13.46,-4.96,-0.31,-0.32,-0.25,-30.35,40.95,42.42,Fail (Down),4.36,1.22,-22.07,29.02,48.26
NTPC,NTPC Limited,-1.63,-1.51,-4.88,-10.75,-1.35,-1.29,-1.4,-22.35,315.1,354.58,Fail (Down),1.79,0.53,-22.35,291.13,48.98
NTPCGREEN,NTPC Green Energy Limited,-0.34,-0.41,-7.19,-4.52,-0.4,-0.43,-0.4,-27.76,91.09,95.36,Fail (Down),0.9,0.45,-23.36,43.97,48.75
NUCLEUS,Nucleus Software Exports Limited,-1.67,-1.81,-34.49,-20.86,-1.88,-1.95,-1.85,-36.61,646.95,779.92,Fail (Down),-30.88,0.71,-36.61,2.22,43.24
NURECA,Nureca Limited,2.2,2.81,51.59,42.56,3.23,3.53,3.09,-37.84,349.85,282.85,Pass (Up),68.14,1.15,-4.57,1.08,53.62
NUVAMA,Nuvama Wealth Management Limited,0.54,0.69,33.6,12.48,0.89,0.97,0.83,-27.08,1701.4,1523.19,Pass (Up),47.68,1.22,-14.08,71.89,53.43
NUVOCO,Nuvoco Vistas Corporation Limited,0.25,0.32,-23.89,-1.77,0.04,0.07,0.13,-35.06,322.1,327.25,Fail (Down),-11.66,1.04,-25.59,60.66,46.28
NYKAA,FSN E-Commerce Ventures Limited,1.28,1.46,34.69,17.61,1.52,1.61,1.5,-16.37,324.95,285.03,Pass (Up),44.1,1.01,-7.04,176.62,54.53
OAL,Oriental Aromatics Limited,2.85,4.01,61.88,82.47,5.55,6.13,5.04,-36.29,532.2,333.48,Pass (Up),70.04,0.91,-4.68,3.37,55.48
OBCL,OBCL Limited,-0.1,-0.09,-1.59,-2.46,-0.17,-0.17,-0.15,-15.2,54.39,55.22,Fail (Down),1.12,-0.13,-9.76,0.08,49.74
OBEROIRLTY,Oberoi Realty Limited,-0.07,-0.04,10.5,2.49,0.09,0.11,0.05,-21.8,1754.6,1683.06,Pass (Up),26.06,1.25,-10.08,87.18,51.51
OCCLLTD,OCCL Limited,3.08,3.61,54.02,81.76,5.63,5.89,4.96,-42.65,193.49,116.94,Pass (Up),69.82,1.17,0.0,1.41,55.22
ODIGMA,Odigma Consultancy Solutions Limited,-1.49,-1.43,-51.37,-21.13,-1.8,-1.77,-1.68,-52.87,21.11,25.33,Fail (Down),-50.86,1.5,-51.37,0.03,41.51
OFSS,Oracle Financial Services Software Limited,0.88,0.95,24.77,22.55,1.57,1.6,1.36,-31.43,10420.0,9184.02,Pass (Up),34.89,0.71,-16.91,337.92,53.04
OIL,Oil India Limited,0.36,0.38,10.71,3.28,0.34,0.35,0.36,-21.51,444.0,459.3,Fail (Down),13.31,-0.21,-14.16,130.55,51.37
OILCOUNTUB,Oil Country Tubular Limited,2.39,3.3,4.82,46.45,3.52,3.97,3.44,-52.78,78.14,55.77,Pass (Up),26.86,0.59,-0.17,0.22,50.55
OLAELEC,Ola Electric Mobility Limited,-0.01,0.06,-33.61,-3.49,-0.18,-0.15,-0.1,-60.06,37.08,36.03,Pass (Up),-13.67,1.18,-35.04,262.52,46.11
OLECTRA,Olectra Greentech Limited,-1.51,-1.35,-29.6,-14.1,-1.46,-1.38,-1.42,-43.66,1096.2,1208.4,Fail (Down),-12.34,1.48,-29.82,49.4,46.01
OMAXAUTO,Omax Autos Limited,0.89,1.38,55.17,50.83,2.99,3.23,2.45,-36.75,201.14,160.69,Pass (Up),80.32,1.68,-20.79,1.53,53.45
OMAXE,Omaxe Limited,1.31,1.9,32.82,34.86,2.4,2.69,2.23,-24.78,108.78,85.6,Pass (Up),56.45,1.26,-20.24,41.43,52.71
OMFREIGHT,Om Freight Forwarders Limited,0.37,0.65,13.94,11.51,0.76,0.9,0.72,-41.47,97.5,87.59,Pass (Up),36.5,1.2,-12.76,0.1,51.41
OMINFRAL,OM INFRA LIMITED,-1.63,-1.74,-38.87,-18.71,-1.75,-1.8,-1.75,-43.14,76.08,86.68,Fail (Down),-33.22,1.05,-40.51,1.12,43.92
ONELIFECAP,Onelife Capital Advisors Limited,2.5,2.79,208.24,107.87,6.64,6.79,5.36,-31.51,41.57,24.19,Pass (Up),129.54,0.11,0.0,0.22,60.19
ONEPOINT,One Point One Solutions Limited,2.43,3.16,60.97,42.41,3.34,3.7,3.28,-28.74,74.37,54.89,Pass (Up),64.41,0.84,0.0,12.87,55.92
ONESOURCE,Onesource Specialty Pharma Limited,-0.36,-0.27,-15.64,-4.05,-0.38,-0.34,-0.35,-41.05,1508.0,1580.32,Fail (Down),-9.74,-0.16,-20.2,48.0,47.99
ONGC,Oil & Natural Gas Corporation Limited,-1.48,-1.23,-3.65,-11.38,-1.31,-1.18,-1.28,-25.91,222.37,254.74,Fail (Down),-0.74,0.02,-25.91,272.35,49.36
ONIDA,Onida Electronics Limited,-1.25,-1.17,24.37,-5.81,-0.91,-0.88,-1.0,-34.53,31.34,34.23,Fail (Down),51.16,1.37,-32.05,1.48,51.49
ONMOBILE,OnMobile Global Limited,-1.4,-1.43,-28.49,-17.0,-1.55,-1.57,-1.51,-45.2,48.78,54.47,Fail (Down),-9.95,1.27,-39.05,0.42,46.94
ONWARDTEC,Onward Technologies Limited,0.82,0.99,1.58,10.93,0.96,1.04,0.97,-38.25,291.3,270.43,Pass (Up),24.04,1.42,-12.0,4.22,50.18
OPTIEMUS,Optiemus Infracom Limited,2.42,3.81,19.1,73.34,4.88,5.57,4.52,-57.05,803.7,479.19,Pass (Up),50.07,1.77,-2.98,47.53,52.11
ORBTEXP,Orbit Exports Limited,1.04,1.39,36.4,28.71,1.96,2.13,1.77,-40.81,243.65,196.39,Pass (Up),59.88,1.08,-11.12,0.4,52.78
ORCHASP,Orchasp Limited,-1.54,-1.47,-56.61,-40.34,-2.79,-2.75,-2.35,-67.92,1.28,2.05,Fail (Down),-61.51,0.61,-67.92,0.05,44.61
ORCHPHARMA,Orchid Pharma Limited,1.45,1.88,37.47,36.72,2.56,2.78,2.33,-44.67,990.0,800.39,Pass (Up),53.02,1.12,-10.59,17.91,53.29
ORICONENT,Oricon Enterprises Limited,-1.24,-1.26,-5.75,-15.58,-1.4,-1.41,-1.35,-27.42,49.98,60.09,Fail (Down),4.41,0.6,-27.42,0.47,49.25
ORIENTALTL,Oriental Trimex Limited,-2.31,-2.69,-53.97,-28.48,-2.58,-2.77,-2.62,-56.94,4.81,6.32,Fail (Down),-61.27,1.02,-53.97,0.04,39.25
ORIENTBELL,Orient Bell Limited,1.9,2.81,37.28,34.74,2.69,3.14,2.73,-20.47,398.55,316.54,Pass (Up),53.29,0.9,-5.13,1.12,53.41
ORIENTCEM,Orient Cement Limited,-2.24,-2.19,-47.83,-21.59,-2.2,-2.17,-2.2,-48.22,115.91,142.39,Fail (Down),-47.08,1.54,-48.22,4.22,40.11
ORIENTCER,ORIENT CERATECH LIMITED,0.61,0.7,20.18,5.2,0.57,0.61,0.61,-37.43,44.12,41.55,Pass (Up),41.77,1.26,-19.25,0.39,51.75
ORIENTELEC,Orient Electric Limited,-0.83,-0.92,-20.95,-9.13,-0.87,-0.92,-0.89,-27.31,154.46,175.79,Fail (Down),-7.5,0.89,-27.08,12.4,47.18
ORIENTHOT,Oriental Hotels Limited,0.94,1.41,9.56,21.32,1.54,1.77,1.5,-40.05,140.0,113.77,Pass (Up),30.11,1.04,-4.0,25.4,51.13
ORIENTLTD,Orient Press Limited,0.88,1.07,-8.71,14.29,1.16,1.25,1.13,-40.57,77.92,69.67,Pass (Up),8.29,0.71,-20.85,0.16,48.97
ORIENTPPR,Orient Paper & Industries Limited,-0.43,-0.49,-38.24,-12.96,-0.86,-0.89,-0.74,-48.77,16.23,18.37,Fail (Down),-27.56,1.54,-40.53,0.49,43.46
ORIENTTECH,Orient Technologies Limited,-0.78,-0.9,-28.82,-20.11,-1.39,-1.45,-1.23,-51.25,229.25,280.76,Fail (Down),-1.47,1.56,-50.1,21.97,47.58
ORISSAMINE,The Orissa Minerals Development Company Limited,-0.55,-0.65,-25.44,-13.39,-0.94,-0.99,-0.84,-46.11,3538.6,4158.29,Fail (Down),-5.86,1.55,-38.99,11.18,46.89
ORKLAINDIA,Orkla India Limited,-1.23,-1.46,-24.73,-13.93,-1.31,-1.42,-1.36,-24.73,537.2,594.77,Fail (Down),-22.29,0.45,-24.73,5.41,45.05
ORTEL,Ortel Communications Limited,0.48,0.38,11.11,4.91,0.48,0.43,0.45,-42.99,1.7,1.68,Pass (Up),25.98,0.27,-26.09,0.0,50.87
ORTINGLOBE,ORTIN GLOBAL LIMITED,-0.11,-0.11,24.74,-3.03,-0.2,-0.21,-0.17,-31.86,14.52,15.31,Fail (Down),40.6,0.47,-27.11,0.02,51.46
OSIAHYPER,Osia Hyper Retail Limited,-3.36,-3.15,-90.61,-51.31,-4.24,-4.14,-3.88,-90.95,2.2,6.39,Fail (Down),-216.3,1.04,-90.91,0.11,33.76
OSWALAGRO,Oswal Agro Mills Limited,-1.78,-1.96,-54.95,-34.22,-2.6,-2.69,-2.39,-58.2,33.11,44.64,Fail (Down),-51.76,1.82,-58.2,0.15,41.88
OSWALGREEN,Oswal Greentech Limited,-1.52,-1.66,-52.04,-28.44,-2.18,-2.25,-2.01,-53.48,19.28,24.96,Fail (Down),-49.01,1.82,-52.9,0.35,41.24
OSWALPUMPS,Oswal Pumps Limited,-2.9,-2.71,-63.98,-39.71,-3.43,-3.34,-3.19,-65.9,264.25,370.57,Fail (Down),-78.13,1.66,-65.9,18.28,40.22
OSWALSEEDS,ShreeOswal Seeds And Chemicals Limited,0.54,0.78,-21.03,1.5,0.34,0.46,0.49,-49.24,12.39,12.53,Fail (Down),-4.72,0.69,-37.04,0.3,47.7
PACEDIGITK,Pace Digitek Limited,-0.79,-0.8,-23.23,-8.62,-0.83,-0.83,-0.82,-37.82,167.35,180.18,Fail (Down),-5.34,1.22,-26.58,31.85,47.22
PAGEIND,Page Industries Limited,-0.67,-0.63,-11.52,-3.57,-0.51,-0.49,-0.55,-29.08,36660.0,36135.06,Pass (Up),-3.41,0.65,-15.47,109.9,47.72
PAISALO,Paisalo Digital Limited,2.19,2.79,109.58,73.81,4.78,5.08,4.12,-22.54,79.9,52.67,Pass (Up),93.8,0.86,-14.48,116.69,59.23
PAKKA,PAKKA LIMITED,-0.66,-0.84,-53.79,-19.41,-1.3,-1.39,-1.15,-55.65,72.26,86.1,Fail (Down),-60.94,0.89,-54.2,1.31,40.65
PALASHSECU,Palash Securities Limited,-0.48,-0.51,-28.73,-12.62,-0.87,-0.89,-0.75,-34.78,84.5,94.05,Fail (Down),-23.94,0.61,-31.24,0.02,45.46
PALREDTEC,Palred Technologies Limited,-0.55,-0.53,-12.6,-2.64,-0.4,-0.4,-0.45,-59.54,41.77,43.58,Fail (Down),8.84,0.93,-38.52,0.02,49.01
PANACEABIO,Panacea Biotec Limited,-1.22,-1.11,-10.46,-13.06,-1.26,-1.21,-1.21,-40.92,359.05,404.0,Fail (Down),13.94,1.08,-40.92,6.83,49.12
PANACHE,Panache Digilife Limited,2.35,2.66,25.32,44.12,3.38,3.54,3.14,-47.83,516.15,383.29,Pass (Up),41.87,0.83,-5.91,0.52,52.39
PANAMAPET,Panama Petrochem Limited,1.56,1.7,73.26,47.28,3.15,3.22,2.67,-25.5,487.1,356.86,Pass (Up),77.58,0.89,-10.15,26.92,55.44
PANSARI,Pansari Developers Limited,-0.96,-0.94,-0.5,-14.48,-1.21,-1.2,-1.12,-28.83,260.0,300.09,Fail (Down),19.46,0.89,-28.83,0.57,49.96
PAR,Par Drugs And Chemicals Limited,1.4,2.26,17.45,32.09,2.3,2.74,2.29,-29.09,123.95,98.99,Pass (Up),41.98,1.14,-26.33,1.06,51.67
PARACABLES,Paramount Communications Limited,0.0,0.27,26.08,19.9,1.0,1.13,0.75,-36.58,56.51,50.79,Pass (Up),62.09,2.16,-23.77,10.8,51.82
PARADEEP,Paradeep Phosphates Limited,0.8,1.05,-22.19,8.01,0.8,0.92,0.88,-47.42,151.22,134.81,Pass (Up),-7.98,1.03,-22.19,108.36,46.65
PARAGMILK,Parag Milk Foods Limited,1.04,1.34,-4.22,12.43,1.14,1.29,1.21,-51.6,264.0,233.38,Pass (Up),20.8,1.49,-28.67,30.12,49.58
PARAS,Paras Defence and Space Technologies Limited,1.15,1.58,84.77,52.73,3.21,3.42,2.67,-23.67,1276.0,960.76,Pass (Up),89.19,1.39,-16.4,167.23,55.54
PARASPETRO,Paras Petrofils Limited,-0.06,-0.03,-5.61,-4.47,-0.25,-0.24,-0.18,-34.95,2.02,2.15,Fail (Down),12.49,0.45,-30.1,0.05,49.48
PARKHOSPS,Park Medi World Limited,0.94,1.12,83.03,31.84,2.06,2.15,1.75,-13.11,270.8,233.5,Pass (Up),102.04,0.87,-9.52,19.29,57.23
PARKHOTELS,Apeejay Surrendra Park Hotels Limited,-1.49,-1.55,-28.99,-16.93,-1.59,-1.62,-1.58,-37.79,103.55,119.52,Fail (Down),-17.87,1.27,-32.73,1.92,45.41
PARSVNATH,Parsvnath Developers Limited,-3.24,-3.58,-83.64,-49.62,-4.1,-4.27,-3.93,-92.35,2.13,5.38,Fail (Down),-162.26,0.82,-88.1,0.12,39.31
PASHUPATI,Pashupati Cotspin Limited,-0.24,-0.25,12.46,-9.43,-0.59,-0.6,-0.48,-25.63,78.99,87.81,Fail (Down),22.09,0.12,-22.09,1.18,51.81
PASUPTAC,Pasupati Acrylon Limited,1.42,1.73,51.0,32.47,2.33,2.49,2.13,-33.96,69.64,56.52,Pass (Up),68.49,1.21,-12.75,0.92,53.68
PATANJALI,Patanjali Foods Limited,-1.39,-1.3,-38.05,-23.45,-1.87,-1.82,-1.68,-44.48,355.15,441.54,Fail (Down),-36.9,0.82,-40.96,204.11,41.56
PATELENG,Patel Engineering Limited,-1.23,-1.17,-31.23,-14.76,-1.36,-1.32,-1.29,-42.19,25.92,28.1,Fail (Down),-16.95,1.36,-32.5,9.36,45.77
PATELRMART,Patel Retail Limited,-0.18,-0.08,-9.9,2.42,0.03,0.08,-0.01,-42.24,211.0,202.67,Pass (Up),10.35,1.07,-19.4,2.25,48.81
PATINTLOG,Patel Integrated Logistics Limited,-0.1,0.01,-7.09,0.51,-0.02,0.03,-0.01,-43.11,13.23,12.63,Pass (Up),9.87,1.05,-17.03,0.11,49.04
PAUSHAKLTD,Paushak Limited,1.5,2.07,11.08,25.71,2.04,2.32,2.05,-43.74,650.3,545.68,Pass (Up),50.21,1.41,-19.33,5.15,51.26
PAVNAIND,Pavna Industries Limited,-0.6,-0.66,-60.0,-20.88,-1.34,-1.37,-1.12,-64.62,15.36,18.82,Fail (Down),-64.33,1.07,-61.72,0.15,42.43
PAYTM,One 97 Communications Limited,2.27,3.0,44.18,36.92,2.98,3.34,2.99,-29.89,1656.0,1275.31,Pass (Up),60.63,1.59,-10.48,675.19,54.33
PCBL,PCBL Chemical Limited,0.6,0.66,-13.45,8.04,0.7,0.73,0.69,-39.2,321.5,296.16,Pass (Up),13.53,1.84,-14.62,67.98,48.22
PCJEWELLER,PC Jeweller Limited,1.64,2.39,1.1,32.2,2.43,2.81,2.42,-43.55,12.82,9.89,Pass (Up),24.47,1.19,-11.4,372.62,50.13
PDMJEPAPER,Pudumjee Paper Products Limited,0.9,1.1,-21.59,11.07,1.01,1.11,1.04,-47.61,95.56,86.0,Pass (Up),-6.41,1.23,-22.71,3.18,46.4
PDSL,PDS Limited,0.26,0.34,10.26,4.46,0.35,0.39,0.35,-37.69,347.55,328.95,Pass (Up),31.86,1.37,-14.29,11.37,51.04
PEARLPOLY,Pearl Polymers Limited,-0.17,-0.14,-43.93,-8.52,-0.51,-0.49,-0.39,-57.32,17.09,18.51,Fail (Down),-38.05,1.1,-43.93,0.02,43.26
PENIND,Pennar Industries Limited,0.33,0.34,-27.46,-1.26,0.1,0.11,0.18,-52.56,173.62,166.1,Pass (Up),-6.49,1.63,-37.08,8.91,46.41
PENINLAND,Peninsula Land Limited,-0.56,-0.65,-58.58,-23.25,-1.44,-1.49,-1.18,-60.4,14.62,17.96,Fail (Down),-60.47,1.68,-58.62,0.22,41.82
PERSISTENT,Persistent Systems Limited,0.79,0.85,9.07,2.26,0.51,0.54,0.62,-34.27,5367.0,5336.03,Pass (Up),23.14,0.86,-17.65,290.93,51.07
PETRONET,Petronet LNG Limited,0.72,0.72,7.92,3.52,0.54,0.54,0.6,-26.39,285.5,279.62,Pass (Up),24.06,1.24,-10.7,52.43,51.2
PFC,Power Finance Corporation Limited,-2.13,-1.76,-18.86,-19.6,-2.04,-1.86,-1.95,-32.6,318.0,392.69,Fail (Down),-6.42,1.14,-32.6,290.22,47.07
PFIZER,Pfizer Limited,-1.93,-1.83,-23.87,-17.26,-1.83,-1.78,-1.83,-29.08,3858.9,4638.87,Fail (Down),-19.17,0.63,-29.08,21.88,45.33
PFOCUS,Prime Focus Limited,1.13,1.39,73.92,21.77,1.66,1.79,1.57,-39.93,301.55,272.8,Pass (Up),79.8,0.92,-15.64,49.82,53.87
PFS,PTC India Financial Services Limited,-0.34,-0.38,-18.08,-6.96,-0.52,-0.54,-0.47,-39.15,28.81,30.1,Fail (Down),-3.76,1.1,-26.99,3.37,47.15
PGEL,PG Electroplast Limited,-0.72,-0.62,-5.78,-11.39,-0.93,-0.88,-0.83,-30.12,481.1,552.89,Fail (Down),20.71,1.84,-23.68,97.05,49.43
PGHH,Procter & Gamble Hygiene and Health Care Limited,-5.19,-4.76,-51.82,-34.04,-4.3,-4.08,-4.45,-52.71,6639.0,9767.29,Fail (Down),-69.35,0.36,-52.71,14.17,34.16
PGHL,Procter & Gamble Health Limited,-0.62,-0.63,-11.7,-3.47,-0.48,-0.49,-0.53,-21.92,5360.0,5555.81,Fail (Down),-4.72,0.52,-21.92,10.14,47.57
PGIL,Pearl Global Industries Limited,2.13,2.97,102.24,51.76,3.66,4.07,3.43,-29.38,1263.0,905.19,Pass (Up),97.99,1.39,-4.97,31.19,56.86
PHOENIXLTD,The Phoenix Mills Limited,0.17,0.27,23.58,6.77,0.42,0.47,0.37,-24.27,1930.0,1820.23,Pass (Up),36.87,1.22,-10.28,106.67,53.38
PICCADIL,Piccadily Agro Industries Limited,-0.25,-0.25,-13.79,-6.12,-0.43,-0.43,-0.37,-26.85,581.05,607.77,Fail (Down),3.36,1.09,-25.81,20.11,48.38
PIDILITIND,Pidilite Industries Limited,-0.17,-0.09,-0.06,-1.05,-0.14,-0.1,-0.12,-17.44,1464.0,1492.19,Fail (Down),12.87,1.08,-13.96,142.23,49.99
PIGL,Power & Instrumentation (Gujarat) Limited,-1.04,-1.23,-44.45,-20.28,-1.54,-1.63,-1.43,-49.54,93.87,109.09,Fail (Down),-33.46,1.32,-47.47,0.77,44.83
PIIND,PI Industries Limited,-1.68,-1.48,-37.29,-22.68,-1.98,-1.88,-1.81,-41.17,2236.0,2843.3,Fail (Down),-34.46,0.95,-41.17,62.51,42.85
PILANIINVS,Pilani Investment and Industries Corporation Limited,-1.54,-1.57,-27.84,-15.95,-1.57,-1.58,-1.57,-32.86,3892.3,4523.01,Fail (Down),-19.49,1.04,-32.86,0.89,44.94
PILITA,PIL ITALICA LIFESTYLE LIMITED,-1.22,-1.13,-45.46,-15.37,-1.38,-1.33,-1.29,-53.75,7.45,8.41,Fail (Down),-37.81,1.36,-46.25,0.05,42.91
PINELABS,Pine Labs Limited,0.36,0.54,-33.2,-5.04,-0.07,0.02,0.13,-45.02,167.59,179.79,Fail (Down),-16.18,1.15,-33.2,504.46,45.46
PIONEEREMB,Pioneer Embroideries Limited,-0.8,-0.86,-42.76,-19.63,-1.38,-1.41,-1.21,-46.91,20.07,24.82,Fail (Down),-30.77,1.62,-46.51,0.03,44.49
PIRAMALFIN,Piramal Finance Limited,0.38,0.53,53.8,11.74,0.78,0.85,0.7,-13.37,2023.3,1937.8,Pass (Up),58.85,0.32,-12.43,78.88,55.55
PITTIENG,Pitti Engineering Limited,1.73,2.58,11.97,30.5,2.39,2.81,2.45,-31.89,1123.8,922.33,Pass (Up),33.17,1.43,-4.25,14.06,51.56
PIXTRANS,Pix Transmissions Limited,0.86,1.29,26.53,17.72,1.31,1.53,1.31,-14.65,1809.3,1579.29,Pass (Up),34.4,0.52,-8.92,12.0,53.76
PKTEA,The Peria Karamalai Tea & Produce Company Limited,1.4,1.82,24.19,29.62,2.18,2.39,2.06,-30.24,1037.7,791.48,Pass (Up),37.63,0.14,-8.6,0.43,52.24
PLASTIBLEN,Plastiblends India Limited,1.28,1.68,5.89,20.23,1.65,1.85,1.66,-35.48,193.62,166.51,Pass (Up),23.07,1.13,-5.32,1.67,50.8
PLATIND,Platinum Industries Limited,-1.02,-0.98,-31.89,-14.12,-1.22,-1.2,-1.14,-37.54,202.0,225.5,Fail (Down),-18.57,1.3,-31.89,1.51,45.61
PLAZACABLE,Plaza Wires Limited,1.73,2.24,7.61,34.43,2.59,2.84,2.47,-46.91,57.12,44.89,Pass (Up),34.12,1.38,-9.29,0.46,50.81
PNB,Punjab National Bank,0.57,0.63,0.18,0.67,0.32,0.35,0.42,-24.83,109.57,112.31,Fail (Down),16.71,1.34,-14.81,173.14,50.03
PNBGILTS,PNB Gilts Limited,-0.89,-0.83,-26.59,-9.86,-0.94,-0.91,-0.9,-40.9,71.63,77.36,Fail (Down),-11.45,1.3,-26.59,3.54,46.04
PNBHOUSING,PNB Housing Finance Limited,0.95,1.09,24.73,12.0,1.07,1.15,1.08,-25.51,1092.0,988.4,Pass (Up),42.1,1.49,-7.85,108.34,53.05
PNC,Pritish Nandy Communications Limited,-0.83,-0.84,-43.99,-20.58,-1.44,-1.45,-1.24,-49.94,18.09,21.27,Fail (Down),-36.11,1.21,-43.99,0.03,44.56
PNCINFRA,PNC Infratech Limited,-2.25,-1.9,-52.89,-38.55,-3.05,-2.88,-2.67,-55.85,138.16,210.75,Fail (Down),-56.4,1.29,-53.0,19.65,41.47
PNGJL,P N Gadgil Jewellers Limited,0.09,0.11,-4.14,-2.22,-0.06,-0.06,-0.01,-28.39,581.95,592.08,Fail (Down),10.63,0.94,-20.05,37.84,49.46
POCL,Pondy Oxides & Chemicals Limited,-1.3,-1.29,-6.37,-17.35,-1.52,-1.51,-1.44,-34.3,437.0,506.58,Fail (Down),19.49,1.7,-28.97,24.92,49.44
PODDARMENT,Poddar Pigments Limited,0.66,0.81,-5.03,5.57,0.61,0.68,0.68,-29.85,253.65,247.87,Pass (Up),8.42,0.61,-17.46,0.38,49.38
POKARNA,Pokarna Limited,-2.51,-2.44,-10.17,-23.43,-2.42,-2.39,-2.43,-38.23,699.1,883.24,Fail (Down),17.65,1.63,-38.23,8.46,49.19
POLICYBZR,PB Fintech Limited,-1.32,-0.98,-41.52,-39.3,-2.62,-2.45,-2.07,-49.93,980.0,1625.45,Fail (Down),-28.97,1.12,-49.93,438.91,45.41
POLYCAB,Polycab India Limited,-0.63,-0.49,9.21,-2.81,-0.45,-0.38,-0.47,-21.08,7990.0,8391.14,Fail (Down),23.59,1.03,-20.76,320.63,51.17
POLYMED,Poly Medicure Limited,0.22,0.22,-15.87,0.47,0.13,0.13,0.16,-42.27,1638.1,1565.02,Pass (Up),0.81,0.97,-20.45,25.0,48.02
POLYPLEX,Polyplex Corporation Limited,0.79,0.97,-2.13,10.54,0.92,1.01,0.94,-28.87,1028.0,951.01,Pass (Up),13.39,1.04,-16.32,10.17,49.69
PONNIERODE,Ponni Sugars (Erode) Limited,1.48,1.96,31.59,28.58,2.17,2.41,2.1,-16.61,372.35,304.92,Pass (Up),39.5,0.45,-11.73,1.99,53.62
POONAWALLA,Poonawalla Fincorp Limited,-0.26,-0.33,-13.71,-5.24,-0.39,-0.43,-0.37,-32.09,433.4,441.56,Fail (Down),5.32,1.44,-20.11,60.9,48.21
POWERGRID,Power Grid Corporation of India Limited,-1.32,-1.19,-6.3,-9.55,-1.14,-1.07,-1.15,-20.31,254.55,282.82,Fail (Down),0.22,0.5,-20.31,240.41,48.69
POWERINDIA,Hitachi Energy India Limited,0.83,0.89,72.59,26.01,1.71,1.74,1.44,-28.75,31290.0,28673.73,Pass (Up),72.91,0.76,-18.59,373.51,54.93
POWERMECH,Power Mech Projects Limited,0.18,0.26,-9.26,5.01,0.34,0.38,0.31,-38.6,2476.2,2371.91,Pass (Up),11.2,1.43,-14.42,15.6,48.82
PPAP,PPAP Automotive Limited,0.27,0.35,8.91,5.08,0.39,0.43,0.38,-38.34,228.49,230.56,Fail (Down),40.17,1.54,-38.22,4.17,50.63
PPL,Prakash Pipes Limited,-0.24,-0.12,-19.12,3.51,0.05,0.12,-0.0,-46.42,243.55,231.23,Pass (Up),1.27,1.36,-24.08,0.77,47.55
PPLPHARMA,Piramal Pharma Limited,1.35,1.48,-0.54,18.63,1.61,1.67,1.56,-34.71,197.97,174.52,Pass (Up),16.1,1.15,-12.64,107.93,49.92
PRABHA,Prabha Energy Limited,1.91,3.14,-0.68,31.92,2.55,3.16,2.75,-37.86,218.31,171.34,Pass (Up),16.73,0.77,-13.9,11.6,49.92
PRAENG,Prajay Engineers Syndicate Limited,0.09,0.14,-19.45,-7.08,-0.31,-0.28,-0.16,-46.12,20.09,21.94,Fail (Down),5.44,1.29,-39.4,0.19,48.38
PRAJIND,Praj Industries Limited,-1.08,-1.06,-8.49,-11.14,-1.1,-1.08,-1.08,-27.21,303.25,332.47,Fail (Down),5.4,0.68,-26.18,25.01,49.03
PRAKASH,Prakash Industries Limited,-0.51,-0.59,-27.49,-11.49,-0.83,-0.87,-0.75,-34.56,118.69,130.57,Fail (Down),-11.07,1.4,-29.07,6.07,46.33
PRAKASHSTL,Prakash Steelage Limited,-1.8,-1.81,-32.32,-22.55,-2.03,-2.03,-1.95,-40.67,3.56,4.33,Fail (Down),-24.3,0.75,-40.67,0.04,44.93
PRAXIS,Praxis Home Retail Limited,-2.36,-2.45,-60.52,-42.96,-3.33,-3.37,-3.04,-70.28,4.39,7.11,Fail (Down),-69.17,1.21,-68.1,0.08,43.62
PRECAM,Precision Camshafts Limited,-2.4,-2.16,-44.49,-26.15,-2.51,-2.39,-2.39,-48.14,109.9,141.37,Fail (Down),-34.08,1.73,-45.38,1.81,43.65
PRECOT,Precot Limited,0.02,0.14,61.87,18.68,0.94,1.01,0.68,-38.77,638.35,600.9,Pass (Up),79.78,1.25,-25.0,0.51,53.18
PRECWIRE,Precision Wires India Limited,1.97,2.63,163.02,69.86,4.48,4.81,3.86,-22.48,501.4,362.17,Pass (Up),132.32,1.57,-1.17,35.44,56.78
PREMEXPLN,Premier Explosives Limited,0.31,0.62,19.28,22.37,1.27,1.43,1.06,-42.86,682.05,586.0,Pass (Up),46.72,1.59,-15.58,23.06,51.78
PREMIER,Premier Limited,-0.57,-0.54,-26.97,-14.19,-0.99,-0.98,-0.84,-31.48,2.6,2.91,Fail (Down),-17.45,0.66,-31.22,0.0,46.92
PREMIERENE,Premier Energies Limited,-0.8,-0.75,-13.68,-8.84,-0.84,-0.82,-0.81,-37.9,878.05,933.65,Fail (Down),-1.96,0.77,-21.41,119.53,48.05
PREMIERPOL,Premier Polyfilm Limited,1.92,2.99,99.48,71.03,4.51,5.05,4.0,-19.62,90.64,62.36,Pass (Up),95.61,0.65,-9.82,6.89,55.7
PRESTIGE,Prestige Estates Projects Limited,-0.2,-0.16,-3.51,-2.6,-0.23,-0.21,-0.21,-36.88,1486.1,1481.44,Pass (Up),18.01,1.67,-16.63,95.44,49.55
PRICOLLTD,Pricol Limited,1.63,2.2,40.78,22.2,1.92,2.21,2.02,-25.2,734.5,630.47,Pass (Up),53.31,1.14,-8.93,34.84,53.96
PRIMESECU,Prime Securities Limited,0.71,0.78,11.69,7.44,0.73,0.76,0.75,-19.33,301.5,282.4,Pass (Up),22.45,0.64,-5.85,1.05,51.42
PRIMO,Primo Chemicals Limited,0.6,0.84,8.17,8.64,0.73,0.85,0.77,-34.46,25.41,22.44,Pass (Up),25.3,0.44,-9.67,0.75,50.81
PRINCEPIPE,Prince Pipes And Fittings Limited,-0.32,-0.33,-23.83,-4.64,-0.39,-0.4,-0.37,-39.57,246.9,260.02,Fail (Down),-9.43,1.26,-27.33,5.16,46.41
PRITI,Priti International Limited,-1.43,-1.36,-53.1,-23.58,-1.9,-1.86,-1.72,-60.2,32.79,42.98,Fail (Down),-51.53,1.09,-58.35,0.02,43.07
PRITIKAUTO,Pritika Auto Industries Limited,0.58,0.66,-5.95,10.57,0.82,0.86,0.76,-38.47,16.11,14.8,Pass (Up),15.82,1.25,-19.41,0.34,49.32
PRIVISCL,Privi Speciality Chemicals Limited,0.54,0.56,51.87,16.11,1.07,1.09,0.9,-22.78,3573.0,3217.77,Pass (Up),54.36,0.6,-4.47,28.32,55.42
PROSTARM,Prostarm Info Systems Limited,0.02,0.04,-32.06,-8.98,-0.44,-0.43,-0.28,-43.96,135.41,144.68,Fail (Down),-17.58,1.21,-34.24,3.74,46.01
PROTEAN,Protean eGov Technologies Limited,0.59,0.99,-26.94,5.9,0.59,0.79,0.72,-50.21,639.75,584.81,Pass (Up),-6.86,1.5,-27.34,47.61,45.87
PROZONER,Prozone Realty Limited,0.62,0.79,-12.7,2.39,0.43,0.51,0.55,-43.6,52.53,50.09,Pass (Up),10.52,1.26,-27.81,1.38,48.74
PRSMJOHNSN,Prism Johnson Limited,-1.24,-1.33,-34.8,-16.9,-1.46,-1.51,-1.42,-36.28,103.61,121.05,Fail (Down),-32.97,0.55,-36.28,20.86,43.63
PRUDENT,Prudent Corporate Advisory Services Limited,1.03,1.07,18.25,19.47,1.49,1.51,1.35,-22.33,3119.1,2793.29,Pass (Up),34.54,1.1,-15.11,12.79,51.99
PRUDMOULI,Prudential Sugar Corporation Limited,-0.51,-0.5,-50.29,-15.19,-1.02,-1.01,-0.84,-60.13,13.49,16.18,Fail (Down),-50.81,1.01,-52.23,0.02,43.28
PSB,Punjab & Sind Bank,-1.81,-1.7,-28.85,-17.87,-1.8,-1.74,-1.76,-35.15,20.96,24.41,Fail (Down),-16.49,1.45,-33.16,2.69,45.16
PSPPROJECT,PSP Projects Limited,-1.49,-1.21,-1.12,-10.09,-1.25,-1.11,-1.24,-42.6,747.1,837.92,Fail (Down),25.09,1.64,-32.02,7.51,49.9
PTC,PTC India Limited,0.36,0.42,5.65,3.2,0.34,0.37,0.37,-27.7,154.79,156.34,Fail (Down),20.04,0.96,-23.24,31.17,50.73
PTCIL,PTC Industries Limited,1.72,2.42,40.3,30.44,2.38,2.73,2.39,-23.21,22025.0,18238.26,Pass (Up),47.47,0.64,-7.57,61.5,54.46
PTL,PTL Enterprises Limited,-1.07,-0.87,0.99,-2.4,-0.66,-0.56,-0.73,-12.61,37.87,38.34,Fail (Down),7.54,0.53,-10.09,0.15,50.26
PUNJABCHEM,Punjab Chemicals & Crop Protection Limited,0.05,0.07,-23.2,-3.03,-0.13,-0.12,-0.06,-40.21,1040.9,1082.37,Fail (Down),-9.06,1.03,-30.11,1.61,47.05
PURVA,Puravankara Limited,-0.05,-0.04,-23.8,-2.87,-0.17,-0.16,-0.13,-41.91,204.64,217.3,Fail (Down),-5.11,1.39,-27.1,25.54,46.92
PVP,PVP Ventures Limited,2.41,3.36,64.4,67.92,4.6,5.08,4.19,-40.4,50.47,34.77,Pass (Up),80.84,1.23,-26.44,10.6,53.86
PVRINOX,PVR INOX Limited,1.57,1.84,10.58,21.34,1.85,1.99,1.85,-25.98,1215.3,1050.82,Pass (Up),24.03,0.9,-9.93,64.4,51.42
PVSL,Popular Vehicles and Services Limited,-0.31,-0.34,-38.38,-11.87,-0.75,-0.76,-0.61,-45.32,89.86,102.91,Fail (Down),-31.75,0.89,-42.12,0.61,44.67
PWL,Physicswallah Limited,0.02,0.03,-22.59,-5.22,-0.25,-0.25,-0.16,-48.75,120.17,115.93,Pass (Up),-4.28,0.76,-22.59,178.03,47.14
PYRAMID,Pyramid Technoplast Limited,-0.07,-0.11,-3.81,-2.73,-0.17,-0.19,-0.15,-23.19,154.34,160.53,Fail (Down),9.99,0.7,-20.98,2.57,49.52
QMSMEDI,QMS Medical Allied Services Limited,4.12,5.08,94.24,109.74,7.54,8.03,6.72,-33.33,195.67,104.17,Pass (Up),83.74,0.48,-9.74,0.7,58.29
QPOWER,Quality Power Electrical Equipments Limited,2.39,2.91,49.62,60.86,4.24,4.5,3.79,-43.33,1564.6,1074.56,Pass (Up),67.26,1.12,-3.08,33.05,53.9
QUADFUTURE,Quadrant Future Tek Limited,1.49,2.23,29.89,44.97,2.99,3.36,2.74,-38.24,531.4,353.17,Pass (Up),60.76,1.65,-2.94,57.87,52.65
QUESS,Quess Corp Limited,2.16,2.53,37.99,46.55,3.41,3.59,3.11,-32.46,336.2,244.31,Pass (Up),49.64,1.02,-11.93,30.22,54.36
QUICKHEAL,Quick Heal Technologies Limited,-1.34,-1.57,-54.1,-26.48,-1.99,-2.11,-1.85,-63.88,138.15,176.45,Fail (Down),-51.67,1.69,-60.25,1.73,41.95
QUINTEGRA,Quintegra Solutions Limited,0.25,0.13,-29.84,-0.85,0.08,0.02,0.1,-43.43,1.34,1.32,Pass (Up),-32.38,0.04,-32.32,0.0,37.66
RACE,Race Eco Chain Limited,-0.07,-0.09,-49.92,-12.86,-0.68,-0.69,-0.48,-63.09,113.18,115.01,Fail (Down),-44.4,1.2,-51.45,0.47,41.74
RACLGEAR,RACL Geartech Limited,1.14,1.43,26.4,23.77,1.76,1.9,1.65,-27.79,1538.2,1316.39,Pass (Up),51.14,1.3,-16.96,10.94,52.03
RADAAN,Radaan Mediaworks India Limited,0.17,0.24,-13.37,-3.72,-0.1,-0.06,0.02,-35.23,2.98,3.09,Fail (Down),-2.84,0.2,-22.8,0.02,48.55
RADHIKAJWE,Radhika Jeweltech Limited,0.91,1.37,-23.57,11.82,1.05,1.28,1.16,-44.1,68.98,66.04,Pass (Up),-0.5,1.49,-26.83,18.72,47.1
RADIANTCMS,Radiant Cash Management Services Limited,-0.17,-0.19,-28.16,-11.17,-0.65,-0.65,-0.49,-42.34,35.89,38.35,Fail (Down),-15.0,1.21,-32.65,0.99,45.61
RADICO,Radico Khaitan Limited,1.68,2.13,45.71,28.23,2.25,2.48,2.21,-24.73,4237.0,3534.46,Pass (Up),51.7,0.79,-10.48,147.81,55.09
RADIOCITY,Music Broadcast Limited,-0.05,-0.05,-29.75,-5.5,-0.3,-0.3,-0.21,-45.65,5.88,6.19,Fail (Down),-23.48,0.77,-30.82,0.05,44.14
RAILTEL,Railtel Corporation Of India Limited,-1.39,-1.49,-32.26,-18.9,-1.64,-1.69,-1.59,-37.73,257.2,306.11,Fail (Down),-15.89,1.73,-34.63,23.13,45.41
RAIN,Rain Industries Limited,1.43,1.45,61.12,39.65,2.7,2.71,2.28,-40.07,208.52,168.56,Pass (Up),78.46,1.52,-13.79,107.53,54.02
RAINBOW,Rainbow Childrens Medicare Limited,-0.54,-0.46,-4.52,-4.07,-0.47,-0.43,-0.47,-20.62,1279.8,1329.31,Fail (Down),2.93,0.53,-19.94,15.8,49.15
RAJESHEXPO,Rajesh Exports Limited,-3.15,-3.23,-65.1,-44.14,-3.78,-3.82,-3.6,-72.52,64.03,116.04,Fail (Down),-85.03,1.08,-72.24,1.57,42.26
RAJMET,Rajnandini Metal Limited,-1.45,-1.6,-32.6,-23.31,-1.89,-1.97,-1.8,-40.57,3.08,3.72,Fail (Down),-26.65,0.67,-36.89,0.12,44.63
RAJOOENG,Rajoo Engineers Limited,0.18,0.29,-35.57,-8.8,-0.35,-0.3,-0.14,-49.62,53.21,57.59,Fail (Down),-19.86,1.41,-42.41,1.02,45.6
RAJRATAN,Rajratan Global Wire Limited,0.49,0.53,43.02,8.98,0.69,0.71,0.64,-37.3,453.55,450.57,Pass (Up),65.7,1.75,-16.02,9.64,52.79
RAJRILTD,Raj Rayon Industries Limited,-1.47,-1.52,-26.69,-10.33,-1.25,-1.27,-1.34,-28.7,20.0,21.57,Fail (Down),-27.69,0.17,-27.06,0.03,44.6
RAJSREESUG,Rajshree Sugars & Chemicals Limited,-0.46,-0.51,-31.46,-11.99,-0.83,-0.86,-0.72,-36.82,27.73,32.02,Fail (Down),-21.51,0.57,-31.67,0.3,46.46
RAJTV,Raj Television Network Limited,-1.76,-1.5,-74.01,-40.64,-2.91,-2.78,-2.44,-81.99,10.8,23.68,Fail (Down),-121.11,0.19,-75.13,0.06,38.33
RAJVIR,Rajvir Industries Limited,-4.41,-1.28,-42.43,-30.22,-3.71,-2.15,-2.9,-43.98,5.21,7.16,Fail (Down),-56.24,-0.11,-43.98,0.0,9.15
RALLIS,Rallis India Limited,-2.11,-2.05,-34.59,-20.65,-2.09,-2.06,-2.08,-35.2,199.69,239.67,Fail (Down),-27.02,1.15,-35.11,20.78,43.95
RAMANEWS,Shree Rama Newsprint Limited,0.16,0.19,-3.83,-2.1,-0.03,-0.01,0.04,-29.13,29.38,31.25,Fail (Down),13.53,0.83,-25.45,0.11,49.58
RAMAPHO,Rama Phosphates Limited,-0.35,-0.38,-19.37,-8.41,-0.59,-0.61,-0.52,-50.59,120.05,132.9,Fail (Down),6.75,1.61,-42.99,0.35,48.32
RAMASTEEL,Rama Steel Tubes Limited,-0.56,-0.57,-56.43,-19.14,-1.24,-1.24,-1.02,-67.03,4.47,5.79,Fail (Down),-55.79,1.76,-59.4,0.84,40.77
RAMCOCEM,The Ramco Cements Limited,-1.35,-1.33,-16.08,-13.87,-1.37,-1.36,-1.36,-30.86,830.85,966.14,Fail (Down),-5.04,1.0,-30.86,19.45,47.25
RAMCOIND,Ramco Industries Limited,-0.18,-0.27,-11.53,-3.75,-0.28,-0.32,-0.27,-35.65,302.3,306.26,Fail (Down),10.16,1.54,-19.58,20.74,48.61
RAMCOSYS,Ramco Systems Limited,-0.78,-0.57,8.43,-6.65,-0.72,-0.62,-0.67,-47.77,546.25,536.55,Pass (Up),41.77,1.38,-38.36,41.36,50.55
RAMKY,Ramky Infrastructure Limited,-3.59,-3.54,-52.69,-40.02,-3.79,-3.77,-3.71,-57.59,274.6,438.8,Fail (Down),-56.62,1.43,-57.59,1.69,41.89
RAMRAT,Ram Ratna Wires Limited,3.11,3.91,96.54,80.43,5.58,5.98,5.02,-23.59,616.55,394.63,Pass (Up),90.33,1.23,0.0,18.27,58.23
RANASUG,Rana Sugars Limited,0.5,0.7,-8.02,4.2,0.46,0.56,0.54,-29.4,13.08,12.65,Pass (Up),2.57,0.45,-17.84,0.77,48.92
RANEHOLDIN,Rane Holdings Limited,0.21,0.55,-4.15,14.01,0.8,0.97,0.72,-41.35,1518.7,1392.7,Pass (Up),13.22,0.97,-16.77,3.07,49.46
RATEGAIN,Rategain Travel Technologies Limited,0.59,0.75,21.35,17.23,1.16,1.23,1.02,-39.34,840.65,724.36,Pass (Up),42.13,1.39,-15.09,40.39,52.16
RATNAMANI,Ratnamani Metals & Tubes Limited,0.6,0.69,8.97,9.11,0.76,0.8,0.73,-27.86,2619.4,2448.86,Pass (Up),25.69,0.67,-13.63,21.32,50.98
RATNAVEER,Ratnaveer Precision Engineering Limited,3.5,5.29,112.77,115.92,7.55,8.44,6.79,-21.29,345.45,186.66,Pass (Up),104.17,1.42,0.0,193.95,58.63
RAYMOND,Raymond Limited,3.78,7.62,105.51,151.33,9.45,11.38,8.84,-45.52,1197.2,543.22,Pass (Up),100.49,1.47,-1.31,235.32,60.69
RAYMONDLSL,Raymond Lifestyle Limited,-1.83,-1.92,-46.78,-25.69,-2.2,-2.25,-2.11,-48.33,627.7,806.41,Fail (Down),-44.11,1.25,-48.33,15.97,43.31
RAYMONDREL,Raymond Realty Limited,0.6,0.81,9.39,18.76,1.24,1.35,1.1,-47.95,648.45,535.41,Pass (Up),43.57,1.79,-10.28,76.54,50.81
RBA,Restaurant Brands Asia Limited,1.7,2.54,18.2,36.94,2.7,3.12,2.64,-27.42,92.22,72.84,Pass (Up),28.97,0.49,-13.37,85.81,52.58
RBLBANK,RBL Bank Limited,1.68,1.85,49.88,23.02,1.99,2.07,1.94,-13.01,411.4,343.52,Pass (Up),57.68,1.18,-3.88,171.57,55.55
RBZJEWEL,RBZ Jewellers Limited,1.79,2.3,47.7,42.81,3.04,3.29,2.79,-38.54,196.87,141.52,Pass (Up),64.69,1.17,-5.0,12.4,53.86
RCF,Rashtriya Chemicals and Fertilizers Limited,-1.74,-1.67,-25.17,-19.03,-1.82,-1.79,-1.77,-29.69,106.8,125.03,Fail (Down),-10.37,1.43,-28.73,16.6,46.08
RCOM,Reliance Communications Limited,-0.22,-0.21,-38.13,-9.67,-0.59,-0.59,-0.47,-48.3,0.86,0.94,Fail (Down),-36.5,0.51,-41.5,0.24,44.4
RECLTD,REC Limited,-1.79,-1.59,-19.87,-17.87,-1.79,-1.69,-1.72,-23.74,287.75,340.98,Fail (Down),-6.93,1.23,-23.74,189.63,46.77
REDINGTON,Redington Limited,2.92,3.76,45.77,57.91,4.35,4.78,4.16,-32.56,397.95,272.92,Pass (Up),61.59,1.34,-3.02,242.31,54.82
REDTAPE,Redtape Limited,-0.8,-0.8,-19.95,-9.85,-0.89,-0.89,-0.86,-24.92,115.29,124.29,Fail (Down),-10.68,0.57,-21.18,12.4,47.07
REFEX,Refex Industries Limited,-0.61,-0.62,-25.55,-2.03,-0.41,-0.41,-0.48,-49.46,271.3,270.27,Pass (Up),-4.11,1.35,-27.26,16.33,46.97
REGAAL,Regaal Resources Limited,0.69,0.96,-7.96,14.07,1.05,1.18,1.02,-38.96,85.99,77.92,Pass (Up),14.77,0.84,-13.33,4.25,49.21
REGENCERAM,Regency Ceramics Limited,-0.77,-0.9,-21.98,-23.18,-1.54,-1.61,-1.33,-37.89,31.98,41.01,Fail (Down),-4.72,0.67,-35.96,0.06,48.26
RELAXO,Relaxo Footwears Limited,-0.99,-1.31,-35.24,-17.7,-1.38,-1.54,-1.36,-46.61,285.35,345.11,Fail (Down),-22.61,1.3,-35.24,44.67,44.71
RELCHEMQ,Reliance Chemotex Industries Limited,-0.72,-0.79,-27.04,-11.87,-0.95,-0.99,-0.9,-31.6,114.36,123.28,Fail (Down),-16.9,0.83,-27.81,0.08,45.75
RELIABLE,Reliable Data Services Limited,0.28,0.33,17.28,6.82,0.48,0.5,0.43,-34.42,140.73,140.59,Pass (Up),37.02,1.12,-16.63,0.55,51.47
RELIANCE,Reliance Industries Limited,-1.66,-1.62,-14.29,-14.88,-1.57,-1.55,-1.59,-26.33,1167.7,1356.22,Fail (Down),-4.63,0.94,-26.33,1498.33,47.1
RELIGARE,Religare Enterprises Limited,-0.68,-0.61,-10.33,-9.89,-0.83,-0.8,-0.76,-24.96,224.59,238.17,Fail (Down),7.11,1.17,-19.32,25.23,48.71
RELINFRA,Reliance Infrastructure Limited,-3.39,-2.98,-80.92,-49.42,-4.17,-3.96,-3.77,-82.6,46.48,87.25,Fail (Down),-149.19,0.83,-81.38,1.94,34.82
RELTD,Ravindra Energy Limited,-0.4,-0.4,-11.77,-6.65,-0.53,-0.53,-0.49,-31.4,146.98,149.61,Fail (Down),10.12,1.19,-19.72,5.83,48.78
REMSONSIND,Remsons Industries Limited,1.29,1.66,-7.34,14.66,1.38,1.56,1.47,-49.2,112.55,98.53,Pass (Up),19.89,1.54,-24.85,2.74,49.24
RENUKA,Shree Renuka Sugars Limited,-0.9,-0.98,-28.94,-16.98,-1.3,-1.34,-1.19,-30.67,21.34,24.38,Fail (Down),-23.22,0.61,-30.67,36.68,45.72
REPCOHOME,Repco Home Finance Limited,-1.89,-1.93,-5.75,-16.4,-1.77,-1.78,-1.82,-24.87,337.75,383.35,Fail (Down),9.95,1.17,-23.99,3.37,49.28
REPL,Rudrabhishek Enterprises Limited,-1.47,-1.49,-61.31,-30.21,-2.25,-2.25,-1.99,-61.77,57.99,78.42,Fail (Down),-69.97,1.49,-61.42,0.03,40.31
REPRO,Repro India Limited,-0.91,-1.09,-29.12,-21.14,-1.51,-1.6,-1.37,-50.02,303.9,373.93,Fail (Down),-15.02,0.81,-47.31,1.0,47.0
RESPONIND,Responsive Industries Limited,-0.35,-0.42,-12.1,-7.54,-0.55,-0.59,-0.51,-42.63,162.59,173.04,Fail (Down),15.87,1.65,-26.52,34.95,48.75
RETAIL,JHS Svendgaard Retail Ventures Limited,2.25,3.37,0.52,67.34,4.49,5.05,4.12,-54.5,34.93,20.61,Pass (Up),35.22,1.0,-1.41,0.03,50.05
RGL,Renaissance Global Limited,1.74,2.2,35.63,39.16,2.83,3.06,2.62,-40.89,162.5,118.04,Pass (Up),65.95,1.89,-4.68,23.63,52.95
RHETAN,Rhetan TMT Limited,-0.99,-0.78,-24.71,-35.3,-2.26,-2.15,-1.76,-55.07,16.64,25.91,Fail (Down),-8.83,0.31,-50.71,29.21,48.02
RHFL,Reliance Home Finance Limited,-3.0,-2.86,-61.03,-34.49,-3.23,-3.16,-3.11,-61.27,1.59,2.25,Fail (Down),-87.56,0.22,-61.03,0.11,38.57
RHIM,RHI MAGNESITA INDIA LIMITED,0.15,0.14,-13.19,-2.97,-0.07,-0.08,0.0,-32.1,384.85,399.97,Fail (Down),6.87,1.36,-21.27,34.23,48.41
RHL,Robust Hotels Limited,-0.68,-0.7,-33.58,-10.7,-0.87,-0.88,-0.82,-35.34,162.92,180.6,Fail (Down),-25.8,0.83,-35.34,0.15,45.08
RICOAUTO,Rico Auto Industries Limited,0.01,0.05,30.22,0.06,0.01,0.03,0.02,-27.21,121.63,125.31,Fail (Down),61.55,1.92,-21.6,23.56,51.85
RIIL,Reliance Industrial Infrastructure Limited,-1.48,-1.61,-23.61,-13.32,-1.41,-1.47,-1.47,-33.13,666.85,750.09,Fail (Down),-6.55,1.57,-28.25,5.03,46.09
RISHABH,Rishabh Instruments Limited,1.57,1.97,69.82,48.25,3.2,3.4,2.79,-28.93,698.8,527.24,Pass (Up),81.1,1.47,-15.77,20.46,55.01
RITCO,Ritco Logistics Limited,1.18,1.6,5.67,16.9,1.43,1.65,1.49,-37.76,276.7,255.98,Pass (Up),26.65,1.26,-14.25,4.01,50.66
RITES,RITES Limited,0.16,0.24,-13.77,-5.61,-0.2,-0.16,-0.06,-30.42,209.48,211.28,Fail (Down),2.72,1.27,-15.39,75.8,47.81
RKDL,Ravi Kumar Distilleries Limited,-0.9,-0.87,-37.13,-14.26,-1.16,-1.15,-1.07,-38.71,17.24,19.92,Fail (Down),-28.77,1.06,-37.22,0.02,44.07
RKEC,RKEC Projects Limited,-1.45,-1.72,-70.3,-38.88,-2.67,-2.8,-2.35,-75.45,21.94,34.44,Fail (Down),-86.63,1.44,-70.3,0.13,40.94
RKFORGE,Ramkrishna Forgings Limited,1.88,2.49,29.16,27.33,2.31,2.61,2.37,-20.0,695.45,588.29,Pass (Up),44.21,1.22,-7.89,93.9,53.41
RKSWAMY,R K Swamy Limited,-0.92,-0.96,-38.75,-13.83,-1.15,-1.17,-1.09,-53.66,86.46,96.89,Fail (Down),-30.02,1.26,-40.82,0.51,44.19
RMDRIP,R M Drip and Sprinklers Systems Limited,0.33,0.54,-46.3,-11.71,-0.42,-0.32,-0.1,-78.31,23.49,30.15,Fail (Down),-42.71,0.62,-67.07,1.61,44.17
RML,Rane (Madras) Limited,1.75,2.11,65.93,50.85,3.42,3.6,2.98,-27.3,1343.2,947.05,Pass (Up),72.11,1.11,-4.66,13.09,56.02
RNBDENIMS,R&B Denims Limited,-2.55,-2.54,-77.96,-45.86,-3.57,-3.56,-3.23,-88.36,9.03,23.59,Fail (Down),-134.81,0.52,-86.4,0.23,41.9
ROHLTD,Royal Orchid Hotels Limited,-0.84,-0.9,-43.0,-13.57,-1.1,-1.13,-1.03,-49.32,298.65,335.31,Fail (Down),-38.53,1.32,-43.75,0.67,41.99
ROLEXRINGS,Rolex Rings Limited,2.33,3.49,51.19,46.11,3.47,4.05,3.48,-27.5,196.36,143.92,Pass (Up),64.84,1.27,0.0,61.71,54.93
ROLLT,Rollatainers Limited,3.86,3.86,285.37,203.35,12.1,12.1,9.35,-43.98,4.74,2.33,Pass (Up),169.02,0.83,-26.05,0.22,59.46
ROML,Raj Oil Mills Limited,-0.2,-0.19,-12.71,-4.03,-0.3,-0.3,-0.26,-40.5,43.34,44.86,Fail (Down),3.55,0.87,-29.0,0.01,48.42
ROSSARI,Rossari Biotech Limited,-1.47,-1.5,-32.73,-17.07,-1.59,-1.6,-1.56,-43.71,427.55,502.44,Fail (Down),-23.16,1.19,-36.37,3.77,44.86
ROSSELLIND,Rossell India Limited,-0.36,-0.39,-21.46,-4.56,-0.41,-0.42,-0.4,-36.37,50.22,51.99,Fail (Down),-11.19,0.72,-21.82,0.5,46.83
ROSSTECH,Rossell Techsys Limited,2.87,3.86,106.68,89.19,5.9,6.39,5.22,-27.58,1522.3,911.54,Pass (Up),109.42,1.68,0.0,39.49,56.8
ROTO,Roto Pumps Limited,-0.34,-0.36,-18.16,-5.31,-0.44,-0.45,-0.41,-37.56,62.66,62.28,Pass (Up),1.39,1.29,-18.35,3.24,47.73
ROUTE,ROUTE MOBILE LIMITED,-1.4,-1.47,-44.16,-23.01,-1.85,-1.88,-1.72,-47.41,436.4,532.64,Fail (Down),-41.63,1.15,-44.16,46.56,42.92
RPEL,Raghav Productivity Enhancers Limited,2.95,3.24,180.54,107.21,6.84,6.98,5.64,-46.31,1818.9,1055.44,Pass (Up),134.18,1.51,-3.52,15.92,59.48
RPGLIFE,RPG Life Sciences Limited,1.66,2.87,30.68,34.59,2.56,3.16,2.66,-29.18,2930.7,2316.01,Pass (Up),43.41,0.85,-5.13,9.55,53.56
RPOWER,Reliance Power Limited,-2.51,-2.69,-57.53,-30.32,-2.77,-2.86,-2.75,-60.05,19.41,26.18,Fail (Down),-61.33,1.64,-60.05,45.07,41.57
RPPINFRA,R.P.P. Infra Projects Limited,-1.16,-1.26,-58.69,-29.88,-2.07,-2.12,-1.8,-60.36,52.6,71.82,Fail (Down),-61.71,1.7,-58.95,1.08,41.19
RPPL,Rajshree Polypack Limited,0.03,0.04,1.98,1.93,0.11,0.11,0.09,-30.0,19.6,18.79,Pass (Up),19.73,0.77,-24.93,0.25,50.18
RPSGVENT,RPSG VENTURES LIMITED,-0.25,-0.24,-0.63,-6.66,-0.46,-0.45,-0.39,-34.43,829.85,828.13,Pass (Up),19.37,0.93,-25.67,2.65,49.93
RPTECH,Rashi Peripherals Limited,2.87,3.38,198.08,109.83,6.93,7.18,5.74,-15.99,953.15,569.33,Pass (Up),131.87,1.02,-0.04,44.26,61.38
RRKABEL,R R Kabel Limited,1.97,2.2,99.53,53.47,3.66,3.78,3.17,-18.68,2518.2,1950.6,Pass (Up),87.45,0.94,-14.01,144.58,57.8
RSSOFTWARE,R. S. Software (India) Limited,-0.65,-0.7,-56.99,-15.46,-1.1,-1.12,-0.96,-69.6,30.04,35.3,Fail (Down),-60.17,1.19,-58.36,0.08,42.52
RSWM,RSWM Limited,1.15,1.41,36.53,26.02,1.87,2.01,1.72,-26.99,202.21,174.65,Pass (Up),52.21,1.25,-14.05,1.34,53.42
RSYSTEMS,R Systems International Limited,0.66,1.06,-32.62,-1.04,0.28,0.48,0.54,-47.98,263.6,277.21,Fail (Down),-17.93,1.16,-35.89,74.17,45.68
RTNINDIA,RattanIndia Enterprises Limited,-1.95,-1.89,-51.76,-28.31,-2.39,-2.36,-2.23,-53.55,25.32,33.01,Fail (Down),-46.34,1.99,-52.61,4.23,41.92
RTNPOWER,RattanIndia Power Limited,-2.72,-2.49,-41.54,-26.92,-2.7,-2.59,-2.63,-42.2,6.74,8.7,Fail (Down),-37.27,1.29,-42.2,12.47,42.7
RUBFILA,Rubfila International Limited,-0.4,-0.35,-20.64,-8.08,-0.6,-0.58,-0.52,-31.11,63.25,68.43,Fail (Down),-10.39,0.81,-22.55,0.26,46.9
RUBICON,Rubicon Research Limited,2.51,3.27,159.87,84.17,5.47,5.84,4.73,-17.1,1630.9,1130.51,Pass (Up),116.98,0.36,-12.35,54.55,59.93
RUBYMILLS,The Ruby Mills Limited,2.91,4.14,120.33,97.94,6.35,6.97,5.61,-28.49,499.65,290.7,Pass (Up),103.08,0.88,-2.14,1.18,59.23
RUCHINFRA,Ruchi Infrastructure Limited,-1.65,-1.87,-35.81,-24.12,-2.03,-2.14,-1.98,-45.66,4.84,5.94,Fail (Down),-23.92,1.07,-36.32,0.04,44.89
RUCHIRA,Ruchira Papers Limited,-0.39,-0.36,-29.26,-6.52,-0.52,-0.5,-0.47,-34.56,101.31,109.07,Fail (Down),-22.11,0.88,-29.33,0.47,44.42
RUPA,Rupa & Company Limited,-1.75,-1.62,-35.02,-15.62,-1.65,-1.59,-1.64,-46.71,130.58,146.56,Fail (Down),-27.3,1.1,-35.76,1.67,43.72
RUSHIL,Rushil Decor Limited,-0.07,-0.07,-44.62,-11.93,-0.63,-0.63,-0.44,-56.35,15.9,17.43,Fail (Down),-38.16,1.16,-45.73,1.22,43.06
RUSTOMJEE,Keystone Realtors Limited,-1.6,-1.67,-39.34,-18.14,-1.7,-1.74,-1.69,-45.76,361.25,417.8,Fail (Down),-38.08,0.79,-42.09,7.88,42.9
RVHL,Ravinder Heights Limited,-1.05,-0.97,-31.0,-16.38,-1.34,-1.3,-1.22,-51.41,37.23,43.09,Fail (Down),-13.69,1.26,-38.43,0.05,46.66
RVNL,Rail Vikas Nigam Limited,-2.09,-2.32,-42.44,-27.87,-2.44,-2.55,-2.4,-48.9,197.0,267.19,Fail (Down),-36.55,1.48,-48.9,99.55,43.22
RVTH,Revathi Equipment India Limited,0.7,0.96,-26.55,10.31,0.87,1.0,0.9,-52.45,776.7,677.16,Pass (Up),-16.16,0.37,-28.7,0.13,46.24
S&SPOWER,S&S Power Switchgears Limited,-0.42,-0.42,-24.72,-12.03,-0.81,-0.81,-0.68,-49.07,294.1,333.58,Fail (Down),-11.01,0.34,-30.6,0.15,47.74
SAATVIKGL,Saatvik Green Energy Limited,-0.1,-0.11,-9.46,-2.62,-0.18,-0.19,-0.16,-39.52,405.55,422.57,Fail (Down),8.52,0.98,-26.49,6.51,49.0
SADBHAV,Sadbhav Engineering Limited,-1.16,-1.33,-44.17,-27.22,-1.94,-2.02,-1.74,-57.01,6.8,8.75,Fail (Down),-34.12,1.08,-52.08,0.22,45.8
SADBHIN,Sadbhav Infrastructure Project Limited,-0.16,-0.15,-32.47,-7.19,-0.44,-0.43,-0.34,-50.35,2.62,2.96,Fail (Down),-22.2,0.81,-39.21,0.04,46.35
SADHNANIQ,Sadhana Nitrochem Limited,-0.16,0.04,-73.86,-10.94,-0.63,-0.53,-0.4,-87.07,2.47,3.21,Fail (Down),-58.34,0.57,-76.0,0.51,39.8
SAFARI,Safari Industries (India) Limited,-1.64,-1.8,-36.71,-19.66,-1.8,-1.88,-1.8,-45.13,1378.8,1676.01,Fail (Down),-32.82,0.81,-44.62,6.03,44.5
SAGARDEEP,Sagardeep Alloys Limited,-0.72,-0.75,-21.15,-10.29,-0.87,-0.89,-0.83,-27.59,22.52,24.53,Fail (Down),-10.03,0.86,-25.95,0.02,46.97
SAGCEM,Sagar Cements Limited,-1.82,-1.78,-41.13,-20.1,-1.91,-1.9,-1.87,-42.6,150.01,179.99,Fail (Down),-38.58,1.07,-41.13,0.86,42.6
SAGILITY,SAGILITY LIMITED,0.41,0.47,-0.5,-1.65,0.12,0.16,0.24,-33.33,43.17,43.88,Fail (Down),15.17,1.0,-20.64,100.8,49.94
SAHYADRI,Sahyadri Industries Limited,1.97,2.3,38.46,39.54,2.96,3.13,2.74,-25.74,355.65,282.06,Pass (Up),52.66,1.16,-9.86,0.73,53.8
SAIL,Steel Authority of India Limited,0.73,0.87,31.03,12.02,0.97,1.04,0.93,-21.91,174.5,167.04,Pass (Up),43.62,0.97,-14.21,324.69,53.17
SAILIFE,Sai Life Sciences Limited,2.8,3.37,73.72,49.31,3.87,4.15,3.7,-18.55,1541.2,1150.37,Pass (Up),69.59,0.76,-8.01,88.54,57.52
SAKAR,Sakar Healthcare Limited,2.42,3.23,193.08,94.1,5.92,6.32,5.02,-18.84,1075.0,700.69,Pass (Up),132.23,0.74,-9.54,15.93,58.65
SAKHTISUG,Sakthi Sugars Limited,0.35,0.46,-17.15,1.38,0.24,0.3,0.32,-36.38,17.58,17.68,Fail (Down),-3.36,0.86,-21.52,0.5,47.69
SAKSOFT,Saksoft Limited,-0.75,-0.81,-29.31,-16.77,-1.21,-1.24,-1.08,-50.0,139.33,155.94,Fail (Down),-9.64,1.47,-36.27,16.67,46.61
SAKUMA,Sakuma Exports Limited,-0.6,-0.81,-37.65,-20.38,-1.32,-1.42,-1.15,-62.63,1.54,1.81,Fail (Down),-19.84,1.43,-48.15,0.15,45.15
SALASAR,Salasar Techno Engineering Limited,-3.06,-2.72,-54.01,-41.74,-3.61,-3.45,-3.32,-62.19,4.13,6.92,Fail (Down),-53.98,1.66,-61.72,2.63,42.84
SALONA,Salona Cotspin Limited,0.11,0.11,1.77,-2.52,-0.07,-0.07,-0.01,-25.34,254.35,263.12,Fail (Down),12.29,0.39,-16.16,0.04,50.21
SALSTEEL,S.A.L. Steel Limited,3.51,4.86,254.17,124.01,7.96,8.63,6.92,-28.33,98.92,55.54,Pass (Up),147.09,0.51,-0.14,3.95,60.92
SALZERELEC,Salzer Electronics Limited,-1.1,-1.07,-30.96,-15.49,-1.32,-1.31,-1.24,-46.44,530.9,608.5,Fail (Down),-12.92,1.42,-41.83,2.68,46.33
SAMBHAAV,Sambhaav Media Limited,-1.02,-1.08,-13.56,-17.24,-1.37,-1.4,-1.28,-52.72,5.42,6.93,Fail (Down),11.23,1.28,-50.82,0.02,48.93
SAMBHV,Sambhv Steel Tubes Limited,2.19,3.27,42.98,47.49,3.47,4.01,3.4,-32.31,161.45,110.94,Pass (Up),60.73,1.41,-2.09,49.14,54.22
SAMHI,Samhi Hotels Limited,-0.45,-0.45,-23.28,-11.07,-0.78,-0.78,-0.67,-38.05,154.37,164.67,Fail (Down),-8.19,1.26,-25.37,18.7,46.84
SAMMAANCAP,Sammaan Capital Limited,-1.66,-1.5,-21.88,-16.97,-1.68,-1.6,-1.62,-31.55,132.48,152.84,Fail (Down),-7.75,1.11,-30.25,105.16,47.22
SAMPANN,Sampann Utpadan India Limited,-1.39,-1.29,-12.69,-17.29,-1.56,-1.51,-1.47,-44.32,24.01,28.54,Fail (Down),7.58,0.89,-43.88,0.05,48.99
SANATHAN,Sanathan Textiles Limited,1.16,1.51,0.71,12.88,1.22,1.4,1.32,-26.94,504.35,437.99,Pass (Up),11.46,0.51,-4.7,4.63,50.1
SANDESH,The Sandesh Limited,0.29,0.47,-15.68,0.3,0.16,0.25,0.26,-31.26,990.05,1005.14,Fail (Down),-4.21,0.83,-16.81,0.33,47.17
SANDHAR,Sandhar Technologies Limited,-0.42,-0.25,24.58,0.38,-0.19,-0.1,-0.21,-25.32,563.85,574.22,Fail (Down),44.7,1.31,-22.76,13.11,51.99
SANDUMA,Sandur Manganese & Iron Ores Limited,-1.07,-1.08,5.68,-13.59,-1.22,-1.22,-1.17,-35.18,177.67,208.61,Fail (Down),35.93,1.8,-32.72,12.78,50.41
SANGAMIND,Sangam (India) Limited,1.85,2.71,51.34,31.64,2.51,2.94,2.58,-16.72,634.55,514.26,Pass (Up),57.44,0.92,-1.7,7.28,55.81
SANGHVIMOV,Sanghvi Movers Limited,0.73,0.82,12.32,18.81,1.3,1.35,1.14,-44.37,429.5,360.96,Pass (Up),38.26,1.45,-17.52,18.59,51.13
SANGINITA,Sanginita Chemicals Limited,5.46,5.13,595.69,281.51,16.8,16.64,12.91,-27.46,70.96,32.6,Pass (Up),214.53,0.38,-5.88,1.59,68.19
SANOFI,Sanofi India Limited,-1.98,-1.92,-33.51,-16.22,-1.8,-1.77,-1.84,-34.93,3037.4,3488.69,Fail (Down),-35.22,0.5,-34.93,7.33,40.59
SANOFICONR,Sanofi Consumer Healthcare India Limited,-2.51,-2.32,-19.02,-16.66,-2.09,-1.99,-2.17,-23.5,3787.2,4386.06,Fail (Down),-12.42,0.48,-23.5,3.6,46.81
SANSERA,Sansera Engineering Limited,3.01,3.62,205.28,87.75,5.89,6.2,5.13,-17.0,4276.6,2777.93,Pass (Up),136.75,1.39,-8.27,104.09,61.24
SANSTAR,Sanstar Limited,0.07,0.08,8.01,4.28,0.25,0.25,0.19,-25.74,103.0,100.59,Pass (Up),23.59,0.85,-19.17,2.8,50.87
SANWARIA,Sanwaria Consumer Limited,-0.48,-0.29,-40.62,-13.54,-0.92,-0.82,-0.71,-47.06,0.19,0.23,Fail (Down),-42.45,0.24,-44.12,0.01,42.86
SAPPHIRE,Sapphire Foods India Limited,0.84,1.22,-29.21,5.9,0.72,0.9,0.88,-50.09,209.82,199.56,Pass (Up),-12.51,1.29,-30.38,39.74,45.94
SARDAEN,Sarda Energy & Minerals Limited,-0.18,-0.22,-9.82,-3.93,-0.29,-0.3,-0.26,-20.83,494.75,519.7,Fail (Down),1.81,0.75,-18.94,39.71,48.67
SAREGAMA,Saregama India Limited,1.1,1.3,5.75,28.04,1.95,2.05,1.73,-33.51,494.75,412.79,Pass (Up),23.24,0.9,-11.22,32.45,50.69
SARLAPOLY,Sarla Performance Fibers Limited,-0.26,-0.23,-1.83,-0.32,-0.15,-0.13,-0.18,-31.08,92.02,91.12,Pass (Up),18.06,1.31,-12.37,0.63,49.77
SARVESHWAR,Sarveshwar Foods Limited,-0.44,-0.57,-43.88,-15.6,-1.0,-1.07,-0.86,-60.03,3.44,3.75,Fail (Down),-34.1,1.51,-45.22,0.61,42.12
SASKEN,Sasken Technologies Limited,0.03,0.19,24.26,12.36,0.63,0.71,0.49,-36.93,1720.5,1618.32,Pass (Up),45.93,0.93,-34.56,4.66,51.75
SATIA,Satia Industries Limited,1.27,1.98,-15.48,11.9,1.23,1.58,1.48,-38.45,68.34,61.9,Pass (Up),-1.61,0.89,-17.29,0.89,47.49
SATIN,Satin Creditcare Network Limited,0.79,0.96,56.89,29.17,1.85,1.94,1.56,-20.08,227.47,195.39,Pass (Up),59.08,0.75,-15.4,10.45,55.51
SAURASHCEM,Saurashtra Cement Limited,-0.42,-0.49,-51.0,-17.21,-1.07,-1.11,-0.88,-56.61,53.37,62.77,Fail (Down),-48.56,1.62,-51.98,1.88,40.91
SBC,SBC Exports Limited,3.81,5.77,164.29,78.6,5.84,6.82,5.82,-12.57,58.54,36.57,Pass (Up),106.96,0.34,0.0,46.21,68.84
SBCL,Shivalik Bimetal Controls Limited,2.54,4.06,111.84,99.17,6.23,6.99,5.51,-30.07,1066.4,667.95,Pass (Up),104.67,1.35,-7.75,58.43,57.68
SBFC,SBFC Finance Limited,-0.67,-0.77,-22.77,-10.96,-0.88,-0.93,-0.85,-31.69,84.19,94.04,Fail (Down),-12.8,0.92,-28.95,17.23,46.19
SBGLP,Suratwwala Business Group Limited,-0.27,-0.28,-30.44,-15.55,-0.91,-0.92,-0.7,-53.05,22.75,27.41,Fail (Down),-13.36,1.06,-42.08,0.2,46.52
SBICARD,SBI Cards and Payment Services Limited,-1.02,-0.98,-35.46,-18.23,-1.42,-1.4,-1.27,-39.74,563.2,685.25,Fail (Down),-28.9,1.26,-39.74,135.22,43.16
SBILIFE,SBI Life Insurance Company Limited,-0.56,-0.6,-4.28,-9.09,-0.74,-0.75,-0.69,-21.48,1721.6,1878.1,Fail (Down),5.9,0.85,-18.28,178.11,49.15
SBIN,State Bank of India,-0.72,-0.64,12.41,-5.1,-0.61,-0.57,-0.62,-22.11,954.1,1032.81,Fail (Down),25.3,1.1,-20.89,953.5,52.0
SCHAEFFLER,Schaeffler India Limited,-0.26,-0.29,-6.33,-2.34,-0.25,-0.26,-0.26,-16.87,3885.6,3994.46,Fail (Down),6.86,0.98,-10.78,24.68,49.0
SCHAND,S Chand And Company Limited,-0.17,-0.19,-22.41,-4.2,-0.29,-0.31,-0.26,-31.55,143.57,150.08,Fail (Down),-11.25,1.0,-23.4,0.43,46.33
SCHNEIDER,Schneider Electric Infrastructure Limited,0.41,0.49,54.04,24.44,1.43,1.47,1.11,-34.92,1275.4,1083.57,Pass (Up),65.7,0.97,-15.03,45.17,53.57
SCI,Shipping Corporation Of India Limited,0.02,0.11,22.92,6.12,0.31,0.36,0.25,-25.59,267.05,270.47,Fail (Down),43.59,1.28,-22.26,63.8,51.91
SCILAL,Shipping Corporation of India Land and Assets Limited,-1.68,-1.7,-25.68,-15.67,-1.62,-1.64,-1.65,-33.22,36.65,42.94,Fail (Down),-14.35,1.13,-29.81,0.85,45.55
SCODATUBES,Scoda Tubes Limited,-1.09,-1.11,-29.6,-18.63,-1.48,-1.49,-1.36,-34.23,123.0,139.32,Fail (Down),-6.75,1.85,-30.67,3.43,46.49
SCPL,Sheetal Cool Products Limited,1.78,2.39,160.5,71.58,4.47,4.78,3.78,-21.49,620.45,441.31,Pass (Up),118.69,0.58,-9.12,3.57,58.1
SDBL,Som Distilleries & Breweries Limited,0.34,0.66,-39.85,-6.41,-0.15,0.01,0.12,-53.21,74.94,80.78,Fail (Down),-22.99,1.58,-43.72,14.99,44.82
SEAMECLTD,Seamec Limited,1.39,1.45,74.78,23.69,1.88,1.91,1.74,-19.57,1594.7,1433.46,Pass (Up),67.76,0.39,-11.09,13.47,56.11
SECMARK,SecMark Consultancy Limited,0.93,1.2,17.5,15.28,1.23,1.36,1.22,-29.1,137.48,122.29,Pass (Up),40.58,0.43,-15.8,0.08,51.23
SECURKLOUD,SECUREKLOUD TECHNOLOGIES LIMITED,-0.87,-0.95,-27.25,-17.04,-1.29,-1.33,-1.17,-46.88,16.77,20.77,Fail (Down),-5.08,1.05,-46.04,0.03,47.49
SEJALLTD,Sejal Glass Limited,-0.02,0.04,-18.53,-2.66,-0.14,-0.11,-0.08,-59.38,656.5,699.18,Fail (Down),1.01,0.82,-33.51,0.84,48.47
SELMC,SEL Manufacturing Company Limited,-1.35,-1.22,-16.59,-15.82,-1.47,-1.4,-1.39,-42.14,25.09,29.53,Fail (Down),-4.88,0.53,-42.14,0.04,48.31
SEMAC,Semac Construction Limited,-1.43,-1.25,-51.77,-21.5,-1.79,-1.7,-1.61,-58.54,241.99,291.15,Fail (Down),-55.65,0.4,-52.17,0.02,43.64
SENCO,Senco Gold Limited,0.15,0.16,-7.43,-3.56,-0.11,-0.1,-0.02,-25.17,317.4,335.32,Fail (Down),12.97,1.21,-23.96,67.54,49.19
SENORES,Senores Pharmaceuticals Limited,1.36,1.73,88.64,41.48,2.76,2.94,2.41,-17.92,1349.6,1078.02,Pass (Up),82.02,0.92,-12.98,36.47,56.72
SEPC,SEPC Limited,-1.68,-1.7,-57.81,-33.55,-2.52,-2.53,-2.25,-61.76,5.08,7.09,Fail (Down),-49.59,2.34,-58.22,8.45,42.45
SERVOTECH,Servotech Renewable Power System Limited,-1.8,-1.65,-44.49,-22.5,-2.03,-1.95,-1.9,-55.66,69.2,83.49,Fail (Down),-30.67,1.53,-47.84,5.55,44.15
SESHAPAPER,Seshasayee Paper and Boards Limited,0.09,0.11,-7.62,-1.47,-0.03,-0.02,0.02,-22.77,236.35,240.62,Fail (Down),4.62,0.86,-14.65,2.98,48.86
SETCO,Setco Automotive Limited,2.14,2.45,100.36,47.78,3.46,3.61,3.12,-39.24,18.13,13.52,Pass (Up),82.73,0.25,-5.96,0.12,57.23
SETL,Standard Engineering Technology Limited,3.66,4.3,130.12,141.29,8.89,9.21,7.36,-43.18,416.95,204.74,Pass (Up),111.52,1.34,-10.94,32.74,59.64
SETUINFRA,Setubandhan Infrastructure Limited,0.91,0.94,-21.54,14.19,1.16,1.18,1.09,-41.54,0.51,0.47,Pass (Up),-10.31,0.27,-23.88,0.0,47.67
SEYAIND,Seya Industries Limited,0.68,0.68,-18.07,2.2,0.45,0.45,0.53,-63.69,13.19,13.71,Fail (Down),-11.43,0.17,-45.02,0.01,47.84
SFL,Sheela Foam Limited,-0.42,-0.25,-7.95,-1.56,-0.29,-0.2,-0.28,-35.94,616.65,617.52,Fail (Down),9.05,1.04,-23.77,19.34,48.96
SGFIN,SG Finserve Limited,0.75,1.03,73.51,27.12,1.73,1.87,1.5,-24.25,631.85,533.61,Pass (Up),73.91,0.88,-10.99,29.48,55.61
SGIL,Synergy Green Industries Limited,1.1,1.0,13.91,17.39,1.42,1.37,1.28,-19.54,613.85,550.11,Pass (Up),27.34,0.56,-8.18,0.78,51.68
SGL,STL Global Limited,-0.8,-0.88,-44.26,-25.25,-1.67,-1.7,-1.4,-45.3,8.5,11.01,Fail (Down),-38.47,1.01,-45.3,0.01,44.08
SGMART,SG Mart Limited,2.12,2.89,104.41,51.11,3.62,4.0,3.37,-17.31,742.2,563.19,Pass (Up),87.15,0.57,-11.88,40.56,57.89
SHAH,Shah Metacorp Limited,-1.06,-1.14,-19.2,-37.61,-2.41,-2.45,-1.99,-47.58,3.03,4.6,Fail (Down),4.78,0.68,-47.58,2.92,48.57
SHAHALLOYS,Shah Alloys Limited,1.34,1.89,21.16,25.49,1.94,2.22,1.93,-29.24,85.37,71.45,Pass (Up),39.57,0.85,-24.45,0.9,51.8
SHAILY,Shaily Engineering Plastics Limited,1.1,1.42,37.0,28.74,1.99,2.15,1.8,-33.73,3009.1,2598.56,Pass (Up),50.48,0.56,-12.9,58.5,53.07
SHAKTIPUMP,Shakti Pumps (India) Limited,-2.06,-2.23,-44.75,-25.28,-2.29,-2.38,-2.27,-44.75,454.1,553.71,Fail (Down),-37.66,1.32,-44.75,33.98,43.47
SHALBY,Shalby Limited,-1.97,-1.93,-49.44,-24.58,-2.22,-2.2,-2.12,-52.38,133.55,162.85,Fail (Down),-49.44,1.52,-49.84,1.29,40.44
SHALPAINTS,Shalimar Paints Limited,1.73,2.91,-7.9,43.97,3.06,3.65,3.01,-57.58,78.34,61.24,Pass (Up),25.99,1.81,-14.34,4.02,49.12
SHANKARA,Shankara Building Products Limited,-0.01,0.04,-33.66,-1.06,-0.06,-0.03,-0.02,-46.69,124.4,122.22,Pass (Up),-27.07,0.53,-33.66,2.37,44.33
SHANTI,Shanti Overseas (India) Limited,-1.23,-1.22,-48.11,-27.05,-1.97,-1.96,-1.72,-56.32,5.5,6.92,Fail (Down),-52.67,0.51,-53.35,0.02,42.88
SHANTIGEAR,Shanthi Gears Limited,1.27,2.35,10.61,25.74,1.92,2.46,2.06,-27.66,573.65,469.42,Pass (Up),23.13,0.45,-20.92,21.67,51.71
SHANTIGOLD,Shanti Gold International Limited,2.1,2.78,44.09,51.4,3.62,3.96,3.34,-36.23,303.55,217.43,Pass (Up),62.93,1.39,-6.8,72.75,53.94
SHARDACROP,Sharda Cropchem Limited,-1.84,-1.84,-11.65,-21.22,-1.98,-1.98,-1.93,-42.91,709.2,918.19,Fail (Down),10.57,1.16,-42.91,12.48,49.03
SHARDAMOTR,Sharda Motor Industries Limited,0.86,0.83,-10.28,9.05,0.88,0.87,0.86,-39.71,928.8,858.33,Pass (Up),8.78,1.38,-19.21,6.32,48.57
SHAREINDIA,Share India Securities Limited,2.08,4.28,53.84,34.87,2.78,3.88,3.28,-42.83,205.09,154.7,Pass (Up),71.24,1.39,-10.11,110.02,54.33
SHEKHAWATI,Shekhawati Industries Limited,3.04,4.93,43.27,117.77,7.41,8.36,6.58,-59.1,30.1,15.55,Pass (Up),61.07,0.26,-4.99,0.14,53.75
SHEMAROO,Shemaroo Entertainment Limited,0.31,0.39,3.43,9.23,0.62,0.65,0.54,-37.0,115.21,110.52,Pass (Up),27.59,1.45,-16.57,0.13,50.35
SHILCTECH,Shilchar Technologies Limited,-0.05,-0.01,-3.3,-3.32,-0.19,-0.17,-0.13,-30.1,4033.0,4093.87,Fail (Down),34.43,1.44,-23.86,9.92,49.66
SHILPAMED,Shilpa Medicare Limited,4.47,5.36,173.46,144.07,9.44,9.88,8.08,-33.23,1064.1,528.63,Pass (Up),120.87,0.91,-0.63,134.81,62.97
SHIVALIK,Shivalik Rasayan Limited,2.08,2.86,-10.08,45.79,3.33,3.72,3.17,-54.69,394.05,283.63,Pass (Up),14.21,1.15,-14.66,2.39,48.77
SHIVAMAUTO,Shivam Autotech Limited,-0.13,-0.14,-46.13,-13.79,-0.75,-0.76,-0.55,-57.96,17.07,18.84,Fail (Down),-37.07,1.48,-46.2,0.1,42.91
SHIVAMILLS,Shiva Mills Limited,0.15,0.2,-20.89,-1.31,0.01,0.03,0.07,-37.1,56.59,59.33,Fail (Down),-10.13,0.57,-20.89,0.01,47.5
SHIVATEX,Shiva Texyarn Limited,1.23,1.68,-6.33,14.2,1.32,1.55,1.44,-34.37,172.6,161.36,Pass (Up),5.92,0.64,-10.53,0.12,49.1
SHIVAUM,Shiv Aum Steels Limited,2.35,3.22,86.73,62.2,4.29,4.72,3.93,-22.34,554.6,363.1,Pass (Up),78.34,0.23,-0.46,2.35,58.54
SHK,S H Kelkar and Company Limited,0.26,0.39,-41.35,-6.8,-0.21,-0.14,-0.01,-52.96,137.86,146.07,Fail (Down),-25.92,1.85,-42.27,12.62,43.89
SHOPERSTOP,Shoppers Stop Limited,1.16,1.69,-22.28,14.82,1.32,1.59,1.45,-46.07,404.7,360.58,Pass (Up),-7.71,1.07,-23.99,9.77,46.52
SHRADHA,Shradha Realty Limited,-0.14,-0.18,-34.26,-11.06,-0.62,-0.64,-0.48,-45.87,29.89,34.81,Fail (Down),-18.18,1.0,-39.09,0.26,45.99
SHREDIGCEM,Shree Digvijay Cement Co.Ltd,-0.79,-0.78,-26.21,-12.81,-1.04,-1.03,-0.95,-39.83,66.69,72.56,Fail (Down),-15.57,1.04,-26.67,0.65,44.74
SHREECEM,SHREE CEMENT LIMITED,-1.71,-1.67,-24.84,-16.32,-1.67,-1.65,-1.67,-26.98,21900.0,25163.81,Fail (Down),-16.74,1.04,-26.63,69.82,44.78
SHREEJISPG,Shreeji Shipping Global Limited,3.93,3.76,219.7,99.84,6.95,6.87,5.89,-22.24,775.35,478.27,Pass (Up),139.57,1.09,0.0,66.83,62.64
SHREEPUSHK,Shree Pushkar Chemicals & Fertilisers Limited,1.54,1.75,10.83,26.52,2.09,2.2,1.98,-38.09,491.5,379.2,Pass (Up),30.58,0.99,-4.43,3.84,51.16
SHREERAMA,Shree Rama Multi-Tech Limited,-0.25,-0.27,-27.71,-14.49,-0.85,-0.86,-0.66,-45.24,43.16,48.57,Fail (Down),-3.77,1.68,-37.66,0.44,47.2
SHRENIK,Shrenik Limited,-2.86,-1.74,-49.09,-31.98,-3.03,-2.47,-2.6,-54.84,0.28,0.38,Fail (Down),-57.26,0.28,-54.84,0.01,41.92
SHREYANIND,Shreyans Industries Limited,-0.82,-0.79,-42.63,-16.54,-1.24,-1.22,-1.09,-45.87,126.29,148.02,Fail (Down),-43.26,0.69,-44.19,0.09,42.38
SHRINGARMS,Shringar House of Mangalsutra Limited,0.3,0.36,20.63,3.59,0.33,0.36,0.34,-36.27,221.31,216.92,Pass (Up),44.46,1.78,-15.49,11.95,51.98
SHRIPISTON,SPR Auto Technologies Limited,1.53,1.84,64.51,32.53,2.39,2.55,2.21,-20.92,4490.5,3637.37,Pass (Up),71.21,1.31,-5.45,32.14,55.75
SHRIRAMFIN,Shriram Finance Limited,-0.36,-0.3,47.39,-3.15,-0.34,-0.31,-0.32,-21.05,945.0,1004.89,Fail (Down),64.96,1.96,-17.18,484.52,54.0
SHRIRAMPPS,Shriram Properties Limited,-1.81,-1.62,-25.57,-20.03,-1.91,-1.81,-1.81,-35.92,67.36,80.86,Fail (Down),-7.76,1.64,-30.48,3.6,46.63
SHYAMCENT,Shyam Century Ferrous Limited,-0.49,-0.37,-28.57,-6.4,-0.56,-0.5,-0.5,-47.58,5.0,5.3,Fail (Down),-18.97,0.32,-28.77,0.04,46.3
SHYAMMETL,Shyam Metalics and Energy Limited,1.47,1.88,13.85,17.58,1.61,1.82,1.7,-21.56,1047.8,918.4,Pass (Up),26.36,0.94,-5.25,59.74,52.13
SHYAMTEL,Shyam Telecom Limited,-1.52,-1.28,-23.5,-20.3,-1.78,-1.65,-1.61,-58.8,10.32,14.04,Fail (Down),-4.97,0.25,-58.8,0.01,48.34
SICALLOG,Sical Logistics Limited,0.41,0.46,-16.2,8.45,0.63,0.65,0.57,-39.38,87.08,84.26,Pass (Up),-1.84,0.46,-25.83,0.52,48.31
SIEMENS,Siemens Limited,1.25,1.4,22.46,16.28,1.44,1.51,1.42,-15.28,3804.0,3505.15,Pass (Up),36.28,1.13,-7.54,134.35,52.97
SIGACHI,Sigachi Industries Limited,1.25,1.28,-28.17,22.34,1.74,1.76,1.59,-57.83,28.34,24.77,Pass (Up),-6.99,1.29,-29.13,10.67,46.24
SIGIND,Signet Industries Limited,1.92,2.5,29.99,39.38,2.93,3.22,2.79,-30.5,67.42,52.85,Pass (Up),49.83,1.32,-7.36,0.33,52.76
SIGMA,Sigma Solve Limited,0.73,1.22,-21.64,5.53,0.64,0.88,0.83,-42.35,44.91,44.42,Pass (Up),-1.56,0.9,-27.93,1.48,47.64
SIGMAADV,SIGMA ADVANCED SYSTEMS LIMITED,5.61,6.44,587.11,357.2,20.66,21.08,15.92,-34.98,1076.9,408.15,Pass (Up),224.26,1.05,0.0,23.51,66.28
SIGNATURE,Signatureglobal (India) Limited,-0.38,-0.39,-29.52,-13.97,-0.89,-0.89,-0.72,-37.71,737.45,858.23,Fail (Down),-18.02,1.16,-35.68,34.16,45.75
SIGNPOST,Signpost India Limited,-0.08,-0.05,-3.35,3.62,0.14,0.16,0.08,-26.15,259.4,255.48,Pass (Up),15.8,0.85,-20.5,5.73,49.65
SIKKO,Sikko Industries Limited,2.22,3.54,40.71,48.51,3.53,4.2,3.54,-41.55,6.22,4.75,Pass (Up),58.09,0.85,-4.75,0.47,53.01
SIL,Standard Industries Limited,0.53,0.66,-11.35,3.24,0.42,0.49,0.5,-36.46,15.83,15.77,Pass (Up),3.07,0.74,-24.29,0.19,48.59
SILGO,Silgo Retail Limited,-0.53,-0.56,1.12,-5.2,-0.52,-0.54,-0.54,-18.2,70.17,74.07,Fail (Down),11.31,0.47,-15.97,1.01,50.14
SILINV,SIL Investments Limited,0.08,0.13,-30.92,-4.72,-0.19,-0.17,-0.09,-46.76,424.55,442.91,Fail (Down),-23.01,1.05,-40.4,0.1,44.25
SILVERTUC,Silver Touch Technologies Limited,-0.62,-0.66,-80.37,-12.73,-0.95,-0.97,-0.85,-90.53,138.68,195.73,Fail (Down),-4.24,0.59,-87.34,9.71,39.78
SIMBHALS,Simbhaoli Sugars Limited,-0.59,-0.59,-50.62,-18.17,-1.2,-1.2,-1.0,-54.88,6.72,8.17,Fail (Down),-60.62,0.35,-51.02,0.01,42.03
SIMPLEXINF,Simplex Infrastructures Limited,0.27,0.38,-13.38,8.83,0.58,0.63,0.51,-54.76,245.01,233.68,Pass (Up),17.01,1.79,-21.0,2.95,48.68
SINCLAIR,Sinclairs Hotels Limited,0.14,0.19,-21.2,-1.99,-0.03,-0.0,0.05,-28.88,76.71,76.98,Fail (Down),-14.46,0.66,-21.91,0.23,45.93
SINDHUTRAD,Sindhu Trade Links Limited,-0.77,-0.88,-21.23,-7.01,-0.73,-0.79,-0.78,-36.5,22.23,23.67,Fail (Down),-2.18,1.26,-21.23,4.36,47.32
SINTERCOM,Sintercom India Limited,0.07,0.08,-38.76,-8.86,-0.41,-0.4,-0.24,-43.76,75.87,82.75,Fail (Down),-33.07,0.6,-38.76,0.25,45.06
SIRCA,Sirca Paints India Limited,-0.09,-0.09,-16.27,-6.24,-0.36,-0.36,-0.27,-26.86,401.55,433.79,Fail (Down),-3.68,1.11,-24.52,14.31,47.18
SIS,SIS LIMITED,0.84,1.01,20.67,19.05,1.37,1.46,1.25,-24.29,412.85,371.92,Pass (Up),30.3,0.66,-6.49,10.22,52.98
SITINET,Siti Networks Limited,-1.54,-0.94,-42.55,-20.4,-1.79,-1.49,-1.51,-43.75,0.27,0.33,Fail (Down),-49.25,0.23,-43.75,0.02,41.94
SIYSIL,Siyaram Silk Mills Limited,-0.73,-0.72,-16.27,-10.48,-0.89,-0.88,-0.83,-46.68,531.55,571.53,Fail (Down),3.49,1.44,-33.99,2.93,48.11
SJS,S.J.S. Enterprises Limited,0.87,0.95,43.43,18.1,1.34,1.38,1.21,-20.22,2159.8,1988.87,Pass (Up),56.92,1.36,-15.69,36.39,53.87
SJVN,SJVN Limited,-2.85,-2.6,-34.99,-22.07,-2.53,-2.4,-2.55,-35.36,57.91,71.08,Fail (Down),-27.47,1.22,-35.36,13.2,43.84
SKFINDIA,SKF India Limited,-0.97,-1.02,-68.83,-15.94,-1.28,-1.31,-1.19,-71.77,1450.2,1614.42,Fail (Down),-85.66,0.5,-70.34,12.25,30.21
SKFINDUS,SKF India (Industrial) Limited,0.39,0.51,2.66,7.39,0.57,0.63,0.55,-25.09,2734.2,2517.53,Pass (Up),16.0,0.38,-10.73,20.21,50.43
SKIL,SKIL Infrastructure Limited,0.4,0.19,-34.01,-4.29,-0.01,-0.12,0.05,-44.22,0.97,1.01,Fail (Down),-37.39,0.08,-34.01,0.0,38.53
SKIPPER,Skipper Limited,0.79,0.95,2.82,19.58,1.38,1.46,1.24,-37.24,541.2,468.1,Pass (Up),25.63,1.52,-10.5,53.82,50.33
SKMEGGPROD,SKM Egg Products Export (India) Limited,-0.59,-0.55,34.35,-4.59,-0.52,-0.5,-0.53,-42.83,205.29,214.94,Fail (Down),58.72,1.27,-42.83,15.22,51.88
SKYGOLD,SKY GOLD AND DIAMONDS LIMITED,3.16,3.77,192.97,98.24,6.49,6.8,5.59,-19.2,810.65,509.28,Pass (Up),134.95,1.34,-4.42,81.47,60.13
SMARTLINK,Smartlink Holdings Limited,1.91,2.36,48.64,50.48,3.48,3.71,3.11,-30.61,212.1,160.72,Pass (Up),59.26,0.77,-9.13,0.16,54.26
SMARTWORKS,Smartworks Coworking Spaces Limited,1.08,1.33,-8.95,11.04,1.09,1.22,1.17,-38.61,510.65,462.2,Pass (Up),6.78,1.08,-15.82,6.42,48.74
SMCGLOBAL,SMC Global Securities Limited,2.32,2.98,44.9,42.25,3.27,3.6,3.17,-39.19,99.06,74.69,Pass (Up),64.04,1.46,0.0,21.17,54.09
SMLMAH,SML Mahindra Limited,2.05,3.32,100.39,59.65,4.01,4.64,3.78,-31.77,6251.0,4425.14,Pass (Up),104.3,1.6,-8.42,88.67,55.32
SMLT,Sarthak Metals Limited,0.42,0.72,-29.79,0.76,0.25,0.4,0.4,-48.51,74.18,71.3,Pass (Up),-15.4,0.92,-33.46,0.06,45.7
SMSPHARMA,SMS Pharmaceuticals Limited,1.21,1.34,82.85,29.22,2.07,2.13,1.83,-19.31,471.3,377.79,Pass (Up),85.69,1.26,-2.49,27.33,55.68
SNOWMAN,Snowman Logistics Limited,-0.77,-0.87,-35.82,-13.15,-1.04,-1.09,-0.98,-43.1,34.11,38.04,Fail (Down),-23.04,1.65,-36.77,0.74,43.86
SOBHA,Sobha Limited,-1.54,-1.56,-19.59,-13.53,-1.45,-1.45,-1.48,-32.0,1213.1,1371.25,Fail (Down),-7.24,1.09,-28.4,20.85,47.03
SOFTTECH,Softtech Engineers Limited,1.83,2.15,29.75,37.18,2.77,2.93,2.57,-42.87,474.3,371.2,Pass (Up),43.59,0.75,-9.78,0.23,52.94
SOLARA,Solara Active Pharma Sciences Limited,1.68,2.48,18.09,31.78,2.43,2.83,2.45,-32.66,714.85,547.53,Pass (Up),34.41,0.77,-5.1,31.58,52.17
SOLARINDS,Solar Industries India Limited,1.37,1.32,45.14,31.55,2.26,2.24,1.95,-20.3,19400.0,16327.92,Pass (Up),53.44,0.9,-13.6,350.05,54.74
SOLARWORLD,Solarworld Energy Solutions Limited,-3.08,-2.94,-62.23,-41.87,-3.63,-3.56,-3.4,-62.9,125.55,195.19,Fail (Down),-73.2,1.48,-62.9,5.75,41.31
SOLEX,Solex Energy Limited,-2.65,-2.77,-60.37,-41.16,-3.38,-3.44,-3.18,-65.68,670.95,1035.05,Fail (Down),-64.69,1.52,-64.99,4.63,43.49
SOMANYCERA,Somany Ceramics Limited,2.15,2.62,35.8,39.12,3.03,3.27,2.9,-26.93,614.2,466.53,Pass (Up),47.85,1.05,-0.94,9.03,54.62
SOMATEX,Soma Textiles & Industries Limited,-0.93,-1.12,4.47,-25.48,-1.74,-1.83,-1.53,-50.44,75.76,102.48,Fail (Down),26.23,0.9,-50.44,0.15,50.23
SOMICONVEY,Somi Conveyor Beltings Limited,-1.03,-1.25,-37.95,-21.99,-1.62,-1.73,-1.5,-47.89,83.73,103.42,Fail (Down),-21.71,1.27,-47.49,0.33,45.75
SONACOMS,Sona BLW Precision Forgings Limited,2.71,3.29,95.76,46.24,3.67,3.96,3.54,-13.15,805.0,614.61,Pass (Up),85.61,1.23,-3.36,187.53,59.16
SONAMLTD,SONAM LIMITED,1.64,2.37,54.45,39.69,2.8,3.17,2.66,-18.09,68.95,53.06,Pass (Up),60.21,0.54,-11.4,0.85,54.76
SONATSOFTW,Sonata Software Limited,-0.12,-0.12,-25.2,-9.82,-0.55,-0.55,-0.41,-46.22,254.05,284.04,Fail (Down),-4.61,1.51,-33.68,60.85,47.12
SOTL,Savita Oil Technologies Limited,2.2,3.0,81.98,74.59,4.83,5.23,4.22,-29.05,729.5,484.11,Pass (Up),85.53,1.28,-6.03,58.71,56.47
SOUTHBANK,The South Indian Bank Limited,1.05,1.11,63.11,18.83,1.47,1.5,1.35,-26.89,47.44,42.31,Pass (Up),72.42,1.36,-5.03,61.66,55.16
SOUTHWEST,South West Pinnacle Exploration Limited,-0.84,-0.89,37.77,-9.31,-0.88,-0.91,-0.89,-32.49,181.7,215.98,Fail (Down),55.49,0.8,-32.49,6.2,51.81
SPAL,S. P. Apparels Limited,0.15,0.35,29.95,10.25,0.59,0.69,0.51,-26.29,935.6,842.89,Pass (Up),47.1,0.84,-20.39,10.63,52.36
SPANDANA,Spandana Sphoorty Financial Limited,-1.39,-1.22,-14.71,-15.91,-1.49,-1.4,-1.4,-34.85,216.34,248.13,Fail (Down),7.21,1.51,-30.34,6.14,48.46
SPARC,Sun Pharma Advanced Research Company Limited,-0.26,0.05,46.9,15.23,0.63,0.79,0.44,-33.14,194.13,174.19,Pass (Up),73.39,1.85,-30.06,30.24,53.14
SPCENET,Spacenet Enterprises India Limited,-0.65,-0.68,-57.25,-22.4,-1.45,-1.46,-1.19,-72.45,3.24,4.24,Fail (Down),-57.8,1.53,-70.36,0.25,43.54
SPECIALITY,Speciality Restaurants Limited,1.71,2.04,9.56,35.88,2.65,2.81,2.45,-43.33,153.5,116.47,Pass (Up),30.9,1.14,-2.5,0.95,51.03
SPECTRUM,Spectrum Electrical Industries Limited,3.72,4.5,184.13,156.03,9.66,10.05,7.94,-31.84,3853.4,1728.77,Pass (Up),122.91,-0.09,0.0,7.13,60.63
SPENCERS,Spencer's Retail Limited,-2.52,-2.3,-53.14,-28.04,-2.66,-2.55,-2.54,-58.4,26.24,34.05,Fail (Down),-52.42,1.38,-55.59,0.13,42.21
SPIC,Southern Petrochemicals Industries Corporation  Limited,-0.63,-0.63,-30.41,-11.27,-0.88,-0.88,-0.8,-42.43,62.23,67.57,Fail (Down),-15.29,1.64,-33.41,2.44,45.24
SPLIL,SPL Industries Limited,-0.12,-0.14,-26.34,-5.99,-0.36,-0.37,-0.29,-51.24,28.5,30.6,Fail (Down),-9.54,1.01,-35.36,0.03,47.18
SPLPETRO,Supreme Petrochem Limited,0.81,1.0,-3.58,8.81,0.84,0.94,0.9,-40.61,780.45,693.98,Pass (Up),11.42,0.7,-11.53,20.66,49.54
SPMLINFRA,SPML Infra Limited,-1.23,-1.36,-33.41,-17.09,-1.47,-1.54,-1.43,-37.88,159.31,186.83,Fail (Down),-14.29,1.57,-35.62,3.74,46.37
SPORTKING,Sportking India Limited,1.92,2.38,106.33,62.21,4.07,4.3,3.5,-24.28,208.54,153.42,Pass (Up),100.47,1.56,-9.17,14.15,56.9
SRD,Shankar Lal Rampal Dye-Chem Limited,-0.8,-0.92,-41.84,-19.08,-1.35,-1.41,-1.21,-50.35,38.08,46.12,Fail (Down),-36.09,0.94,-48.33,0.15,44.58
SREEL,Sreeleathers Limited,1.88,2.5,29.2,43.32,3.11,3.41,2.9,-28.75,292.6,215.79,Pass (Up),39.7,0.62,-20.7,1.2,53.86
SRF,SRF Limited,-0.76,-0.66,-14.16,-8.96,-0.83,-0.78,-0.77,-24.89,2486.2,2683.64,Fail (Down),-0.82,1.09,-21.77,95.68,47.67
SRGHFL,SRG Housing Finance Limited,-2.43,-1.95,-55.91,-53.4,-3.89,-3.64,-3.24,-60.5,135.77,266.84,Fail (Down),-67.93,0.29,-57.57,0.33,43.29
SRHHYPOLTD,Sree Rayalaseema Hi-Strength Hypo Limited,0.93,1.32,-4.69,12.69,1.1,1.3,1.17,-33.92,543.6,489.01,Pass (Up),14.45,1.24,-13.4,1.37,49.33
SRM,SRM Contractors Limited,-1.39,-1.44,-26.23,-16.41,-1.52,-1.54,-1.49,-41.07,398.75,472.85,Fail (Down),-9.86,1.22,-37.12,3.67,47.14
SSDL,Saraswati Saree Depot Limited,0.95,1.56,-18.86,14.67,1.21,1.51,1.32,-46.84,69.39,60.22,Pass (Up),1.62,1.13,-18.88,0.69,47.12
SSWL,Steel Strips Wheels Limited,3.22,4.07,71.4,77.8,5.5,5.93,5.02,-26.8,390.8,242.64,Pass (Up),76.81,1.33,-4.24,60.9,57.42
STALLION,Stallion India Fluorochemicals Limited,1.42,1.9,-14.26,28.74,2.15,2.39,2.06,-75.42,231.81,185.93,Pass (Up),28.29,1.91,-44.05,46.12,48.99
STANLEY,Stanley Lifestyles Limited,-0.78,-0.79,-53.41,-14.2,-1.1,-1.1,-1.0,-58.87,136.22,157.27,Fail (Down),-54.91,1.45,-54.71,1.69,40.12
STAR,Strides Pharma Science Limited,0.41,0.45,33.05,10.05,0.71,0.73,0.62,-19.74,1084.8,1006.34,Pass (Up),43.1,0.66,-12.17,39.05,53.26
STARCEMENT,Star Cement Limited,-1.86,-1.77,-29.11,-17.07,-1.78,-1.74,-1.78,-33.03,178.39,209.71,Fail (Down),-26.65,0.63,-32.92,4.72,43.81
STARHEALTH,Star Health and Allied Insurance Company Limited,0.21,0.32,17.5,5.95,0.4,0.46,0.37,-18.62,537.7,516.33,Pass (Up),23.34,0.42,-11.91,37.3,52.87
STARPAPER,Star Paper Mills Limited,0.82,1.07,-8.73,5.8,0.7,0.83,0.83,-31.07,151.81,143.52,Pass (Up),1.85,0.77,-11.79,0.28,48.32
STARTECK,Starteck Finance Limited,0.52,0.74,-6.23,7.75,0.65,0.76,0.68,-32.59,290.95,263.17,Pass (Up),7.28,0.62,-13.25,0.17,49.03
STCINDIA,The State Trading Corporation of India Limited,-1.34,-1.37,-20.21,-11.63,-1.25,-1.27,-1.29,-29.12,105.96,118.24,Fail (Down),-0.09,1.53,-26.97,0.38,47.36
STEELCAS,Steelcast Limited,1.58,1.96,67.49,40.59,2.82,3.01,2.53,-20.51,356.45,275.05,Pass (Up),73.48,1.07,-5.5,5.29,55.3
STEELCITY,Steel City Securities Limited,0.17,0.3,-17.65,-2.02,-0.01,0.05,0.09,-27.87,80.11,80.83,Fail (Down),-8.84,0.65,-17.8,0.19,46.74
STEELXIND,STEEL EXCHANGE INDIA LIMITED,0.21,0.34,9.25,7.84,0.49,0.56,0.44,-34.67,11.22,10.09,Pass (Up),30.91,1.29,-16.21,5.8,51.02
STEL,Stel Holdings Limited,0.67,0.76,30.56,13.93,1.03,1.08,0.94,-36.54,574.15,518.12,Pass (Up),50.03,1.07,-13.47,0.27,52.39
STERTOOLS,Sterling Tools Limited,-0.24,-0.23,-28.12,-6.49,-0.45,-0.44,-0.37,-49.78,224.28,231.05,Fail (Down),-4.83,1.77,-29.21,0.54,46.47
STLNETWORK,STL Networks Limited,3.66,4.33,57.95,105.37,7.1,7.43,6.18,-46.81,47.18,25.8,Pass (Up),71.65,1.1,-13.61,16.04,55.49
STLTECH,Sterlite Technologies Limited,4.72,5.22,685.84,374.62,21.09,21.34,15.8,-30.01,955.35,408.43,Pass (Up),243.92,1.37,0.0,137.53,65.12
STOVEKRAFT,Stove Kraft Limited,1.43,1.95,22.94,26.95,2.06,2.32,2.02,-42.45,809.15,636.02,Pass (Up),35.84,0.56,-4.72,16.63,52.52
STUDDS,Studds Accessories Limited,-1.26,-1.62,-28.16,-16.45,-1.45,-1.63,-1.51,-31.0,399.85,471.81,Fail (Down),-21.34,0.8,-29.95,2.73,44.5
STYL,Seshaasai Technologies Limited,1.3,1.38,-14.2,22.21,1.76,1.8,1.63,-50.35,366.0,296.97,Pass (Up),2.99,0.96,-14.2,7.54,48.03
STYLAMIND,Stylam Industries Limited,1.2,1.53,93.13,33.62,2.28,2.45,2.03,-14.67,3219.9,2754.44,Pass (Up),77.06,0.38,-13.82,29.3,58.15
STYLEBAAZA,Baazar Style Retail Limited,1.14,1.32,-2.32,20.86,1.61,1.7,1.52,-37.11,368.35,327.57,Pass (Up),26.18,1.25,-16.21,40.38,49.8
STYRENIX,Styrenix Performance Materials Limited,-0.19,-0.16,-11.72,-1.56,-0.17,-0.16,-0.17,-29.18,2055.0,2094.98,Fail (Down),-0.39,0.78,-18.22,13.76,48.24
SUBEXLTD,Subex Limited,2.6,4.13,55.09,77.78,5.19,5.95,4.84,-52.86,19.34,11.99,Pass (Up),76.91,1.68,-12.41,15.13,54.47
SUBROS,Subros Limited,-1.3,-1.33,-36.94,-16.04,-1.45,-1.47,-1.41,-45.43,684.9,764.59,Fail (Down),-24.11,1.57,-40.91,3.39,44.38
SUDARCOLOR,Sudarshan Colorants India Limited,0.24,0.39,-30.91,-2.26,0.01,0.08,0.13,-49.69,368.1,374.08,Fail (Down),-19.36,1.12,-31.97,0.46,44.76
SUDARSCHEM,Sudarshan Chemical Industries Limited,2.23,2.58,-7.34,38.27,3.03,3.2,2.88,-44.45,1241.5,966.71,Pass (Up),12.07,1.25,-7.34,45.37,48.89
SUDEEPPHRM,Sudeep Pharma Limited,2.86,3.42,55.26,73.62,5.11,5.39,4.55,-31.54,1199.8,785.78,Pass (Up),81.45,0.93,-10.74,28.97,55.9
SUKHJITS,Sukhjit Starch & Chemicals Limited,-0.91,-0.84,-7.0,-12.34,-1.07,-1.04,-1.0,-35.08,150.93,170.46,Fail (Down),10.5,0.84,-29.89,0.32,49.31
SULA,Sula Vineyards Limited,-1.7,-1.81,-49.79,-23.94,-2.05,-2.1,-1.97,-49.79,130.94,164.35,Fail (Down),-53.52,1.26,-49.79,6.48,39.1
SUMEETINDS,Sumeet Industries Limited,-4.82,-4.06,-71.37,-66.51,-5.73,-5.36,-5.18,-76.02,10.38,25.01,Fail (Down),-103.91,0.83,-73.38,8.66,43.07
SUMICHEM,Sumitomo Chemical India Limited,-0.56,-0.63,-23.06,-8.47,-0.7,-0.74,-0.68,-33.01,417.6,456.31,Fail (Down),-9.13,1.2,-26.08,25.45,46.59
SUMIT,Sumit Woods Limited,0.23,0.21,-49.32,-9.36,-0.35,-0.36,-0.16,-67.71,47.76,49.51,Fail (Down),-42.03,1.08,-52.24,0.2,43.37
SUMMITSEC,Summit Securities Limited,-2.01,-1.99,-40.88,-21.07,-2.06,-2.05,-2.04,-45.79,1315.5,1591.0,Fail (Down),-33.64,1.53,-45.79,0.51,42.92
SUNCLAY,Sundaram Clayton Limited,-0.78,-0.71,-29.68,-11.41,-0.96,-0.92,-0.88,-33.4,1183.0,1310.63,Fail (Down),-18.71,1.11,-30.28,1.01,45.44
SUNDARAM,Sundaram Multi Pap Limited,-1.27,-1.31,-43.46,-23.41,-1.81,-1.83,-1.64,-49.51,1.08,1.4,Fail (Down),-37.56,1.25,-47.57,0.07,43.38
SUNDARMFIN,Sundaram Finance Limited,-0.48,-0.49,1.08,-9.33,-0.7,-0.71,-0.63,-27.1,4395.9,4757.49,Fail (Down),14.25,0.98,-20.83,25.55,50.15
SUNDRMBRAK,Sundaram Brake Linings Limited,-0.41,-0.3,-10.78,-3.19,-0.36,-0.31,-0.34,-42.37,669.95,684.03,Fail (Down),8.31,1.06,-25.54,0.13,48.73
SUNDRMFAST,Sundram Fasteners Limited,2.25,3.14,12.19,26.82,2.47,2.91,2.69,-26.67,1123.6,948.66,Pass (Up),22.32,0.73,-11.53,24.52,52.1
SUNDROP,Sundrop Brands Limited,1.71,2.42,-5.03,16.2,1.66,2.02,1.92,-30.74,753.15,659.13,Pass (Up),3.46,0.5,-6.99,2.13,49.06
SUNFLAG,Sunflag Iron And Steel Company Limited,2.23,2.9,63.5,54.78,3.86,4.19,3.54,-29.29,433.5,309.97,Pass (Up),76.39,1.63,-6.63,14.48,55.49
SUNPHARMA,Sun Pharmaceutical Industries Limited,-0.16,-0.16,11.08,1.59,0.0,0.0,-0.05,-13.23,1801.0,1804.01,Fail (Down),17.08,0.46,-10.0,372.21,52.36
SUNTECK,Sunteck Realty Limited,-1.25,-1.21,-35.58,-19.75,-1.61,-1.59,-1.48,-40.99,279.45,333.15,Fail (Down),-19.4,1.86,-39.31,7.99,45.15
SUNTV,Sun TV Network Limited,0.99,1.59,1.84,9.16,0.95,1.25,1.17,-30.42,599.9,533.9,Pass (Up),12.31,0.48,-7.1,68.03,50.27
SUPERHOUSE,Superhouse Limited,0.34,0.45,-12.74,1.44,0.24,0.29,0.31,-26.85,154.66,155.43,Fail (Down),4.18,1.17,-14.1,0.26,48.15
SUPERSPIN,Super Spinning Mills Limited,2.38,2.46,-19.33,32.83,2.83,2.87,2.71,-59.98,7.51,6.19,Pass (Up),0.26,1.15,-22.34,0.02,47.33
SUPRAJIT,Suprajit Engineering Limited,0.55,0.52,4.47,6.32,0.59,0.58,0.57,-16.36,481.05,456.76,Pass (Up),17.24,0.84,-9.09,6.56,50.63
SUPREME,Supreme Holdings & Hospitality (India) Limited,-3.38,-3.16,-65.03,-43.28,-3.85,-3.74,-3.62,-69.21,31.08,51.08,Fail (Down),-82.05,1.29,-67.85,0.15,40.48
SUPREMEENG,Supreme Engineering Limited,20.88,9.11,393.02,257.82,23.33,17.44,18.59,-44.81,4.24,1.61,Pass (Up),177.63,0.31,0.0,0.1,70.61
SUPREMEIND,Supreme Industries Limited,0.06,0.1,-18.53,-3.13,-0.13,-0.11,-0.05,-25.21,3380.0,3558.13,Fail (Down),-9.18,0.83,-19.94,63.82,46.72
SUPREMEINF,Supreme Infrastructure India Limited,-0.58,-0.67,-37.08,-15.55,-1.07,-1.11,-0.94,-47.2,66.94,80.78,Fail (Down),-31.23,0.5,-39.24,1.03,45.77
SUPRIYA,Supriya Lifescience Limited,1.13,1.29,27.1,26.03,1.87,1.95,1.67,-31.06,931.0,774.95,Pass (Up),43.03,0.74,-11.44,28.27,52.52
SURAJEST,Suraj Estate Developers Limited,-0.07,-0.06,-28.91,-7.02,-0.38,-0.38,-0.28,-44.15,200.15,212.95,Fail (Down),-11.56,1.48,-33.74,3.49,46.14
SURAJLTD,Suraj Limited,-1.43,-1.39,-39.29,-22.07,-1.82,-1.8,-1.68,-43.67,193.51,228.05,Fail (Down),-33.28,0.82,-43.56,0.04,44.51
SURAKSHA,Suraksha Diagnostic Limited,1.95,3.07,17.7,31.48,2.55,3.11,2.72,-29.82,350.15,282.65,Pass (Up),26.82,0.45,-1.64,5.22,52.52
SURANASOL,Surana Solar Limited,-0.31,-0.37,-24.98,-4.52,-0.38,-0.41,-0.38,-43.71,24.15,25.45,Fail (Down),-10.55,1.13,-27.61,0.16,46.22
SURANAT&P,Surana Telecom and Power Limited,-1.68,-1.61,-27.4,-18.05,-1.74,-1.71,-1.7,-32.59,15.98,18.02,Fail (Down),-18.18,0.89,-31.48,0.11,45.96
SURYALAXMI,Suryalakshmi Cotton Mills Limited,0.14,0.17,-11.14,-2.22,-0.04,-0.03,0.03,-31.99,56.07,57.48,Fail (Down),9.42,1.28,-11.55,0.03,48.77
SURYAROSNI,Surya Roshni Limited,-1.01,-0.88,-21.45,-11.06,-1.06,-0.99,-1.0,-37.86,220.67,236.33,Fail (Down),-6.95,1.08,-26.25,13.09,46.93
SURYODAY,Suryoday Small Finance Bank Limited,-0.55,-0.52,-6.99,-3.62,-0.46,-0.44,-0.48,-26.12,143.55,150.24,Fail (Down),7.49,0.7,-26.12,36.44,49.2
SUTLEJTEX,Sutlej Textiles and Industries Limited,0.35,0.4,6.28,9.51,0.65,0.68,0.57,-32.57,36.24,34.8,Pass (Up),26.87,1.27,-11.37,0.12,50.71
SUVEN,Suven Life Sciences Limited,1.13,1.55,48.9,45.63,2.85,3.06,2.42,-39.52,308.3,239.37,Pass (Up),70.61,1.38,-21.36,29.02,53.45
SUVIDHAA,Suvidhaa Infoserve Limited,-1.17,-1.29,-49.88,-27.67,-1.97,-2.03,-1.74,-50.12,2.07,2.8,Fail (Down),-49.3,1.12,-49.88,0.03,42.11
SUYOG,Suyog Telematics Limited,-0.89,-0.94,-16.44,-7.72,-0.83,-0.86,-0.87,-35.27,689.9,720.36,Fail (Down),-0.26,0.9,-23.35,2.31,48.07
SUZLON,Suzlon Energy Limited,-2.29,-1.97,-29.49,-23.6,-2.32,-2.17,-2.21,-35.14,38.91,49.19,Fail (Down),-17.87,1.31,-35.14,257.68,45.58
SVLL,Shree Vasu Logistics Limited,1.46,1.69,1.74,23.17,1.89,2.0,1.82,-40.39,786.75,666.81,Pass (Up),15.01,0.34,-9.32,1.12,50.2
SVPGLOB,SVP GLOBAL TEXTILES LIMITED,-0.79,-0.69,-11.93,-4.5,-0.62,-0.57,-0.64,-67.49,3.1,3.53,Fail (Down),10.7,0.87,-55.01,0.01,49.13
SWANCORP,SWAN CORP LIMITED,-2.03,-2.22,-41.13,-24.49,-2.24,-2.33,-2.23,-43.17,272.8,345.55,Fail (Down),-37.12,1.16,-43.17,52.07,43.28
SWANDEF,Swan Defence and Heavy Industries Limited,2.68,2.95,348.58,79.2,5.3,5.43,4.51,-33.95,2718.2,2049.92,Pass (Up),164.32,0.25,-2.09,5.43,63.22
SWARAJ,Swaraj Suiting Limited,1.63,1.94,127.51,38.45,2.74,2.89,2.47,-29.19,377.55,296.33,Pass (Up),99.87,0.65,-2.84,5.97,58.38
SWARAJENG,Swaraj Engines Limited,-0.91,-0.94,-11.85,-3.43,-0.63,-0.64,-0.73,-24.13,3542.7,3605.83,Fail (Down),-2.55,0.8,-16.53,3.69,47.45
SWELECTES,Swelect Energy Systems Limited,-0.1,-0.08,-33.38,-2.51,-0.17,-0.16,-0.14,-46.86,592.9,596.45,Fail (Down),-24.28,1.0,-36.17,1.55,44.91
SWIGGY,Swiggy Limited,-0.65,-0.72,-43.03,-20.54,-1.35,-1.39,-1.14,-46.92,238.0,289.87,Fail (Down),-39.37,1.16,-46.92,613.41,43.63
SWSOLAR,Sterling and Wilson Renewable Energy Limited,-2.21,-1.9,-32.71,-22.81,-2.24,-2.09,-2.13,-40.45,164.82,200.08,Fail (Down),-13.86,1.81,-34.07,25.62,46.04
SYMPHONY,Symphony Limited,-1.93,-2.08,-36.59,-24.86,-2.21,-2.28,-2.17,-40.2,571.7,739.39,Fail (Down),-31.96,1.02,-39.79,10.09,43.86
SYNCOMF,Syncom Formulations (India) Limited,2.71,4.19,46.73,72.41,4.98,5.72,4.72,-39.77,23.96,14.49,Pass (Up),63.07,1.36,-8.48,31.82,55.12
SYNGENE,Syngene International Limited,-1.75,-1.74,-42.63,-21.83,-1.96,-1.96,-1.89,-45.42,361.3,451.77,Fail (Down),-43.88,0.81,-45.42,40.64,42.18
SYRMA,Syrma SGS Technology Limited,2.64,3.31,113.86,79.55,5.3,5.63,4.64,-29.12,1717.9,1108.84,Pass (Up),100.44,1.32,-3.65,280.21,58.59
SYSTMTXC,Systematix Corporate Services Limited,0.65,0.88,-47.08,-3.9,0.13,0.24,0.38,-68.79,73.96,75.99,Fail (Down),-40.89,1.26,-56.15,0.07,42.94
TAINWALCHM,Tainwala Chemical and Plastic (I) Limited,0.59,0.88,-2.93,7.32,0.66,0.8,0.73,-25.58,203.29,195.27,Pass (Up),20.42,1.0,-11.06,0.27,49.69
TAJGVK,Taj GVK Hotels & Resorts Limited,-0.66,-0.71,-24.0,-10.86,-0.87,-0.9,-0.82,-34.28,314.9,344.56,Fail (Down),-11.75,1.15,-26.94,3.72,46.34
TAKE,TAKE Limited,-3.46,-3.0,4.89,-53.9,-4.42,-4.2,-3.95,-74.77,12.65,31.88,Fail (Down),23.62,0.47,-74.77,1.18,50.15
TALBROAUTO,Talbros Automotive Components Limited,1.41,1.87,40.23,35.92,2.5,2.73,2.29,-26.44,419.7,334.68,Pass (Up),50.02,0.74,-11.96,10.61,54.07
TANLA,Tanla Platforms Limited,-0.15,-0.13,-27.85,-6.03,-0.37,-0.37,-0.29,-47.37,487.75,508.79,Fail (Down),-9.3,1.48,-31.23,65.31,46.35
TARACHAND,Tara Chand InfraLogistic Solutions Limited,-1.29,-1.2,-32.39,-25.84,-1.94,-1.89,-1.69,-51.32,46.35,59.21,Fail (Down),-17.12,1.06,-50.92,0.5,46.82
TARAPUR,Tarapur Transformers Limited,-2.54,-2.35,-55.46,-44.41,-3.49,-3.4,-3.11,-69.06,12.2,21.54,Fail (Down),-58.94,0.98,-68.2,0.06,45.52
TARC,TARC Limited,-0.01,0.02,-20.9,-4.55,-0.23,-0.22,-0.15,-38.88,125.58,136.48,Fail (Down),-3.12,1.28,-31.22,22.13,47.44
TARIL,Transformers And Rectifiers (India) Limited,-0.85,-0.83,-42.7,-13.94,-1.12,-1.11,-1.02,-53.81,280.8,298.34,Fail (Down),-22.47,1.72,-43.46,70.88,44.7
TARMAT,Tarmat Limited,0.75,1.06,10.85,10.54,0.9,1.06,0.96,-32.72,57.23,53.49,Pass (Up),30.76,0.67,-19.55,0.33,51.0
TARSONS,Tarsons Products Limited,1.31,2.01,6.6,33.93,2.35,2.7,2.24,-46.13,329.4,247.49,Pass (Up),31.66,1.21,-8.88,20.38,50.78
TASTYBITE,Tasty Bite Eatables Limited,1.32,1.67,6.27,18.8,1.6,1.78,1.62,-29.65,9453.5,8164.59,Pass (Up),23.6,1.15,-9.03,7.71,50.94
TATACAP,Tata Capital Limited,-0.42,-0.4,-3.23,-6.83,-0.55,-0.54,-0.5,-17.63,319.3,340.33,Fail (Down),11.81,1.0,-16.57,56.33,49.48
TATACHEM,Tata Chemicals Limited,-0.43,-0.6,-32.74,-14.53,-0.94,-1.03,-0.83,-37.07,607.8,698.0,Fail (Down),-28.39,0.56,-33.41,110.15,44.21
TATACOMM,Tata Communications Limited,-0.36,-0.24,5.28,-0.5,-0.21,-0.14,-0.22,-31.62,1683.0,1697.24,Fail (Down),19.56,0.9,-18.37,46.99,50.65
TATACONSUM,TATA CONSUMER PRODUCTS LIMITED,-1.65,-1.66,-15.7,-13.96,-1.52,-1.53,-1.57,-24.66,957.0,1107.93,Fail (Down),-9.1,0.6,-24.07,136.57,47.06
TATAELXSI,Tata Elxsi Limited,-2.06,-1.91,-39.76,-27.51,-2.41,-2.33,-2.24,-46.28,3092.8,4215.59,Fail (Down),-37.1,1.01,-46.21,112.15,43.52
TATAINVEST,Tata Investment Corporation Limited,-0.34,-0.45,-41.57,-9.8,-0.66,-0.72,-0.59,-48.85,615.05,660.39,Fail (Down),-38.48,0.93,-41.57,68.18,42.49
TATAPOWER,Tata Power Company Limited,-0.96,-1.06,-9.93,-9.17,-0.94,-0.99,-0.98,-24.39,350.15,385.03,Fail (Down),-1.21,0.75,-23.71,153.69,48.03
TATASTEEL,Tata Steel Limited,-0.65,-0.71,8.45,-5.08,-0.58,-0.61,-0.62,-17.84,178.0,192.13,Fail (Down),22.27,1.09,-17.84,459.04,51.19
TATATECH,Tata Technologies Limited,0.59,0.68,2.77,8.3,0.71,0.75,0.7,-29.04,698.8,672.14,Pass (Up),18.04,1.02,-20.51,114.0,50.37
TATVA,Tatva Chintan Pharma Chem Limited,1.91,3.04,69.76,41.95,3.05,3.62,3.05,-33.76,1743.2,1359.6,Pass (Up),79.51,1.24,-3.5,26.61,54.56
TBOTEK,TBO Tek Limited,1.38,1.8,9.8,21.89,1.78,1.99,1.79,-41.18,1671.5,1430.3,Pass (Up),27.6,1.2,-4.22,36.94,51.21
TBZ,Tribhovandas Bhimji Zaveri Limited,4.39,6.11,238.85,269.72,15.68,16.54,12.49,-43.01,623.45,223.02,Pass (Up),158.99,1.34,-9.96,99.59,64.22
TCI,Transport Corporation of India Limited,-0.82,-0.92,-26.05,-13.35,-1.08,-1.13,-1.03,-33.63,877.1,953.83,Fail (Down),-17.93,0.89,-27.89,11.78,45.14
TCIEXP,TCI Express Limited,0.07,0.09,-30.21,-5.59,-0.25,-0.23,-0.13,-36.26,504.75,532.7,Fail (Down),-16.55,1.19,-30.21,12.28,45.47
TCIFINANCE,TCI Finance Limited,-0.8,-0.73,28.3,-8.65,-0.83,-0.8,-0.8,-65.79,14.69,16.93,Fail (Down),55.12,0.69,-59.9,0.03,51.26
TCPLPACK,TCPL Packaging Limited,1.8,2.95,16.16,41.91,3.0,3.57,2.98,-37.55,3927.1,2979.53,Pass (Up),36.0,1.11,-10.64,7.64,51.92
TCS,Tata Consultancy Services Limited,-0.57,-0.52,-25.84,-14.73,-1.02,-1.0,-0.85,-38.46,2075.0,2463.76,Fail (Down),-19.09,0.77,-35.24,797.71,45.47
TDPOWERSYS,TD Power Systems Limited,2.22,2.38,165.36,83.24,5.27,5.35,4.31,-24.22,792.15,544.25,Pass (Up),124.54,0.97,-1.58,185.38,57.35
TEAMGTY,Team India Guaranty Limited,-0.09,-0.11,-8.16,-5.72,-0.33,-0.34,-0.26,-30.99,235.1,251.36,Fail (Down),5.48,0.54,-24.65,0.08,49.14
TEAMLEASE,Teamlease Services Limited,-1.67,-1.48,-32.76,-14.93,-1.58,-1.48,-1.55,-39.32,1179.4,1329.27,Fail (Down),-30.42,0.71,-34.43,3.51,43.01
TECHM,Tech Mahindra Limited,0.89,1.03,12.24,5.61,0.73,0.8,0.83,-24.69,1533.0,1491.62,Pass (Up),20.99,0.56,-11.06,375.99,51.82
TECHNOE,Techno Electric & Engineering Company Limited,-0.29,-0.3,-24.86,-9.33,-0.61,-0.62,-0.51,-34.89,998.6,1064.2,Fail (Down),-7.24,1.48,-26.74,17.11,46.67
TECILCHEM,TECIL Chemicals and Hydro Power Limited,-0.66,-0.74,-49.2,-24.5,-1.55,-1.59,-1.28,-60.79,9.25,12.45,Fail (Down),-50.59,0.15,-56.78,0.03,45.27
TEGA,Tega Industries Limited,1.39,1.79,9.13,21.44,1.77,1.97,1.78,-26.19,2093.4,1731.06,Pass (Up),24.72,0.96,-1.67,76.53,51.27
TEJASNET,Tejas Networks Limited,-0.42,-0.44,-20.19,-5.88,-0.5,-0.51,-0.48,-50.77,464.8,473.11,Fail (Down),7.32,1.4,-26.5,159.55,47.96
TEMBO,Tembo Global Industries Limited,0.46,0.66,-2.52,0.53,0.26,0.36,0.39,-42.44,57.16,57.37,Fail (Down),17.71,1.11,-29.6,12.31,49.75
TENNIND,Tenneco Clean Air India Limited,-1.12,-1.13,0.94,-11.8,-1.15,-1.15,-1.14,-23.94,495.4,553.29,Fail (Down),25.01,1.03,-23.94,97.43,50.11
TERASOFT,Tera Software Limited,-3.1,-3.04,-56.36,-44.92,-3.79,-3.76,-3.54,-64.06,207.91,362.64,Fail (Down),-61.12,1.07,-63.94,0.81,44.97
TEXINFRA,Texmaco Infrastructure & Holdings Limited,1.01,1.2,25.52,14.32,1.22,1.32,1.22,-20.82,119.39,103.16,Pass (Up),31.09,0.43,-3.3,2.43,54.07
TEXMOPIPES,Texmo Pipes and Products Limited,1.24,2.1,-3.23,21.58,1.7,2.13,1.83,-40.92,53.7,46.3,Pass (Up),17.64,1.06,-13.72,0.89,49.59
TEXRAIL,Texmaco Rail & Engineering Limited,0.83,0.93,-8.7,9.97,0.91,0.96,0.92,-44.64,126.86,110.99,Pass (Up),18.24,1.85,-10.3,28.81,48.91
TFCILTD,Tourism Finance Corporation of India Limited,3.98,5.19,89.46,102.26,7.1,7.71,6.46,-27.06,138.79,85.39,Pass (Up),88.41,1.07,-5.4,166.99,58.37
TFL,Transwarranty Finance Limited,-0.07,-0.08,-14.35,-6.62,-0.37,-0.37,-0.27,-39.79,11.82,12.67,Fail (Down),10.19,0.97,-31.64,0.01,48.78
TGBHOTELS,TGB Banquets And Hotels Limited,0.58,0.69,-20.77,3.33,0.45,0.51,0.53,-38.88,9.42,9.26,Pass (Up),-9.46,0.72,-23.85,0.04,47.13
THANGAMAYL,Thangamayil Jewellery Limited,0.15,0.25,140.32,21.04,1.13,1.18,0.83,-35.46,4861.0,4516.35,Pass (Up),116.48,0.83,-33.5,109.67,54.99
THEINVEST,The Investment Trust Of India Limited,-0.63,-0.72,-37.36,-13.43,-0.99,-1.03,-0.9,-39.04,90.33,101.77,Fail (Down),-28.42,0.97,-39.04,0.05,44.77
THEJO,Thejo Engineering Limited,1.34,1.63,15.82,19.3,1.63,1.78,1.63,-22.61,2071.4,1811.45,Pass (Up),27.67,0.76,-6.64,1.96,52.05
THELEELA,Leela Palaces Hotels & Resorts Limited,1.86,2.48,31.76,25.93,2.23,2.54,2.31,-16.28,568.95,458.55,Pass (Up),39.0,0.61,-1.11,27.07,54.27
THEMISMED,Themis Medicare Limited,0.5,0.72,-15.11,11.26,0.82,0.92,0.78,-52.02,113.19,100.45,Pass (Up),10.5,1.39,-17.47,2.8,48.33
THERMAX,Thermax Limited,-1.43,-1.17,6.61,-8.01,-1.11,-0.99,-1.13,-35.95,3360.6,3791.8,Fail (Down),18.15,0.56,-34.6,96.16,50.69
THOMASCOOK,Thomas Cook  (India)  Limited,-0.3,-0.36,-36.35,-12.06,-0.75,-0.78,-0.62,-47.42,100.7,107.89,Fail (Down),-24.08,1.34,-39.56,15.95,44.83
THOMASCOTT,Thomas Scott (India) Limited,0.17,0.23,-12.95,-2.4,-0.03,-0.0,0.06,-48.38,300.2,291.55,Pass (Up),20.32,1.63,-33.72,2.66,48.93
THYROCARE,Thyrocare Technologies Limited,0.88,1.07,41.95,19.39,1.41,1.5,1.3,-34.13,533.6,480.19,Pass (Up),48.98,0.53,-17.83,42.29,53.44
TI,Tilaknagar Industries Limited,1.72,2.07,20.12,21.46,1.93,2.11,1.98,-26.38,542.55,464.43,Pass (Up),36.12,1.18,-9.8,47.6,52.34
TICL,Twamev Construction and Infrastructure Limited,-3.16,-2.98,-70.15,-55.82,-4.37,-4.28,-3.91,-83.37,7.79,18.36,Fail (Down),-107.76,0.12,-76.7,0.29,43.43
TIGERLOGS,Tiger Logistics (India) Limited,-1.43,-1.56,-44.49,-22.61,-1.85,-1.91,-1.75,-50.16,25.69,31.77,Fail (Down),-32.05,1.46,-46.42,0.44,44.93
TIIL,Technocraft Industries (India) Limited,1.49,1.96,29.02,23.3,1.91,2.14,1.93,-24.65,2893.8,2509.05,Pass (Up),43.51,1.02,-16.24,13.36,53.18
TIINDIA,Tube Investments of India Limited,-1.65,-1.83,-24.02,-17.17,-1.68,-1.77,-1.73,-31.98,2340.0,2744.07,Fail (Down),-11.93,1.1,-29.22,85.2,46.58
TIJARIA,Tijaria Polypipes Limited,1.63,2.19,6.09,45.02,3.07,3.35,2.77,-43.85,6.45,5.04,Pass (Up),31.73,0.21,-32.39,0.09,50.43
TIL,TIL Limited,0.9,1.05,-21.26,11.06,1.0,1.08,1.02,-50.87,250.05,222.99,Pass (Up),4.74,1.33,-24.89,24.97,47.61
TIMETECHNO,Time Technoplast Limited,0.3,0.34,-18.28,-2.07,0.05,0.07,0.14,-30.55,179.68,182.43,Fail (Down),-0.58,1.45,-18.96,65.91,47.4
TIMKEN,Timken India Limited,-0.42,-0.4,1.06,-4.45,-0.43,-0.42,-0.42,-18.42,3098.8,3289.1,Fail (Down),12.24,0.74,-17.67,14.18,50.15
TINNARUBR,Tinna Rubber and Infrastructure Limited,0.83,1.09,-2.39,19.22,1.37,1.51,1.28,-49.05,938.85,833.64,Pass (Up),21.05,1.28,-20.84,14.52,49.73
TIPSFILMS,Tips Films Limited,0.05,0.09,-27.44,-8.45,-0.4,-0.38,-0.23,-37.66,315.4,360.55,Fail (Down),-9.03,0.94,-30.14,0.74,47.05
TIPSMUSIC,Tips Music Limited,0.37,0.39,13.29,7.74,0.57,0.58,0.51,-15.59,644.2,607.82,Pass (Up),27.27,0.77,-9.74,37.35,51.5
TIRUMALCHM,Thirumalai Chemicals Limited,-1.29,-1.45,-49.07,-25.28,-1.91,-1.99,-1.76,-49.95,146.26,185.07,Fail (Down),-44.3,1.57,-49.26,9.45,42.79
TIRUPATIFL,Tirupati Forge Limited,1.73,2.33,110.24,59.49,3.84,4.14,3.34,-30.69,75.16,50.44,Pass (Up),99.72,0.79,-7.84,3.52,56.28
TITAGARH,TITAGARH RAIL SYSTEMS LIMITED,-0.11,-0.05,-8.73,-0.77,-0.09,-0.06,-0.08,-38.0,805.1,797.3,Pass (Up),11.38,1.49,-13.57,39.71,48.85
TITAN,Titan Company Limited,0.61,0.64,32.93,5.27,0.57,0.58,0.59,-12.64,4515.7,4406.29,Pass (Up),42.06,1.05,-12.64,381.38,55.08
TMB,Tamilnad Mercantile Bank Limited,1.85,2.55,108.68,41.11,2.98,3.33,2.84,-18.96,872.05,712.87,Pass (Up),96.79,1.43,-7.47,29.79,57.73
TMCV,Tata Motors Limited,0.12,0.16,27.54,-0.1,0.06,0.07,0.09,-29.08,415.5,428.05,Fail (Down),63.91,1.84,-16.84,327.0,52.76
TMPV,Tata Motors Passenger Vehicles Limited,-1.84,-1.76,-60.78,-22.97,-2.07,-2.03,-1.97,-60.78,279.4,342.9,Fail (Down),-65.95,1.44,-60.78,301.04,35.45
TNPETRO,Tamilnadu PetroProducts Limited,1.81,2.34,16.13,28.57,2.34,2.6,2.34,-35.81,123.18,97.34,Pass (Up),31.31,0.93,-10.44,18.76,52.05
TNPL,Tamil Nadu Newsprint & Papers Limited,0.68,0.78,-4.55,7.25,0.7,0.75,0.73,-24.26,147.63,140.19,Pass (Up),5.71,0.65,-6.28,4.69,49.23
TNTELE,Tamilnadu Telecommunication Limited,1.15,1.6,5.19,24.18,1.78,2.01,1.72,-47.1,11.56,9.32,Pass (Up),28.88,0.87,-24.59,0.04,50.5
TOKYOPLAST,Tokyo Plast International Limited,-1.09,-1.03,-42.16,-17.76,-1.43,-1.4,-1.3,-54.37,71.01,86.66,Fail (Down),-33.97,1.18,-44.67,0.01,43.84
TOLINS,Tolins Tyres Limited,-2.22,-2.04,-52.21,-24.33,-2.33,-2.24,-2.23,-56.1,84.59,107.53,Fail (Down),-50.72,1.69,-56.02,0.39,41.5
TORNTPHARM,Torrent Pharmaceuticals Limited,0.86,0.9,34.83,13.07,1.08,1.1,1.02,-10.32,4767.3,4441.26,Pass (Up),36.04,0.31,-6.94,264.83,55.6
TORNTPOWER,Torrent Power Limited,-0.74,-0.77,3.63,-10.28,-0.89,-0.9,-0.85,-31.21,1242.9,1404.48,Fail (Down),16.89,0.88,-29.64,45.35,50.44
TOTAL,Total Transport Systems Limited,1.45,1.88,2.15,23.71,1.91,2.13,1.9,-44.56,70.24,60.54,Pass (Up),25.58,1.02,-16.91,0.14,50.21
TOUCHWOOD,Touchwood Entertainment Limited,-1.87,-1.7,-44.42,-27.14,-2.29,-2.21,-2.1,-46.75,57.14,75.36,Fail (Down),-49.0,0.56,-46.75,0.01,42.51
TPHQ,Teamo Productions HQ Limited,0.21,0.28,-24.24,-5.73,-0.18,-0.14,-0.03,-52.94,0.5,0.54,Fail (Down),-3.31,0.73,-41.18,0.15,47.58
TPLPLASTEH,TPL Plastech Limited,-0.22,-0.09,-2.77,-2.57,-0.24,-0.17,-0.19,-30.35,68.89,67.63,Pass (Up),21.89,1.41,-19.43,1.23,49.71
TRACXN,Tracxn Technologies Limited,0.26,0.39,-36.64,-6.08,-0.17,-0.11,0.02,-52.98,31.71,32.64,Fail (Down),-26.75,1.17,-42.64,0.47,44.12
TRANSRAILL,Transrail Lighting Limited,-0.39,-0.51,-34.87,-11.68,-0.78,-0.84,-0.69,-46.14,474.9,503.42,Fail (Down),-21.07,1.5,-36.83,48.36,44.79
TRANSWORLD,TRANSWORLD SHIPPING LINES LIMITED,0.04,0.07,-37.22,-3.06,-0.13,-0.12,-0.07,-54.57,159.0,163.74,Fail (Down),-20.46,1.33,-37.22,0.12,45.1
TRAVELFOOD,Travel Food Services Limited,-0.49,-0.58,-9.6,-5.93,-0.54,-0.59,-0.56,-24.85,1208.1,1226.8,Fail (Down),-0.28,0.6,-14.76,9.1,48.44
TREEHOUSE,Tree House Education & Accessories Limited,-1.51,-1.59,-25.16,-22.21,-1.87,-1.91,-1.77,-43.82,5.68,7.29,Fail (Down),-11.43,0.69,-43.82,0.01,47.75
TREJHARA,TREJHARA SOLUTIONS LIMITED,-0.42,-0.49,-26.92,-15.0,-0.96,-0.99,-0.8,-52.63,131.66,166.73,Fail (Down),-10.12,1.06,-52.33,0.46,47.57
TREL,Transindia Real Estate Limited,0.46,0.47,-11.83,3.53,0.41,0.41,0.43,-27.27,27.29,25.92,Pass (Up),4.44,0.8,-11.83,0.39,48.46
TRENT,Trent Limited,-1.37,-1.18,-46.53,-12.05,-1.29,-1.19,-1.25,-54.53,2580.0,2845.75,Fail (Down),-39.38,1.26,-46.53,296.01,40.51
TRF,TRF Limited,-1.79,-1.62,-44.65,-26.41,-2.21,-2.13,-2.01,-49.47,192.33,248.35,Fail (Down),-40.61,1.29,-49.47,0.55,43.21
TRIDENT,Trident Limited,-2.3,-2.15,-20.1,-14.05,-1.85,-1.77,-1.95,-24.63,22.16,24.85,Fail (Down),-7.37,1.18,-22.72,9.81,46.35
TRIGYN,Trigyn Technologies Limited,0.19,0.19,-38.64,-5.14,-0.16,-0.16,-0.04,-54.22,51.8,56.37,Fail (Down),-21.27,1.81,-38.64,0.28,44.58
TRITURBINE,Triveni Turbine Limited,-0.68,-0.54,2.03,-2.29,-0.45,-0.39,-0.48,-28.28,530.0,561.76,Fail (Down),18.56,1.0,-28.28,38.77,50.23
TRIVENI,Triveni Engineering & Industries Limited,-1.4,-1.13,-31.36,-43.04,-2.85,-2.72,-2.28,-53.58,230.92,354.05,Fail (Down),-8.03,1.13,-51.39,26.73,46.88
TRU,TruCap Finance Limited,-1.8,-1.97,-59.85,-32.16,-2.51,-2.59,-2.33,-62.77,4.22,5.86,Fail (Down),-78.52,0.39,-60.82,0.05,41.7
TRUALT,TruAlt Bioenergy Limited,0.15,0.17,-13.04,1.24,0.14,0.15,0.15,-38.49,444.3,433.63,Pass (Up),1.95,0.7,-16.48,14.27,48.43
TSFINV,TSF INVESTMENTS LIMITED,-0.29,-0.2,-32.04,-6.27,-0.46,-0.41,-0.37,-50.37,409.15,415.15,Fail (Down),-18.03,1.42,-39.27,3.83,45.27
TTKHLTCARE,TTK Healthcare Limited,0.9,1.21,-11.7,10.4,0.97,1.12,1.05,-37.98,1013.0,957.64,Pass (Up),-1.57,0.7,-14.95,4.18,47.9
TTKPRESTIG,TTK Prestige Limited,-0.85,-0.93,-19.65,-11.22,-0.99,-1.03,-0.97,-40.14,506.4,555.49,Fail (Down),-11.96,0.39,-28.53,19.39,47.21
TTL,T T Limited,0.58,0.84,-24.52,0.41,0.31,0.44,0.49,-44.81,7.85,7.7,Pass (Up),-15.54,0.51,-24.52,0.19,46.2
TTML,Tata Teleservices (Maharashtra) Limited,-1.46,-1.75,-36.85,-20.57,-1.76,-1.9,-1.75,-46.56,34.82,41.6,Fail (Down),-25.6,1.36,-40.66,15.24,44.52
TVSELECT,TVS Electronics Limited,-0.85,-0.92,-36.54,-12.78,-1.07,-1.1,-1.02,-49.1,397.4,440.1,Fail (Down),-20.58,1.42,-40.75,4.72,45.59
TVSHLTD,TVS Holdings Limited,-1.73,-1.77,-6.43,-14.23,-1.58,-1.6,-1.64,-24.02,11886.0,13976.11,Fail (Down),6.25,0.93,-24.02,11.62,49.15
TVSMOTOR,TVS Motor Company Limited,1.09,1.26,16.69,8.55,0.97,1.06,1.07,-16.67,4021.0,3757.45,Pass (Up),31.2,1.22,-9.97,411.63,52.5
TVSSCS,TVS Supply Chain Solutions Limited,0.29,0.34,1.66,8.0,0.54,0.57,0.48,-30.63,128.42,119.26,Pass (Up),22.0,1.27,-9.35,19.07,50.19
TVSSRICHAK,TVS Srichakra Limited,0.7,0.94,18.38,9.89,0.84,0.96,0.87,-32.21,4349.3,4096.22,Pass (Up),36.78,1.19,-20.71,16.02,51.8
TVTODAY,TV Today Network Limited,-1.83,-1.86,-31.96,-18.44,-1.84,-1.85,-1.84,-36.46,101.65,117.33,Fail (Down),-26.92,0.84,-32.63,0.38,43.94
TVVISION,TV Vision Limited,-3.5,-3.21,-61.54,-55.01,-4.5,-4.36,-4.07,-78.78,2.55,5.41,Fail (Down),-71.88,0.98,-78.44,0.02,44.69
UBL,United Breweries Limited,-1.88,-1.9,-33.44,-19.09,-1.89,-1.9,-1.9,-36.62,1188.8,1428.44,Fail (Down),-34.67,0.46,-34.94,17.49,42.12
UCAL,UCAL LIMITED,1.6,2.08,1.56,30.31,2.31,2.55,2.23,-41.64,140.4,113.62,Pass (Up),20.35,0.91,-10.42,0.43,50.2
UCOBANK,UCO Bank,-1.61,-1.55,-23.86,-15.38,-1.57,-1.55,-1.57,-33.14,22.93,26.33,Fail (Down),-10.85,1.39,-30.58,10.6,45.81
UDS,Updater Services Limited,1.14,1.21,-16.7,16.68,1.4,1.44,1.34,-50.75,208.55,178.36,Pass (Up),4.02,1.34,-19.03,7.3,47.71
UEL,Ujaas Energy Limited,1.42,2.06,89.29,41.97,2.81,3.13,2.56,-43.1,183.67,159.28,Pass (Up),93.93,0.91,-32.75,0.52,53.88
UFBL,United Foodbrands Limited,1.83,2.51,195.9,128.91,7.36,7.7,5.75,-26.12,692.75,452.22,Pass (Up),147.35,1.24,-17.33,7.07,58.11
UFLEX,UFLEX Limited,2.39,4.98,18.85,51.86,3.79,5.08,4.18,-40.92,649.85,477.15,Pass (Up),36.31,1.07,-7.4,32.63,52.85
UFO,UFO Moviez India Limited,-2.14,-2.18,-24.09,-22.13,-2.17,-2.2,-2.18,-36.6,56.49,70.88,Fail (Down),-10.88,1.17,-34.94,0.23,46.72
UGARSUGAR,The Ugar Sugar Works Limited,1.6,2.12,31.93,38.28,2.71,2.98,2.52,-22.17,56.04,42.63,Pass (Up),42.94,0.51,-12.48,5.85,53.36
UGROCAP,Ugro Capital Limited,-1.81,-1.89,-55.02,-24.77,-2.14,-2.18,-2.06,-57.73,82.35,110.18,Fail (Down),-57.6,1.63,-56.65,2.77,40.12
UJJIVANSFB,Ujjivan Small Finance Bank Limited,1.05,1.18,36.01,13.41,1.2,1.26,1.19,-22.84,65.6,60.47,Pass (Up),54.49,1.6,-9.48,124.0,53.2
ULTRACEMCO,UltraTech Cement Limited,-0.57,-0.53,-9.64,-6.81,-0.62,-0.61,-0.59,-20.61,10710.0,11522.92,Fail (Down),4.73,1.29,-16.27,307.96,48.14
UMAEXPORTS,Uma Exports Limited,-0.12,-0.12,-51.36,-12.74,-0.69,-0.69,-0.5,-63.64,22.05,26.19,Fail (Down),-46.0,1.54,-56.73,0.07,42.3
UMESLTD,Usha Martin Education & Solutions Limited,-0.91,-0.85,-20.52,-22.16,-1.56,-1.53,-1.32,-40.96,4.57,5.34,Fail (Down),-9.16,-0.14,-33.86,0.02,48.11
UMIYA-MRO,UMIYA BUILDCON LIMITED,0.66,0.82,-9.35,7.06,0.68,0.76,0.73,-34.23,91.76,87.51,Pass (Up),8.23,0.76,-14.15,0.19,48.84
UNICHEMLAB,Unichem Laboratories Limited,1.27,1.86,10.91,28.9,2.08,2.38,2.01,-42.3,535.05,433.21,Pass (Up),30.28,0.75,-17.76,28.72,51.15
UNIDT,United Drilling Tools Limited,1.01,1.28,21.55,14.66,1.24,1.37,1.25,-30.06,239.65,207.69,Pass (Up),34.68,0.58,-7.74,0.76,52.38
UNIECOM,Unicommerce Esolutions Limited,-0.67,-0.88,-43.11,-16.61,-1.16,-1.27,-1.07,-45.55,82.58,94.59,Fail (Down),-36.97,1.22,-43.14,4.76,43.07
UNIENTER,Uniphos Enterprises Limited,-2.13,-2.16,-39.7,-20.09,-2.07,-2.08,-2.1,-42.61,87.02,105.2,Fail (Down),-36.77,1.03,-42.54,0.1,42.89
UNIINFO,Uniinfo Telecom Services Limited,-0.54,-0.51,-39.62,-12.8,-0.91,-0.9,-0.78,-44.57,10.85,12.8,Fail (Down),-33.93,0.71,-39.62,0.0,44.63
UNIMECH,Unimech Aerospace and Manufacturing Limited,3.09,4.63,70.19,87.85,5.94,6.71,5.5,-32.71,1773.0,1100.28,Pass (Up),77.65,1.19,0.0,37.49,56.06
UNIONBANK,Union Bank of India,0.53,0.53,24.35,3.95,0.46,0.46,0.49,-21.45,167.59,171.2,Fail (Down),41.65,1.45,-14.7,215.33,52.62
UNIPARTS,Uniparts India Limited,2.47,3.27,110.85,55.52,4.01,4.41,3.76,-21.02,819.3,600.92,Pass (Up),97.23,1.24,-9.18,14.38,58.06
UNITDSPR,United Spirits Limited,-0.17,-0.16,0.35,-0.69,-0.12,-0.11,-0.13,-16.11,1335.1,1364.68,Fail (Down),11.26,0.84,-14.2,120.18,50.06
UNITECH,Unitech Limited,-1.09,-1.39,-45.42,-23.59,-1.72,-1.87,-1.61,-58.2,3.93,4.69,Fail (Down),-31.48,1.69,-48.02,1.85,43.86
UNITEDPOLY,United Polyfab Gujarat Limited,3.12,3.72,0.09,63.34,4.73,5.03,4.39,-54.65,47.05,31.37,Pass (Up),22.06,0.91,-0.88,0.59,50.01
UNITEDTEA,The United Nilgiri Tea Estates Company Limited,-1.79,-1.82,-8.81,-13.55,-1.57,-1.59,-1.66,-25.98,416.95,484.73,Fail (Down),-1.84,0.52,-25.98,0.13,48.28
UNIVAFOODS,Univa Foods Limited,0.54,0.13,-26.68,-2.91,0.12,-0.08,0.12,-45.29,9.48,9.64,Fail (Down),-29.46,-0.01,-33.43,0.0,34.07
UNIVASTU,Univastu India Limited,2.81,3.09,71.11,75.05,5.16,5.3,4.47,-32.08,134.25,92.6,Pass (Up),73.3,0.82,-24.11,1.96,55.41
UNIVCABLES,Universal Cables Limited,1.94,2.73,101.13,60.49,4.0,4.39,3.57,-40.21,1451.3,1060.07,Pass (Up),106.93,1.91,-16.83,25.22,55.66
UNIVPHOTO,Universus Photo Imagings Limited,2.14,2.78,90.37,57.87,3.96,4.28,3.57,-36.58,490.0,391.53,Pass (Up),81.28,0.11,-20.2,0.11,55.33
UNOMINDA,UNO Minda Limited,0.02,0.03,-15.92,-4.76,-0.23,-0.22,-0.14,-25.79,1111.0,1163.14,Fail (Down),0.76,1.35,-18.5,89.27,47.68
UPL,UPL Limited,-1.44,-1.36,-21.11,-19.95,-1.72,-1.68,-1.6,-35.21,516.8,636.44,Fail (Down),-6.64,1.28,-35.21,121.84,46.78
URAVIDEF,Uravi Defence and Technology Limited,-2.02,-2.26,-56.21,-29.94,-2.51,-2.63,-2.43,-60.24,103.0,137.2,Fail (Down),-67.04,0.89,-60.04,0.1,41.67
URBANCO,Urban Company Limited,1.17,1.4,-8.08,15.55,1.36,1.48,1.37,-40.92,156.34,134.11,Pass (Up),12.0,1.11,-13.67,143.91,49.02
URJA,Urja Global Limited,-0.91,-1.37,-34.92,-16.35,-1.27,-1.5,-1.3,-39.91,8.61,9.92,Fail (Down),-24.45,1.25,-35.41,0.65,44.34
USHAMART,Usha Martin Limited,0.45,0.5,9.42,7.05,0.58,0.6,0.55,-19.57,491.7,461.11,Pass (Up),25.88,1.17,-8.1,36.84,51.16
USK,Udayshivakumar Infra Limited,-1.63,-1.67,-41.0,-19.65,-1.8,-1.82,-1.75,-41.0,18.39,22.66,Fail (Down),-37.92,0.73,-41.0,0.04,44.24
UTIAMC,UTI Asset Management Company Limited,-0.82,-0.88,-29.76,-10.68,-0.94,-0.97,-0.92,-35.38,883.7,944.7,Fail (Down),-21.66,1.09,-34.41,17.66,44.13
UTKARSHBNK,Utkarsh Small Finance Bank Limited,-0.23,-0.21,-38.31,-7.34,-0.48,-0.47,-0.39,-53.92,13.43,13.94,Fail (Down),-25.0,1.2,-39.45,12.95,44.69
UTLSOLAR,Fujiyama Power Systems Limited,1.99,2.16,92.69,56.82,3.84,3.92,3.28,-22.3,401.65,297.73,Pass (Up),100.6,0.71,-17.01,16.66,56.77
UTTAMSUGAR,Uttam Sugar Mills Limited,0.87,1.11,10.06,13.82,1.13,1.25,1.12,-30.22,276.1,240.99,Pass (Up),26.06,0.68,-17.15,9.81,51.05
UYFINCORP,U. Y. Fincorp Limited,3.01,3.87,50.39,59.75,4.49,4.92,4.29,-29.56,22.86,15.62,Pass (Up),56.62,0.8,0.0,0.69,55.8
V2RETAIL,V2 Retail Limited,-1.02,-1.04,-7.13,-8.64,-0.94,-0.95,-0.97,-27.45,201.39,214.4,Fail (Down),8.18,0.92,-21.45,20.05,49.2
VADILALIND,Vadilal Industries Limited,1.83,2.44,33.14,37.09,2.77,3.07,2.66,-27.6,7187.0,5594.84,Pass (Up),46.73,1.11,-8.5,17.86,54.12
VAIBHAVGBL,Vaibhav Global Limited,-0.48,-0.48,-8.11,-5.89,-0.54,-0.53,-0.52,-36.89,203.53,225.02,Fail (Down),15.52,1.63,-25.82,10.8,49.16
VAISHALI,Vaishali Pharma Limited,1.12,1.33,-26.75,13.79,1.25,1.35,1.28,-57.34,8.38,7.68,Pass (Up),-9.38,1.1,-26.75,0.12,45.99
VAKRANGEE,Vakrangee Limited,-2.26,-2.43,-37.02,-22.11,-2.24,-2.32,-2.3,-48.8,5.12,6.39,Fail (Down),-25.33,1.55,-43.98,0.61,43.92
VALIANTLAB,Valiant Laboratories Limited,3.69,4.45,50.08,92.69,6.48,6.86,5.8,-42.39,125.08,73.57,Pass (Up),62.08,0.75,-2.21,1.16,54.7
VALIANTORG,Valiant Organics Limited,3.16,4.66,42.86,78.08,5.48,6.24,5.21,-41.52,477.15,281.37,Pass (Up),61.02,0.98,0.0,2.38,54.25
VARDHACRLC,Vardhman Acrylics Limited,0.99,1.4,3.7,15.84,1.28,1.49,1.32,-38.68,44.34,39.16,Pass (Up),17.04,0.62,-2.06,0.15,50.51
VARDMNPOLY,Vardhman Polytex Limited,-1.21,-1.23,-32.78,-17.31,-1.47,-1.48,-1.39,-40.2,5.7,6.64,Fail (Down),-16.16,1.14,-36.17,0.13,46.31
VARROC,Varroc Engineering Limited,2.35,3.0,36.41,44.95,3.42,3.75,3.28,-30.23,830.6,627.94,Pass (Up),49.79,1.22,-6.08,45.05,54.25
VASCONEQ,Vascon Engineers Limited,-0.23,-0.25,-51.72,-13.31,-0.78,-0.79,-0.6,-62.04,32.58,36.07,Fail (Down),-45.93,1.72,-54.29,1.56,42.61
VASWANI,Vaswani Industries Limited,-1.56,-1.42,-16.29,-20.58,-1.81,-1.74,-1.68,-34.64,44.36,54.32,Fail (Down),4.33,1.17,-34.64,0.14,48.46
VBL,Varun Beverages Limited,-0.76,-0.62,-3.67,-7.61,-0.76,-0.69,-0.71,-26.31,425.3,464.61,Fail (Down),11.06,1.1,-21.74,282.39,49.48
VCL,Vaxtex Cotfab Limited,0.3,0.3,37.0,-1.95,0.05,0.05,0.14,-61.42,1.37,1.65,Fail (Down),57.82,0.81,-46.06,0.13,51.46
VEDL,Vedanta Limited,-1.07,-0.97,-44.87,-39.04,-2.49,-2.44,-1.98,-67.99,252.05,458.31,Fail (Down),-1.89,1.23,-67.99,292.07,45.91
VEEDOL,Veedol Corporation Limited,-0.54,-0.54,-21.59,-7.72,-0.65,-0.66,-0.62,-33.98,1356.6,1425.64,Fail (Down),-13.77,0.9,-27.02,1.72,45.43
VENKEYS,Venky's (India) Limited,1.14,1.5,8.49,10.69,1.1,1.28,1.23,-27.36,1613.0,1484.66,Pass (Up),26.28,1.09,-9.75,14.34,51.07
VENTIVE,Ventive Hospitality Limited,-1.47,-1.56,-23.57,-13.75,-1.42,-1.47,-1.47,-29.55,552.2,649.28,Fail (Down),-15.47,0.9,-29.13,1.51,45.69
VENUSPIPES,Venus Pipes & Tubes Limited,2.32,3.15,69.12,65.64,4.44,4.86,4.01,-32.87,2204.9,1412.7,Pass (Up),77.65,1.44,-3.42,36.32,56.6
VENUSREM,Venus Remedies Limited,1.94,2.24,298.34,90.89,5.51,5.66,4.42,-21.83,1796.7,1212.43,Pass (Up),165.57,0.93,-7.13,6.94,59.0
VERANDA,Veranda Learning Solutions Limited,0.09,0.3,-5.22,6.72,0.38,0.49,0.36,-49.8,213.8,209.69,Pass (Up),20.25,1.25,-18.53,14.53,49.51
VERTOZ,Vertoz Limited,-0.65,-0.68,-51.81,-19.61,-1.3,-1.32,-1.1,-62.49,35.66,46.26,Fail (Down),-50.12,1.34,-52.43,0.16,42.23
VESUVIUS,Vesuvius India Limited,-1.14,-1.23,-20.24,-13.97,-1.27,-1.31,-1.26,-30.55,404.1,465.37,Fail (Down),-9.03,0.94,-27.18,10.38,47.0
VETO,Veto Switchgears And Cables Limited,1.32,1.71,18.45,21.43,1.73,1.93,1.73,-32.89,136.79,115.16,Pass (Up),35.28,1.19,-9.0,0.7,52.3
VGL,VARVEE GLOBAL LIMITED,0.1,0.12,-25.03,-7.75,-0.34,-0.33,-0.19,-44.16,63.11,63.91,Fail (Down),-2.05,1.22,-25.03,0.65,47.41
VGUARD,V-Guard Industries Limited,-0.48,-0.55,-20.03,-6.91,-0.59,-0.62,-0.57,-23.98,294.55,318.03,Fail (Down),-13.0,0.7,-22.64,39.7,46.19
VHL,Vardhman Holdings Limited,-0.08,-0.06,-9.83,-1.3,-0.11,-0.1,-0.09,-29.69,3435.3,3415.24,Pass (Up),3.92,0.97,-18.75,0.25,48.33
VHLTD,Viceroy Hotels Limited,-0.28,-0.26,7.1,-4.31,-0.35,-0.35,-0.32,-23.12,127.7,134.56,Fail (Down),14.13,0.23,-14.81,0.49,50.86
VIDHIING,Vidhi Specialty Food Ingredients Limited,1.2,1.32,-0.74,13.74,1.29,1.35,1.3,-29.73,350.25,313.29,Pass (Up),11.5,0.55,-6.5,1.68,49.91
VIDYAWIRES,Vidya Wires Limited,0.89,1.08,71.09,40.32,2.46,2.56,2.0,-25.64,90.97,75.84,Pass (Up),97.85,1.09,-20.2,8.45,55.22
VIJAYA,Vijaya Diagnostic Centre Limited,1.51,1.79,42.47,28.95,2.2,2.34,2.06,-20.24,1428.0,1199.96,Pass (Up),46.99,0.57,-9.09,26.38,54.83
VIJIFIN,Viji Finance Limited,9.26,7.78,351.19,290.38,19.15,18.41,15.36,-44.01,15.16,6.18,Pass (Up),168.86,0.11,-10.35,0.35,68.1
VIKASECO,Vikas EcoTech Limited,-2.26,-1.96,-48.47,-27.02,-2.48,-2.33,-2.31,-50.99,1.01,1.31,Fail (Down),-44.34,1.49,-50.0,0.21,41.96
VIKASLIFE,Vikas Lifecare Limited,-1.73,-1.87,-45.45,-25.9,-2.16,-2.23,-2.06,-51.82,1.2,1.47,Fail (Down),-42.07,1.29,-45.45,0.28,41.29
VIKRAMSOLR,Vikram Solar Limited,-1.14,-1.34,-53.49,-24.66,-1.8,-1.9,-1.65,-55.69,154.35,197.04,Fail (Down),-56.7,1.19,-55.69,63.86,41.69
VIKRAN,Vikran Engineering Limited,-1.21,-1.22,-39.25,-25.68,-1.89,-1.9,-1.67,-53.89,58.27,72.09,Fail (Down),-20.62,1.86,-48.07,13.42,45.75
VIMTALABS,Vimta Labs Limited,0.75,0.93,-17.99,9.35,0.84,0.93,0.87,-49.12,584.35,531.08,Pass (Up),2.11,1.33,-21.61,23.53,47.61
VINATIORGA,Vinati Organics Limited,-1.26,-1.29,-29.71,-13.44,-1.3,-1.31,-1.3,-32.03,1208.1,1368.55,Fail (Down),-25.42,0.83,-29.71,7.26,43.35
VINCOFE,Vintage Coffee And Beverages Limited,1.31,1.51,22.29,17.11,1.51,1.61,1.51,-29.82,178.95,151.0,Pass (Up),39.03,1.08,-3.59,43.45,52.24
VINDHYATEL,Vindhya Telelinks Limited,2.12,3.22,85.66,78.38,4.98,5.53,4.39,-39.64,2617.0,1746.97,Pass (Up),94.82,1.46,-10.27,19.67,55.82
VINEETLAB,Vineet Laboratories Limited,0.69,0.73,-14.93,5.05,0.6,0.62,0.64,-39.4,35.91,34.75,Pass (Up),0.29,0.56,-24.98,0.34,48.46
VINNY,Vinny Overseas Limited,-2.2,-1.88,-28.57,-20.68,-2.13,-1.97,-2.05,-36.88,0.9,1.11,Fail (Down),-17.18,0.83,-36.17,0.03,46.25
VINYLINDIA,Vinyl Chemicals (India) Limited,-1.15,-1.09,-22.67,-6.64,-0.91,-0.88,-0.97,-43.76,214.23,232.3,Fail (Down),-4.89,1.42,-25.16,0.21,46.53
VIPCLOTHNG,VIP Clothing Limited,-1.36,-1.35,-40.82,-23.41,-1.85,-1.84,-1.68,-58.92,20.11,23.55,Fail (Down),-33.0,0.93,-44.14,0.12,44.39
VIPIND,VIP Industries Limited,-0.77,-0.81,-32.51,-15.69,-1.17,-1.19,-1.05,-36.1,280.75,326.14,Fail (Down),-23.07,1.08,-36.1,8.53,45.26
VIPULLTD,Vipul Limited,-0.72,-0.72,8.84,-13.33,-1.03,-1.03,-0.92,-41.83,10.59,11.76,Fail (Down),29.6,0.27,-40.54,0.57,50.53
VIRINCHI,Virinchi Limited,-1.92,-2.03,-52.72,-26.36,-2.28,-2.34,-2.2,-53.42,13.29,17.55,Fail (Down),-56.45,1.32,-53.42,0.09,41.34
VISACHROME,VISA Chrome Limited,-0.36,-0.37,-16.72,-11.24,-0.74,-0.75,-0.62,-60.39,35.91,40.23,Fail (Down),2.03,0.66,-48.83,0.53,48.88
VISAKAIND,Visaka Industries Limited,0.98,1.33,9.31,18.2,1.4,1.57,1.38,-40.46,83.58,72.81,Pass (Up),27.09,1.11,-18.44,5.42,51.1
VISHNU,Vishnu Chemicals Limited,1.16,1.33,37.85,18.5,1.5,1.59,1.45,-15.01,658.25,580.84,Pass (Up),44.68,0.7,-10.02,8.84,54.24
VISHWARAJ,Vishwaraj Sugar Industries Limited,-0.16,-0.2,-35.81,-10.01,-0.58,-0.6,-0.46,-49.7,5.18,5.73,Fail (Down),-26.79,0.99,-37.67,0.33,44.59
VITAL,Vital Chemtech Limited,0.79,0.87,-10.15,2.73,0.53,0.57,0.64,-45.95,53.46,53.11,Pass (Up),4.78,0.57,-19.18,0.04,49.01
VIVIANA,Viviana Power Tech Limited,0.22,0.33,-53.77,-3.08,-0.05,0.01,0.08,-67.19,774.5,750.58,Pass (Up),-37.93,1.27,-55.93,1.63,42.77
VIVIDHA,Visagar Polytex Limited,-0.48,-0.45,-37.5,-13.36,-0.91,-0.89,-0.75,-46.25,0.5,0.55,Fail (Down),-26.05,1.18,-37.5,0.01,44.57
VIVIMEDLAB,Vivimed Labs Limited,-0.41,0.08,15.35,-13.71,-0.89,-0.64,-0.56,-81.65,5.71,7.36,Fail (Down),309.23,0.68,-78.53,0.04,50.55
VIYASH,Viyash Scientific Limited,-0.41,-0.35,18.91,0.76,-0.17,-0.14,-0.23,-28.62,231.75,232.77,Fail (Down),40.16,1.37,-21.21,116.5,51.59
VLEGOV,VL E-Governance & IT Solutions Limited,-1.03,-1.21,-64.17,-27.66,-1.9,-1.99,-1.67,-70.37,9.6,13.38,Fail (Down),-76.83,0.89,-66.96,0.09,42.33
VLSFINANCE,VLS Finance Limited,-0.73,-0.83,6.01,-5.39,-0.63,-0.68,-0.7,-37.68,230.87,249.45,Fail (Down),21.79,0.85,-30.33,0.3,50.7
VMART,V-Mart Retail Limited,0.21,0.27,2.81,5.64,0.39,0.42,0.35,-45.86,746.1,687.85,Pass (Up),20.39,0.98,-15.23,9.36,50.34
VMM,Vishal Mega Mart Limited,-1.35,-1.69,-33.11,-19.14,-1.63,-1.8,-1.65,-33.94,99.5,116.56,Fail (Down),-26.97,0.98,-33.94,135.59,44.23
VMSTMT,VMS TMT Limited,0.01,0.04,-43.57,-4.03,-0.2,-0.18,-0.12,-58.26,46.65,46.82,Fail (Down),-38.43,1.21,-43.57,0.3,42.31
VOLTAMP,Voltamp Transformers Limited,1.03,1.05,46.72,19.5,1.49,1.5,1.34,-27.71,10426.0,9269.22,Pass (Up),56.52,0.93,-15.82,41.21,54.06
VOLTAS,Voltas Limited,-1.53,-1.37,-21.94,-19.65,-1.75,-1.67,-1.62,-32.33,1053.2,1328.61,Fail (Down),-9.11,1.18,-32.33,98.08,47.08
VPRPL,Vishnu Prakash R Punglia Limited,-0.28,-0.33,-70.62,-23.06,-1.29,-1.32,-0.97,-74.43,28.39,38.53,Fail (Down),-89.04,1.69,-71.18,2.12,39.99
VRAJ,Vraj Iron and Steel Limited,0.53,0.73,-17.97,1.16,0.32,0.42,0.46,-38.05,121.76,124.14,Fail (Down),-5.53,0.87,-20.32,0.56,47.21
VRLLOG,VRL Logistics Limited,1.5,2.42,5.85,16.49,1.57,2.04,1.86,-23.34,285.05,261.69,Pass (Up),16.84,0.74,-6.62,10.25,50.95
VSSL,Vardhman Special Steels Limited,2.69,4.2,30.84,47.81,3.74,4.49,3.89,-33.83,383.3,287.36,Pass (Up),44.34,1.08,-7.33,12.31,53.98
VSTIND,VST Industries Limited,-2.46,-2.29,-19.12,-14.89,-1.97,-1.89,-2.08,-23.8,201.14,228.49,Fail (Down),-12.0,0.73,-21.5,5.09,45.68
VSTL,Vibhor Steel Tubes Limited,-0.45,-0.44,-29.01,-8.76,-0.66,-0.66,-0.59,-34.76,108.85,117.85,Fail (Down),-23.21,0.69,-30.54,0.13,44.74
VSTTILLERS,V.S.T Tillers Tractors Limited,-0.82,-0.92,-16.96,-14.01,-1.11,-1.16,-1.05,-35.79,4339.8,4950.98,Fail (Down),-4.79,1.02,-30.27,4.31,47.51
VTL,Vardhman Textiles Limited,-0.77,-0.69,30.35,-0.35,-0.4,-0.36,-0.5,-19.89,529.25,554.08,Fail (Down),37.99,0.58,-19.89,42.67,53.17
WAAREEENER,Waaree Energies Limited,-2.13,-2.07,-29.68,-21.18,-2.12,-2.1,-2.11,-35.4,2340.0,2881.65,Fail (Down),-21.38,0.88,-35.4,173.67,45.42
WAAREEINDO,Indosolar Limited,-3.89,-3.84,-63.58,-52.64,-4.58,-4.55,-4.33,-71.42,203.39,380.27,Fail (Down),-81.9,0.94,-71.42,2.96,43.17
WAAREERTL,Waaree Renewable Technologies Limited,-1.66,-1.6,-22.74,-16.55,-1.66,-1.63,-1.64,-41.2,808.8,924.67,Fail (Down),-6.1,1.38,-39.21,13.38,47.13
WABAG,VA Tech Wabag Limited,1.09,1.21,40.39,26.89,1.89,1.95,1.66,-26.9,2004.9,1598.66,Pass (Up),56.12,1.31,-11.98,143.5,53.73
WAKEFIT,Wakefit Innovations Limited,0.39,0.6,-27.26,-5.73,-0.09,0.01,0.14,-47.62,139.88,151.39,Fail (Down),-12.5,0.92,-35.18,45.21,45.88
WALCHANNAG,Walchandnagar Industries Limited,-0.26,-0.31,0.49,-1.09,-0.18,-0.21,-0.23,-37.16,196.08,208.87,Fail (Down),31.84,1.54,-37.16,17.56,50.04
WANBURY,Wanbury Limited,-1.13,-1.26,-20.63,-19.81,-1.56,-1.62,-1.46,-42.57,197.99,254.91,Fail (Down),3.62,1.34,-42.57,13.64,48.26
WCIL,Western Carriers (India) Limited,-0.23,-0.26,-27.32,-8.81,-0.56,-0.57,-0.46,-42.84,93.01,100.23,Fail (Down),-13.73,1.28,-31.73,0.93,45.99
WEALTH,Wealth First Portfolio Managers Limited,-0.54,-0.51,-24.3,-5.95,-0.57,-0.55,-0.55,-33.55,889.95,909.58,Fail (Down),-13.43,0.79,-25.65,0.28,46.42
WEBELSOLAR,Websol Energy System Limited,-1.84,-1.91,-43.56,-25.58,-2.2,-2.23,-2.1,-61.64,68.7,86.65,Fail (Down),-28.31,1.34,-49.05,16.46,45.65
WEIZMANIND,Weizmann Limited,-1.24,-1.23,-34.1,-16.1,-1.43,-1.42,-1.36,-39.99,71.45,81.75,Fail (Down),-23.97,1.33,-35.12,0.01,44.25
WEL,Wonder Electricals Limited,-0.81,-0.68,-44.25,-29.66,-1.89,-1.82,-1.49,-61.48,71.7,114.73,Fail (Down),-31.82,0.87,-60.08,42.08,45.84
WELCORP,Welspun Corp Limited,4.01,4.45,205.66,146.75,9.34,9.56,7.71,-25.25,2605.8,1375.45,Pass (Up),134.99,1.15,-8.31,452.51,62.66
WELENT,Welspun Enterprises Limited,1.98,2.36,42.64,39.05,2.94,3.13,2.75,-27.1,724.45,551.25,Pass (Up),53.4,1.05,-12.01,43.11,54.62
WELINV,Welspun Investments and Commercials Limited,3.13,3.81,138.38,73.84,5.26,5.6,4.78,-18.58,2478.0,1648.49,Pass (Up),110.47,0.77,-0.88,0.5,58.53
WELSPUNLIV,Welspun Living Limited,3.37,3.85,104.79,71.04,5.23,5.48,4.77,-27.21,239.17,149.87,Pass (Up),95.8,1.26,0.0,107.67,58.71
WENDT,Wendt (India) Limited,0.58,0.84,-8.23,9.3,0.76,0.88,0.78,-34.96,8116.0,7441.79,Pass (Up),8.37,1.15,-10.79,8.98,48.74
WESTLIFE,WESTLIFE FOODWORLD LIMITED,1.13,1.57,-13.76,15.3,1.33,1.55,1.41,-39.06,588.05,503.11,Pass (Up),-2.63,0.49,-13.97,16.56,47.96
WEWIN,WE WIN LIMITED,0.67,0.89,7.05,9.42,0.81,0.92,0.84,-50.05,51.65,47.69,Pass (Up),38.83,1.0,-30.27,0.01,50.48
WEWORK,WeWork India Management Limited,0.24,0.57,4.92,11.82,0.71,0.88,0.67,-34.15,659.6,603.25,Pass (Up),21.84,0.83,-12.68,23.03,50.69
WHEELS,Wheels India Limited,2.81,3.96,158.77,104.54,6.63,7.21,5.74,-25.64,2241.3,1295.36,Pass (Up),118.55,0.86,-6.64,74.02,59.73
WHIRLPOOL,Whirlpool of India Limited,0.44,0.89,-26.07,0.53,0.25,0.47,0.46,-49.19,861.65,834.18,Pass (Up),-11.63,1.09,-39.0,109.74,46.11
WILLAMAGOR,Williamson Magor & Company Limited,-1.34,-1.26,-35.81,-22.83,-1.81,-1.77,-1.63,-40.29,21.19,26.72,Fail (Down),-27.45,0.91,-40.29,0.01,45.48
WINDLAS,Windlas Biotech Limited,1.91,2.84,15.93,32.33,2.57,3.04,2.66,-26.37,1082.4,852.38,Pass (Up),27.81,0.67,-6.27,14.82,52.23
WINDMACHIN,Windsor Machines Limited,0.08,0.12,-2.27,4.4,0.26,0.28,0.21,-33.45,293.15,280.81,Pass (Up),14.44,0.88,-10.75,4.2,49.73
WIPL,The Western India Plywoods Limited,-0.1,-0.08,0.9,2.71,0.08,0.09,0.03,-18.62,161.0,156.26,Pass (Up),9.28,0.31,-8.51,0.04,50.12
WIPRO,Wipro Limited,-1.71,-1.56,-31.42,-19.82,-1.85,-1.77,-1.75,-40.34,159.35,197.72,Fail (Down),-28.84,0.68,-39.37,247.38,43.79
WOCKPHARMA,Wockhardt Limited,1.4,1.77,39.6,34.79,2.44,2.62,2.22,-27.23,2083.9,1661.9,Pass (Up),55.55,0.99,-10.55,181.5,53.58
WONDERLA,Wonderla Holidays Limited,-0.09,-0.09,-15.5,-3.88,-0.24,-0.24,-0.19,-22.25,495.1,501.28,Fail (Down),-6.96,0.69,-16.26,5.57,47.07
WORTHPERI,Worth Peripherals Limited,0.74,0.95,-5.64,7.76,0.76,0.86,0.82,-29.01,143.74,138.26,Pass (Up),6.09,0.72,-11.86,0.28,49.15
WSI,W S Industries (I) Limited,-1.86,-1.98,-29.2,-27.66,-2.31,-2.37,-2.2,-42.58,53.2,69.91,Fail (Down),-19.77,0.81,-42.58,0.35,46.61
WSTCSTPAPR,West Coast Paper Mills Limited,2.79,4.09,50.99,54.25,4.11,4.76,4.1,-24.03,727.65,504.89,Pass (Up),57.69,0.9,-5.29,18.41,55.9
XCHANGING,Xchanging Solutions Limited,-0.21,-0.2,-28.12,-8.87,-0.55,-0.54,-0.43,-49.94,59.73,64.36,Fail (Down),-14.37,1.44,-35.47,0.62,45.02
XELPMOC,Xelpmoc Design And Tech Limited,0.4,0.75,-8.92,-2.17,0.09,0.27,0.31,-50.57,93.67,101.44,Fail (Down),14.84,0.88,-36.85,0.17,49.3
XPROINDIA,Xpro India Limited,-0.21,-0.14,0.55,-1.45,-0.18,-0.15,-0.17,-28.87,1136.2,1114.48,Pass (Up),21.45,0.86,-24.33,12.4,50.05
XTGLOBAL,Xtglobal Infotech Limited,-0.01,-0.02,-28.84,-5.97,-0.3,-0.31,-0.21,-37.2,28.69,30.7,Fail (Down),-5.51,1.46,-30.56,0.27,47.07
YASHO,Yasho Industries Limited,2.64,3.71,144.72,121.15,7.38,7.91,6.15,-33.31,4036.0,2388.68,Pass (Up),119.53,1.02,-17.9,22.75,58.27
YATHARTH,Yatharth Hospital & Trauma Care Services Limited,2.09,2.47,37.92,37.57,2.92,3.11,2.77,-33.79,1033.7,790.81,Pass (Up),48.89,0.87,-11.06,51.97,54.12
YATRA,Yatra Online Limited,-0.61,-0.67,-31.31,-18.39,-1.22,-1.25,-1.04,-52.76,98.83,119.98,Fail (Down),-4.57,1.7,-48.35,17.5,47.24
YESBANK,Yes Bank Limited,-0.62,-0.5,-4.64,-4.58,-0.54,-0.48,-0.53,-28.21,20.75,21.87,Fail (Down),10.42,1.16,-18.56,145.7,49.28
YUKEN,Yuken India Limited,2.8,4.24,16.79,49.78,3.89,4.61,4.01,-39.93,1141.4,791.89,Pass (Up),28.64,0.61,0.0,1.87,52.52
ZAGGLE,Zaggle Prepaid Ocean Services Limited,-1.0,-1.01,-49.51,-31.17,-2.06,-2.06,-1.71,-60.01,171.73,233.87,Fail (Down),-38.47,1.56,-57.21,46.38,44.42
ZEEL,Zee Entertainment Enterprises Limited,-0.96,-0.85,-35.52,-20.58,-1.51,-1.46,-1.29,-40.12,71.92,89.59,Fail (Down),-23.97,1.07,-36.38,248.55,45.78
ZEELEARN,Zee Learn Limited,-1.0,-0.95,-33.26,-8.87,-0.95,-0.92,-0.95,-54.98,6.3,6.79,Fail (Down),-18.21,1.01,-35.19,0.25,46.01
ZEEMEDIA,Zee Media Corporation Limited,-0.36,-0.54,-37.77,-13.48,-0.85,-0.94,-0.75,-42.52,7.2,8.22,Fail (Down),-25.31,1.13,-37.77,2.78,45.29
ZENITHEXPO,Zenith Exports Limited,0.28,0.3,-20.71,-0.89,0.09,0.11,0.16,-30.87,203.04,204.91,Fail (Down),-6.27,0.67,-21.57,0.01,47.76
ZENITHSTL,Zenith Steel Pipes & Industries Limited,-0.41,-0.41,-27.14,-10.01,-0.71,-0.7,-0.61,-53.44,5.1,5.8,Fail (Down),-13.47,0.8,-48.38,0.05,47.12
ZENSARTECH,Zensar Technologies Limited,-0.78,-0.98,-41.92,-19.1,-1.35,-1.45,-1.23,-47.18,434.35,530.73,Fail (Down),-38.92,0.98,-44.74,183.35,43.5
ZENTEC,Zen Technologies Limited,-0.31,-0.34,7.49,0.37,-0.14,-0.15,-0.21,-21.04,1576.1,1587.71,Fail (Down),22.93,0.91,-21.04,76.37,50.84
ZFCVINDIA,ZF Commercial Vehicle Control Systems India Limited,-0.38,-0.41,3.09,-6.06,-0.49,-0.51,-0.47,-17.42,2241.0,2449.57,Fail (Down),14.46,0.71,-16.42,32.18,50.41
ZIMLAB,Zim Laboratories Limited,2.06,2.85,91.24,63.0,4.18,4.58,3.74,-27.05,137.02,96.3,Pass (Up),86.59,0.77,-1.58,1.06,56.65
ZODIAC,Zodiac Energy Limited,-0.98,-1.22,-44.36,-20.18,-1.5,-1.62,-1.4,-47.45,216.91,267.69,Fail (Down),-36.53,1.32,-45.36,0.34,43.74
ZODIACLOTH,Zodiac Clothing Company Limited,-0.94,-1.01,-32.68,-13.32,-1.13,-1.17,-1.09,-40.76,66.71,77.12,Fail (Down),-20.33,1.29,-33.62,0.07,44.69
ZOTA,Zota Health Care LImited,-0.18,-0.22,-11.81,-7.17,-0.45,-0.47,-0.37,-39.06,1267.8,1270.71,Fail (Down),8.12,1.18,-24.78,11.22,48.67
ZUARI,Zuari Agro Chemicals Limited,-0.77,-0.77,-22.49,-13.62,-1.07,-1.07,-0.97,-46.3,212.88,237.48,Fail (Down),-1.97,1.59,-36.9,2.65,47.35
ZUARIIND,ZUARI INDUSTRIES LIMITED,0.68,0.81,-22.75,2.1,0.45,0.51,0.57,-41.75,281.85,265.13,Pass (Up),-7.39,1.25,-22.75,1.8,46.62
ZYDUSLIFE,Zydus Lifesciences Limited,1.05,1.2,15.7,14.95,1.27,1.35,1.25,-15.12,1145.7,1013.06,Pass (Up),23.82,0.64,-5.7,168.5,52.81
ZYDUSWELL,Zydus Wellness Limited,-0.49,-0.44,7.48,-3.19,-0.4,-0.38,-0.41,-24.38,493.25,487.63,Pass (Up),20.19,0.58,-18.13,23.55,50.82
